"subject","focal","position","pos_num","x","x_lab","y","y_mc","manip_ok","comp","inv_app","inv_dl","inv_cat","x_brand","x_pop","x_rep","x_other_brand","x_other_rep","x_other_pop"
6943,"brand","first",1,1,"high",5,0.032586558,1,0,0.004801097,0.640027322,0.019791667,1,1,0,NA,0,1
6943,"pop","second",2,1,"high",4,-0.525458248,1,1,0.004801097,0.640027322,0.019791667,1,1,0,1,0,NA
6943,"rep","third",3,0,"low",2,-2.046843177,1,1,0.004801097,0.640027322,0.019791667,1,1,0,1,NA,1
7945,"rep","first",1,1,"high",5,0.953156823,1,0,0.671467764,-0.026639344,-0.105208333,1,0,1,1,NA,0
7945,"brand","second",2,1,"high",4,-0.967413442,1,1,0.671467764,-0.026639344,-0.105208333,1,0,1,NA,1,0
7945,"pop","third",3,0,"low",2,-2.525458248,1,1,0.671467764,-0.026639344,-0.105208333,1,0,1,1,1,NA
7946,"brand","first",1,0,"low",6,1.032586558,1,0,-0.661865569,0.306693989,0.144791667,0,1,0,NA,0,1
7946,"rep","second",2,0,"low",3,-1.046843177,1,1,-0.661865569,0.306693989,0.144791667,0,1,0,0,NA,1
7946,"pop","third",3,1,"high",6,1.474541752,1,1,-0.661865569,0.306693989,0.144791667,0,1,0,0,0,NA
7947,"brand","first",1,1,"high",6,1.032586558,0,0,1.671467764,-1.359972678,0.394791667,1,1,0,NA,0,1
7947,"rep","second",2,0,"low",2,-2.046843177,0,1,1.671467764,-1.359972678,0.394791667,1,1,0,1,NA,1
7947,"pop","third",3,1,"high",7,2.474541752,1,1,1.671467764,-1.359972678,0.394791667,1,1,0,1,0,NA
7948,"pop","first",1,0,"low",4,-0.525458248,1,0,1.671467764,0.973360656,0.269791667,1,0,1,1,1,NA
7948,"rep","second",2,1,"high",2,-2.046843177,1,1,1.671467764,0.973360656,0.269791667,1,0,1,1,NA,0
7948,"brand","third",3,1,"high",4,-0.967413442,1,1,1.671467764,0.973360656,0.269791667,1,0,1,NA,1,0
7949,"pop","first",1,0,"low",5,0.474541752,1,0,1.338134431,-0.693306011,2.519791667,1,0,0,1,0,NA
7949,"brand","second",2,1,"high",6,1.032586558,1,1,1.338134431,-0.693306011,2.519791667,1,0,0,NA,0,0
7949,"rep","third",3,0,"low",2,-2.046843177,1,1,1.338134431,-0.693306011,2.519791667,1,0,0,1,NA,0
7950,"pop","first",1,1,"high",5,0.474541752,1,0,0.004801097,-0.026639344,-0.230208333,0,1,1,0,1,NA
7950,"rep","second",2,1,"high",6,1.953156823,1,1,0.004801097,-0.026639344,-0.230208333,0,1,1,0,NA,1
7950,"brand","third",3,0,"low",2,-2.967413442,0,1,0.004801097,-0.026639344,-0.230208333,0,1,1,NA,1,1
7951,"brand","first",1,1,"high",6,1.032586558,1,0,0.671467764,0.640027322,-0.605208333,1,0,1,NA,1,0
7951,"pop","second",2,0,"low",3,-1.525458248,0,1,0.671467764,0.640027322,-0.605208333,1,0,1,1,1,NA
7951,"rep","third",3,1,"high",6,1.953156823,0,1,0.671467764,0.640027322,-0.605208333,1,0,1,1,NA,0
7952,"pop","first",1,0,"low",5,0.474541752,0,0,1.338134431,0.640027322,0.769791667,0,0,0,0,0,NA
7952,"brand","second",2,0,"low",7,2.032586558,1,1,1.338134431,0.640027322,0.769791667,0,0,0,NA,0,0
7952,"rep","third",3,0,"low",6,1.953156823,1,1,1.338134431,0.640027322,0.769791667,0,0,0,0,NA,0
7953,"brand","first",1,1,"high",7,2.032586558,1,0,1.004801097,1.306693989,2.394791667,1,1,1,NA,1,1
7953,"rep","second",2,1,"high",6,1.953156823,0,1,1.004801097,1.306693989,2.394791667,1,1,1,1,NA,1
7953,"pop","third",3,1,"high",6,1.474541752,0,1,1.004801097,1.306693989,2.394791667,1,1,1,1,1,NA
7954,"brand","first",1,0,"low",4,-0.967413442,1,0,0.004801097,-1.693306011,0.769791667,0,1,0,NA,0,1
7954,"pop","second",2,1,"high",5,0.474541752,1,1,0.004801097,-1.693306011,0.769791667,0,1,0,0,0,NA
7954,"rep","third",3,0,"low",4,-0.046843177,1,1,0.004801097,-1.693306011,0.769791667,0,1,0,0,NA,1
7955,"pop","first",1,0,"low",2,-2.525458248,1,0,-1.328532236,0.973360656,0.894791667,0,0,1,0,1,NA
7955,"brand","second",2,0,"low",1,-3.967413442,1,1,-1.328532236,0.973360656,0.894791667,0,0,1,NA,1,0
7955,"rep","third",3,1,"high",6,1.953156823,1,1,-1.328532236,0.973360656,0.894791667,0,0,1,0,NA,0
7956,"brand","first",1,1,"high",4,-0.967413442,1,0,0.004801097,-0.693306011,-0.355208333,1,0,0,NA,0,0
7956,"pop","second",2,0,"low",4,-0.525458248,0,1,0.004801097,-0.693306011,-0.355208333,1,0,0,1,0,NA
7956,"rep","third",3,0,"low",4,-0.046843177,0,1,0.004801097,-0.693306011,-0.355208333,1,0,0,1,NA,0
7957,"brand","first",1,1,"high",7,2.032586558,0,0,1.338134431,1.973360656,-0.855208333,1,1,1,NA,1,1
7957,"pop","second",2,1,"high",7,2.474541752,1,1,1.338134431,1.973360656,-0.855208333,1,1,1,1,1,NA
7957,"rep","third",3,1,"high",5,0.953156823,1,1,1.338134431,1.973360656,-0.855208333,1,1,1,1,NA,1
7958,"rep","first",1,1,"high",6,1.953156823,1,0,-1.328532236,-0.359972678,0.644791667,0,0,1,0,NA,0
7958,"brand","second",2,0,"low",6,1.032586558,1,1,-1.328532236,-0.359972678,0.644791667,0,0,1,NA,1,0
7958,"pop","third",3,0,"low",6,1.474541752,1,1,-1.328532236,-0.359972678,0.644791667,0,0,1,0,1,NA
7959,"rep","first",1,0,"low",5,0.953156823,1,0,-0.328532236,-0.359972678,0.519791667,0,1,0,0,NA,1
7959,"brand","second",2,0,"low",3,-1.967413442,1,1,-0.328532236,-0.359972678,0.519791667,0,1,0,NA,0,1
7959,"pop","third",3,1,"high",2,-2.525458248,0,1,-0.328532236,-0.359972678,0.519791667,0,1,0,0,0,NA
7960,"brand","first",1,1,"high",4,-0.967413442,1,0,-0.661865569,-0.359972678,-0.605208333,1,1,1,NA,1,1
7960,"pop","second",2,1,"high",4,-0.525458248,1,1,-0.661865569,-0.359972678,-0.605208333,1,1,1,1,1,NA
7960,"rep","third",3,1,"high",4,-0.046843177,0,1,-0.661865569,-0.359972678,-0.605208333,1,1,1,1,NA,1
7961,"rep","first",1,0,"low",5,0.953156823,1,0,0.004801097,0.306693989,0.519791667,0,0,0,0,NA,0
7961,"pop","second",2,0,"low",6,1.474541752,1,1,0.004801097,0.306693989,0.519791667,0,0,0,0,0,NA
7961,"brand","third",3,0,"low",7,2.032586558,1,1,0.004801097,0.306693989,0.519791667,0,0,0,NA,0,0
7963,"brand","first",1,1,"high",6,1.032586558,1,0,0.004801097,1.306693989,-0.480208333,1,1,0,NA,0,1
7963,"pop","second",2,1,"high",2,-2.525458248,1,1,0.004801097,1.306693989,-0.480208333,1,1,0,1,0,NA
7963,"rep","third",3,0,"low",1,-3.046843177,1,1,0.004801097,1.306693989,-0.480208333,1,1,0,1,NA,1
7965,"pop","first",1,1,"high",4,-0.525458248,1,0,0.004801097,-0.359972678,-1.105208333,1,1,1,1,1,NA
7965,"brand","second",2,1,"high",4,-0.967413442,1,1,0.004801097,-0.359972678,-1.105208333,1,1,1,NA,1,1
7965,"rep","third",3,1,"high",4,-0.046843177,1,1,0.004801097,-0.359972678,-1.105208333,1,1,1,1,NA,1
7966,"rep","first",1,1,"high",6,1.953156823,1,0,0.004801097,0.973360656,-0.355208333,1,1,1,1,NA,1
7966,"brand","second",2,1,"high",5,0.032586558,0,1,0.004801097,0.973360656,-0.355208333,1,1,1,NA,1,1
7966,"pop","third",3,1,"high",3,-1.525458248,0,1,0.004801097,0.973360656,-0.355208333,1,1,1,1,1,NA
7967,"brand","first",1,1,"high",7,2.032586558,1,0,1.004801097,-1.359972678,-0.855208333,1,1,1,NA,1,1
7967,"rep","second",2,1,"high",4,-0.046843177,1,1,1.004801097,-1.359972678,-0.855208333,1,1,1,1,NA,1
7967,"pop","third",3,1,"high",5,0.474541752,0,1,1.004801097,-1.359972678,-0.855208333,1,1,1,1,1,NA
7969,"pop","first",1,1,"high",4,-0.525458248,0,0,-2.328532236,-1.026639344,-1.105208333,0,1,1,0,1,NA
7969,"brand","second",2,0,"low",6,1.032586558,1,1,-2.328532236,-1.026639344,-1.105208333,0,1,1,NA,1,1
7969,"rep","third",3,1,"high",4,-0.046843177,1,1,-2.328532236,-1.026639344,-1.105208333,0,1,1,0,NA,1
7970,"brand","first",1,1,"high",7,2.032586558,1,0,1.671467764,0.306693989,-1.230208333,1,1,1,NA,1,1
7970,"rep","second",2,1,"high",1,-3.046843177,1,1,1.671467764,0.306693989,-1.230208333,1,1,1,1,NA,1
7970,"pop","third",3,1,"high",5,0.474541752,0,1,1.671467764,0.306693989,-1.230208333,1,1,1,1,1,NA
7971,"rep","first",1,0,"low",1,-3.046843177,1,0,-5.328532236,-4.693306011,-0.355208333,1,0,0,1,NA,0
7971,"brand","second",2,1,"high",4,-0.967413442,1,1,-5.328532236,-4.693306011,-0.355208333,1,0,0,NA,0,0
7971,"pop","third",3,0,"low",5,0.474541752,0,1,-5.328532236,-4.693306011,-0.355208333,1,0,0,1,0,NA
7972,"pop","first",1,0,"low",5,0.474541752,0,0,-0.995198903,0.306693989,-0.730208333,0,0,1,0,1,NA
7972,"rep","second",2,1,"high",3,-1.046843177,0,1,-0.995198903,0.306693989,-0.730208333,0,0,1,0,NA,0
7972,"brand","third",3,0,"low",4,-0.967413442,1,1,-0.995198903,0.306693989,-0.730208333,0,0,1,NA,1,0
7974,"brand","first",1,1,"high",7,2.032586558,1,0,0.338134431,1.306693989,1.894791667,1,1,1,NA,1,1
7974,"pop","second",2,1,"high",4,-0.525458248,1,1,0.338134431,1.306693989,1.894791667,1,1,1,1,1,NA
7974,"rep","third",3,1,"high",2,-2.046843177,1,1,0.338134431,1.306693989,1.894791667,1,1,1,1,NA,1
7975,"brand","first",1,0,"low",6,1.032586558,0,0,1.004801097,1.306693989,1.519791667,0,1,0,NA,0,1
7975,"rep","second",2,0,"low",4,-0.046843177,1,1,1.004801097,1.306693989,1.519791667,0,1,0,0,NA,1
7975,"pop","third",3,1,"high",7,2.474541752,1,1,1.004801097,1.306693989,1.519791667,0,1,0,0,0,NA
7976,"pop","first",1,1,"high",6,1.474541752,0,0,0.004801097,-0.026639344,1.519791667,1,1,1,1,1,NA
7976,"brand","second",2,1,"high",7,2.032586558,1,1,0.004801097,-0.026639344,1.519791667,1,1,1,NA,1,1
7976,"rep","third",3,1,"high",4,-0.046843177,0,1,0.004801097,-0.026639344,1.519791667,1,1,1,1,NA,1
7977,"pop","first",1,1,"high",4,-0.525458248,1,0,-2.661865569,-1.026639344,0.144791667,1,1,1,1,1,NA
7977,"brand","second",2,1,"high",4,-0.967413442,0,1,-2.661865569,-1.026639344,0.144791667,1,1,1,NA,1,1
7977,"rep","third",3,1,"high",4,-0.046843177,0,1,-2.661865569,-1.026639344,0.144791667,1,1,1,1,NA,1
7978,"rep","first",1,1,"high",3,-1.046843177,1,0,-0.328532236,-0.359972678,-0.605208333,1,1,1,1,NA,1
7978,"brand","second",2,1,"high",5,0.032586558,0,1,-0.328532236,-0.359972678,-0.605208333,1,1,1,NA,1,1
7978,"pop","third",3,1,"high",2,-2.525458248,0,1,-0.328532236,-0.359972678,-0.605208333,1,1,1,1,1,NA
7979,"pop","first",1,1,"high",4,-0.525458248,1,0,0.004801097,1.973360656,-0.480208333,0,1,0,0,0,NA
7979,"brand","second",2,0,"low",4,-0.967413442,1,1,0.004801097,1.973360656,-0.480208333,0,1,0,NA,0,1
7979,"rep","third",3,0,"low",3,-1.046843177,1,1,0.004801097,1.973360656,-0.480208333,0,1,0,0,NA,1
7980,"pop","first",1,1,"high",6,1.474541752,0,0,0.338134431,-0.026639344,-0.605208333,0,1,0,0,0,NA
7980,"brand","second",2,0,"low",6,1.032586558,1,1,0.338134431,-0.026639344,-0.605208333,0,1,0,NA,0,1
7980,"rep","third",3,0,"low",5,0.953156823,1,1,0.338134431,-0.026639344,-0.605208333,0,1,0,0,NA,1
7981,"pop","first",1,0,"low",3,-1.525458248,1,0,1.338134431,-1.359972678,2.519791667,1,0,1,1,1,NA
7981,"brand","second",2,1,"high",1,-3.967413442,0,1,1.338134431,-1.359972678,2.519791667,1,0,1,NA,1,0
7981,"rep","third",3,1,"high",4,-0.046843177,1,1,1.338134431,-1.359972678,2.519791667,1,0,1,1,NA,0
7982,"rep","first",1,1,"high",7,2.953156823,1,0,0.671467764,-0.693306011,-0.105208333,1,0,1,1,NA,0
7982,"brand","second",2,1,"high",6,1.032586558,1,1,0.671467764,-0.693306011,-0.105208333,1,0,1,NA,1,0
7982,"pop","third",3,0,"low",6,1.474541752,1,1,0.671467764,-0.693306011,-0.105208333,1,0,1,1,1,NA
7983,"pop","first",1,0,"low",4,-0.525458248,1,0,0.671467764,0.306693989,1.519791667,1,0,0,1,0,NA
7983,"brand","second",2,1,"high",6,1.032586558,1,1,0.671467764,0.306693989,1.519791667,1,0,0,NA,0,0
7983,"rep","third",3,0,"low",2,-2.046843177,1,1,0.671467764,0.306693989,1.519791667,1,0,0,1,NA,0
7984,"brand","first",1,1,"high",6,1.032586558,1,0,-2.661865569,-0.026639344,0.894791667,1,0,1,NA,1,0
7984,"pop","second",2,0,"low",5,0.474541752,0,1,-2.661865569,-0.026639344,0.894791667,1,0,1,1,1,NA
7984,"rep","third",3,1,"high",3,-1.046843177,1,1,-2.661865569,-0.026639344,0.894791667,1,0,1,1,NA,0
7985,"pop","first",1,0,"low",7,2.474541752,1,0,0.338134431,-1.359972678,0.644791667,0,0,0,0,0,NA
7985,"brand","second",2,0,"low",6,1.032586558,1,1,0.338134431,-1.359972678,0.644791667,0,0,0,NA,0,0
7985,"rep","third",3,0,"low",3,-1.046843177,1,1,0.338134431,-1.359972678,0.644791667,0,0,0,0,NA,0
7987,"pop","first",1,0,"low",5,0.474541752,1,0,0.004801097,0.306693989,-0.230208333,0,0,0,0,0,NA
7987,"brand","second",2,0,"low",6,1.032586558,1,1,0.004801097,0.306693989,-0.230208333,0,0,0,NA,0,0
7987,"rep","third",3,0,"low",6,1.953156823,1,1,0.004801097,0.306693989,-0.230208333,0,0,0,0,NA,0
7988,"brand","first",1,0,"low",5,0.032586558,1,0,0.671467764,0.973360656,0.519791667,0,0,0,NA,0,0
7988,"pop","second",2,0,"low",6,1.474541752,1,1,0.671467764,0.973360656,0.519791667,0,0,0,0,0,NA
7988,"rep","third",3,0,"low",6,1.953156823,1,1,0.671467764,0.973360656,0.519791667,0,0,0,0,NA,0
7989,"brand","first",1,1,"high",6,1.032586558,1,0,1.338134431,-0.359972678,-1.980208333,1,1,0,NA,0,1
7989,"rep","second",2,0,"low",6,1.953156823,0,1,1.338134431,-0.359972678,-1.980208333,1,1,0,1,NA,1
7989,"pop","third",3,1,"high",6,1.474541752,0,1,1.338134431,-0.359972678,-1.980208333,1,1,0,1,0,NA
7990,"rep","first",1,0,"low",2,-2.046843177,1,0,-2.328532236,-0.693306011,-1.605208333,0,0,0,0,NA,0
7990,"brand","second",2,0,"low",5,0.032586558,0,1,-2.328532236,-0.693306011,-1.605208333,0,0,0,NA,0,0
7990,"pop","third",3,0,"low",6,1.474541752,1,1,-2.328532236,-0.693306011,-1.605208333,0,0,0,0,0,NA
7991,"rep","first",1,1,"high",4,-0.046843177,1,0,-0.995198903,-0.693306011,-0.105208333,1,1,1,1,NA,1
7991,"pop","second",2,1,"high",5,0.474541752,1,1,-0.995198903,-0.693306011,-0.105208333,1,1,1,1,1,NA
7991,"brand","third",3,1,"high",4,-0.967413442,0,1,-0.995198903,-0.693306011,-0.105208333,1,1,1,NA,1,1
7992,"brand","first",1,1,"high",5,0.032586558,1,0,-0.328532236,-0.359972678,0.144791667,1,1,1,NA,1,1
7992,"pop","second",2,1,"high",4,-0.525458248,1,1,-0.328532236,-0.359972678,0.144791667,1,1,1,1,1,NA
7992,"rep","third",3,1,"high",4,-0.046843177,1,1,-0.328532236,-0.359972678,0.144791667,1,1,1,1,NA,1
7993,"pop","first",1,1,"high",3,-1.525458248,1,0,0.004801097,-0.026639344,0.269791667,0,1,0,0,0,NA
7993,"rep","second",2,0,"low",3,-1.046843177,1,1,0.004801097,-0.026639344,0.269791667,0,1,0,0,NA,1
7993,"brand","third",3,0,"low",4,-0.967413442,1,1,0.004801097,-0.026639344,0.269791667,0,1,0,NA,0,1
7994,"pop","first",1,0,"low",6,1.474541752,1,0,0.671467764,0.973360656,-0.230208333,1,0,0,1,0,NA
7994,"rep","second",2,0,"low",6,1.953156823,1,1,0.671467764,0.973360656,-0.230208333,1,0,0,1,NA,0
7994,"brand","third",3,1,"high",6,1.032586558,1,1,0.671467764,0.973360656,-0.230208333,1,0,0,NA,0,0
7995,"rep","first",1,1,"high",5,0.953156823,1,0,0.004801097,1.640027322,-0.605208333,1,0,1,1,NA,0
7995,"brand","second",2,1,"high",7,2.032586558,1,1,0.004801097,1.640027322,-0.605208333,1,0,1,NA,1,0
7995,"pop","third",3,0,"low",6,1.474541752,0,1,0.004801097,1.640027322,-0.605208333,1,0,1,1,1,NA
7996,"brand","first",1,1,"high",7,2.032586558,1,0,0.004801097,-3.693306011,-0.480208333,1,0,1,NA,1,0
7996,"pop","second",2,0,"low",7,2.474541752,0,1,0.004801097,-3.693306011,-0.480208333,1,0,1,1,1,NA
7996,"rep","third",3,1,"high",1,-3.046843177,1,1,0.004801097,-3.693306011,-0.480208333,1,0,1,1,NA,0
7997,"pop","first",1,0,"low",6,1.474541752,0,0,-1.995198903,-0.359972678,0.019791667,1,0,0,1,0,NA
7997,"rep","second",2,0,"low",6,1.953156823,0,1,-1.995198903,-0.359972678,0.019791667,1,0,0,1,NA,0
7997,"brand","third",3,1,"high",6,1.032586558,0,1,-1.995198903,-0.359972678,0.019791667,1,0,0,NA,0,0
7998,"pop","first",1,1,"high",4,-0.525458248,1,0,0.338134431,-0.359972678,-0.605208333,1,1,1,1,1,NA
7998,"brand","second",2,1,"high",4,-0.967413442,0,1,0.338134431,-0.359972678,-0.605208333,1,1,1,NA,1,1
7998,"rep","third",3,1,"high",4,-0.046843177,1,1,0.338134431,-0.359972678,-0.605208333,1,1,1,1,NA,1
7999,"rep","first",1,1,"high",6,1.953156823,1,0,0.671467764,0.973360656,-0.480208333,1,1,1,1,NA,1
7999,"pop","second",2,1,"high",3,-1.525458248,0,1,0.671467764,0.973360656,-0.480208333,1,1,1,1,1,NA
7999,"brand","third",3,1,"high",7,2.032586558,1,1,0.671467764,0.973360656,-0.480208333,1,1,1,NA,1,1
8001,"brand","first",1,1,"high",4,-0.967413442,1,0,-1.661865569,-1.693306011,-4.480208333,1,1,1,NA,1,1
8001,"rep","second",2,1,"high",2,-2.046843177,0,1,-1.661865569,-1.693306011,-4.480208333,1,1,1,1,NA,1
8001,"pop","third",3,1,"high",3,-1.525458248,1,1,-1.661865569,-1.693306011,-4.480208333,1,1,1,1,1,NA
8002,"rep","first",1,0,"low",4,-0.046843177,1,0,0.671467764,-0.026639344,0.519791667,0,0,0,0,NA,0
8002,"brand","second",2,0,"low",4,-0.967413442,1,1,0.671467764,-0.026639344,0.519791667,0,0,0,NA,0,0
8002,"pop","third",3,0,"low",4,-0.525458248,1,1,0.671467764,-0.026639344,0.519791667,0,0,0,0,0,NA
8003,"brand","first",1,1,"high",4,-0.967413442,0,0,-2.661865569,-0.693306011,-1.105208333,1,0,1,NA,1,0
8003,"pop","second",2,0,"low",4,-0.525458248,0,1,-2.661865569,-0.693306011,-1.105208333,1,0,1,1,1,NA
8003,"rep","third",3,1,"high",4,-0.046843177,0,1,-2.661865569,-0.693306011,-1.105208333,1,0,1,1,NA,0
8004,"rep","first",1,1,"high",5,0.953156823,0,0,-0.661865569,-0.359972678,0.019791667,1,1,1,1,NA,1
8004,"brand","second",2,1,"high",6,1.032586558,1,1,-0.661865569,-0.359972678,0.019791667,1,1,1,NA,1,1
8004,"pop","third",3,1,"high",4,-0.525458248,0,1,-0.661865569,-0.359972678,0.019791667,1,1,1,1,1,NA
8005,"brand","first",1,0,"low",4,-0.967413442,1,0,0.338134431,-0.693306011,0.769791667,0,0,0,NA,0,0
8005,"pop","second",2,0,"low",5,0.474541752,0,1,0.338134431,-0.693306011,0.769791667,0,0,0,0,0,NA
8005,"rep","third",3,0,"low",2,-2.046843177,0,1,0.338134431,-0.693306011,0.769791667,0,0,0,0,NA,0
8006,"brand","first",1,1,"high",4,-0.967413442,0,0,-2.328532236,1.306693989,0.769791667,1,0,0,NA,0,0
8006,"rep","second",2,0,"low",4,-0.046843177,1,1,-2.328532236,1.306693989,0.769791667,1,0,0,1,NA,0
8006,"pop","third",3,0,"low",4,-0.525458248,0,1,-2.328532236,1.306693989,0.769791667,1,0,0,1,0,NA
8007,"pop","first",1,1,"high",7,2.474541752,0,0,-0.995198903,0.640027322,-0.105208333,0,1,1,0,1,NA
8007,"brand","second",2,0,"low",5,0.032586558,1,1,-0.995198903,0.640027322,-0.105208333,0,1,1,NA,1,1
8007,"rep","third",3,1,"high",4,-0.046843177,0,1,-0.995198903,0.640027322,-0.105208333,0,1,1,0,NA,1
8008,"rep","first",1,0,"low",6,1.953156823,0,0,1.338134431,2.306693989,-1.980208333,0,0,0,0,NA,0
8008,"pop","second",2,0,"low",6,1.474541752,0,1,1.338134431,2.306693989,-1.980208333,0,0,0,0,0,NA
8008,"brand","third",3,0,"low",2,-2.967413442,0,1,1.338134431,2.306693989,-1.980208333,0,0,0,NA,0,0
8010,"rep","first",1,1,"high",4,-0.046843177,0,0,-0.661865569,-1.359972678,-0.480208333,0,1,1,0,NA,1
8010,"pop","second",2,1,"high",5,0.474541752,1,1,-0.661865569,-1.359972678,-0.480208333,0,1,1,0,1,NA
8010,"brand","third",3,0,"low",3,-1.967413442,0,1,-0.661865569,-1.359972678,-0.480208333,0,1,1,NA,1,1
8011,"pop","first",1,1,"high",7,2.474541752,0,0,-0.328532236,2.306693989,-1.230208333,0,1,1,0,1,NA
8011,"rep","second",2,1,"high",7,2.953156823,1,1,-0.328532236,2.306693989,-1.230208333,0,1,1,0,NA,1
8011,"brand","third",3,0,"low",7,2.032586558,0,1,-0.328532236,2.306693989,-1.230208333,0,1,1,NA,1,1
8012,"pop","first",1,1,"high",7,2.474541752,0,0,-0.328532236,2.306693989,-1.230208333,0,1,0,0,0,NA
8012,"rep","second",2,0,"low",7,2.953156823,0,1,-0.328532236,2.306693989,-1.230208333,0,1,0,0,NA,1
8012,"brand","third",3,0,"low",7,2.032586558,1,1,-0.328532236,2.306693989,-1.230208333,0,1,0,NA,0,1
8013,"brand","first",1,0,"low",7,2.032586558,1,0,-0.328532236,2.306693989,-1.230208333,0,0,0,NA,0,0
8013,"pop","second",2,0,"low",7,2.474541752,1,1,-0.328532236,2.306693989,-1.230208333,0,0,0,0,0,NA
8013,"rep","third",3,0,"low",7,2.953156823,0,1,-0.328532236,2.306693989,-1.230208333,0,0,0,0,NA,0
8014,"pop","first",1,1,"high",4,-0.525458248,1,0,0.004801097,-1.026639344,-0.355208333,1,1,0,1,0,NA
8014,"brand","second",2,1,"high",4,-0.967413442,1,1,0.004801097,-1.026639344,-0.355208333,1,1,0,NA,0,1
8014,"rep","third",3,0,"low",4,-0.046843177,1,1,0.004801097,-1.026639344,-0.355208333,1,1,0,1,NA,1
8015,"brand","first",1,0,"low",4,-0.967413442,0,0,-1.661865569,0.640027322,-1.230208333,0,1,0,NA,0,1
8015,"pop","second",2,1,"high",4,-0.525458248,1,1,-1.661865569,0.640027322,-1.230208333,0,1,0,0,0,NA
8015,"rep","third",3,0,"low",5,0.953156823,1,1,-1.661865569,0.640027322,-1.230208333,0,1,0,0,NA,1
8016,"rep","first",1,0,"low",4,-0.046843177,1,0,-0.661865569,-0.359972678,-1.230208333,0,0,0,0,NA,0
8016,"pop","second",2,0,"low",4,-0.525458248,1,1,-0.661865569,-0.359972678,-1.230208333,0,0,0,0,0,NA
8016,"brand","third",3,0,"low",4,-0.967413442,1,1,-0.661865569,-0.359972678,-1.230208333,0,0,0,NA,0,0
8017,"rep","first",1,0,"low",6,1.953156823,0,0,0.004801097,0.640027322,0.394791667,1,1,0,1,NA,1
8017,"brand","second",2,1,"high",5,0.032586558,0,1,0.004801097,0.640027322,0.394791667,1,1,0,NA,0,1
8017,"pop","third",3,1,"high",3,-1.525458248,1,1,0.004801097,0.640027322,0.394791667,1,1,0,1,0,NA
8018,"brand","first",1,1,"high",6,1.032586558,0,0,-0.328532236,-0.026639344,0.144791667,1,0,0,NA,0,0
8018,"pop","second",2,0,"low",4,-0.525458248,1,1,-0.328532236,-0.026639344,0.144791667,1,0,0,1,0,NA
8018,"rep","third",3,0,"low",3,-1.046843177,1,1,-0.328532236,-0.026639344,0.144791667,1,0,0,1,NA,0
8019,"rep","first",1,0,"low",5,0.953156823,1,0,0.338134431,-0.693306011,0.394791667,0,0,0,0,NA,0
8019,"brand","second",2,0,"low",5,0.032586558,0,1,0.338134431,-0.693306011,0.394791667,0,0,0,NA,0,0
8019,"pop","third",3,0,"low",6,1.474541752,0,1,0.338134431,-0.693306011,0.394791667,0,0,0,0,0,NA
8020,"brand","first",1,1,"high",7,2.032586558,1,0,1.338134431,-1.359972678,1.019791667,1,1,0,NA,0,1
8020,"pop","second",2,1,"high",7,2.474541752,0,1,1.338134431,-1.359972678,1.019791667,1,1,0,1,0,NA
8020,"rep","third",3,0,"low",5,0.953156823,1,1,1.338134431,-1.359972678,1.019791667,1,1,0,1,NA,1
8021,"pop","first",1,0,"low",6,1.474541752,1,0,0.671467764,0.973360656,0.144791667,0,0,0,0,0,NA
8021,"brand","second",2,0,"low",5,0.032586558,0,1,0.671467764,0.973360656,0.144791667,0,0,0,NA,0,0
8021,"rep","third",3,0,"low",5,0.953156823,1,1,0.671467764,0.973360656,0.144791667,0,0,0,0,NA,0
8023,"pop","first",1,0,"low",6,1.474541752,1,0,0.004801097,-0.693306011,-0.105208333,1,0,1,1,1,NA
8023,"rep","second",2,1,"high",6,1.953156823,1,1,0.004801097,-0.693306011,-0.105208333,1,0,1,1,NA,0
8023,"brand","third",3,1,"high",6,1.032586558,0,1,0.004801097,-0.693306011,-0.105208333,1,0,1,NA,1,0
8024,"brand","first",1,0,"low",4,-0.967413442,0,0,0.338134431,-1.693306011,0.144791667,0,0,0,NA,0,0
8024,"pop","second",2,0,"low",2,-2.525458248,0,1,0.338134431,-1.693306011,0.144791667,0,0,0,0,0,NA
8024,"rep","third",3,0,"low",2,-2.046843177,0,1,0.338134431,-1.693306011,0.144791667,0,0,0,0,NA,0
8026,"brand","first",1,1,"high",7,2.032586558,1,0,1.338134431,-2.693306011,-1.355208333,1,0,1,NA,1,0
8026,"rep","second",2,1,"high",3,-1.046843177,1,1,1.338134431,-2.693306011,-1.355208333,1,0,1,1,NA,0
8026,"pop","third",3,0,"low",1,-3.525458248,1,1,1.338134431,-2.693306011,-1.355208333,1,0,1,1,1,NA
8027,"rep","first",1,1,"high",6,1.953156823,1,0,1.004801097,-1.359972678,-0.355208333,0,0,1,0,NA,0
8027,"brand","second",2,0,"low",2,-2.967413442,1,1,1.004801097,-1.359972678,-0.355208333,0,0,1,NA,1,0
8027,"pop","third",3,0,"low",2,-2.525458248,1,1,1.004801097,-1.359972678,-0.355208333,0,0,1,0,1,NA
8028,"brand","first",1,1,"high",6,1.032586558,1,0,0.671467764,-1.026639344,-0.605208333,1,1,1,NA,1,1
8028,"rep","second",2,1,"high",3,-1.046843177,1,1,0.671467764,-1.026639344,-0.605208333,1,1,1,1,NA,1
8028,"pop","third",3,1,"high",7,2.474541752,1,1,0.671467764,-1.026639344,-0.605208333,1,1,1,1,1,NA
8029,"pop","first",1,0,"low",4,-0.525458248,0,0,-0.328532236,1.306693989,-0.480208333,1,0,1,1,1,NA
8029,"rep","second",2,1,"high",4,-0.046843177,0,1,-0.328532236,1.306693989,-0.480208333,1,0,1,1,NA,0
8029,"brand","third",3,1,"high",4,-0.967413442,0,1,-0.328532236,1.306693989,-0.480208333,1,0,1,NA,1,0
8030,"pop","first",1,1,"high",5,0.474541752,1,0,0.338134431,0.640027322,0.019791667,1,1,1,1,1,NA
8030,"rep","second",2,1,"high",7,2.953156823,1,1,0.338134431,0.640027322,0.019791667,1,1,1,1,NA,1
8030,"brand","third",3,1,"high",6,1.032586558,0,1,0.338134431,0.640027322,0.019791667,1,1,1,NA,1,1
8031,"brand","first",1,0,"low",5,0.032586558,0,0,-0.661865569,-0.359972678,0.394791667,0,0,1,NA,1,0
8031,"pop","second",2,0,"low",7,2.474541752,1,1,-0.661865569,-0.359972678,0.394791667,0,0,1,0,1,NA
8031,"rep","third",3,1,"high",4,-0.046843177,1,1,-0.661865569,-0.359972678,0.394791667,0,0,1,0,NA,0
8032,"pop","first",1,1,"high",5,0.474541752,1,0,-0.661865569,1.306693989,-0.480208333,1,1,0,1,0,NA
8032,"brand","second",2,1,"high",7,2.032586558,1,1,-0.661865569,1.306693989,-0.480208333,1,1,0,NA,0,1
8032,"rep","third",3,0,"low",3,-1.046843177,1,1,-0.661865569,1.306693989,-0.480208333,1,1,0,1,NA,1
8033,"pop","first",1,1,"high",6,1.474541752,0,0,0.671467764,-0.693306011,-1.355208333,0,1,1,0,1,NA
8033,"brand","second",2,0,"low",6,1.032586558,0,1,0.671467764,-0.693306011,-1.355208333,0,1,1,NA,1,1
8033,"rep","third",3,1,"high",7,2.953156823,1,1,0.671467764,-0.693306011,-1.355208333,0,1,1,0,NA,1
8034,"pop","first",1,0,"low",3,-1.525458248,1,0,1.004801097,0.306693989,-1.855208333,1,0,1,1,1,NA
8034,"brand","second",2,1,"high",6,1.032586558,1,1,1.004801097,0.306693989,-1.855208333,1,0,1,NA,1,0
8034,"rep","third",3,1,"high",3,-1.046843177,1,1,1.004801097,0.306693989,-1.855208333,1,0,1,1,NA,0
8036,"brand","first",1,1,"high",6,1.032586558,1,0,0.671467764,-0.359972678,0.144791667,1,1,1,NA,1,1
8036,"pop","second",2,1,"high",6,1.474541752,1,1,0.671467764,-0.359972678,0.144791667,1,1,1,1,1,NA
8036,"rep","third",3,1,"high",6,1.953156823,1,1,0.671467764,-0.359972678,0.144791667,1,1,1,1,NA,1
8037,"rep","first",1,1,"high",5,0.953156823,1,0,-0.995198903,-0.693306011,0.144791667,1,0,1,1,NA,0
8037,"brand","second",2,1,"high",6,1.032586558,1,1,-0.995198903,-0.693306011,0.144791667,1,0,1,NA,1,0
8037,"pop","third",3,0,"low",4,-0.525458248,1,1,-0.995198903,-0.693306011,0.144791667,1,0,1,1,1,NA
8038,"brand","first",1,1,"high",6,1.032586558,1,0,-1.661865569,2.306693989,0.019791667,1,0,0,NA,0,0
8038,"pop","second",2,0,"low",2,-2.525458248,0,1,-1.661865569,2.306693989,0.019791667,1,0,0,1,0,NA
8038,"rep","third",3,0,"low",5,0.953156823,0,1,-1.661865569,2.306693989,0.019791667,1,0,0,1,NA,0
8039,"pop","first",1,1,"high",1,-3.525458248,0,0,-0.995198903,2.306693989,-0.855208333,1,1,1,1,1,NA
8039,"rep","second",2,1,"high",2,-2.046843177,1,1,-0.995198903,2.306693989,-0.855208333,1,1,1,1,NA,1
8039,"brand","third",3,1,"high",2,-2.967413442,1,1,-0.995198903,2.306693989,-0.855208333,1,1,1,NA,1,1
8040,"brand","first",1,1,"high",6,1.032586558,1,0,-0.995198903,-1.693306011,0.269791667,1,0,1,NA,1,0
8040,"rep","second",2,1,"high",2,-2.046843177,0,1,-0.995198903,-1.693306011,0.269791667,1,0,1,1,NA,0
8040,"pop","third",3,0,"low",4,-0.525458248,0,1,-0.995198903,-1.693306011,0.269791667,1,0,1,1,1,NA
8041,"brand","first",1,0,"low",5,0.032586558,1,0,0.004801097,0.973360656,1.519791667,0,1,0,NA,0,1
8041,"rep","second",2,0,"low",5,0.953156823,1,1,0.004801097,0.973360656,1.519791667,0,1,0,0,NA,1
8041,"pop","third",3,1,"high",4,-0.525458248,1,1,0.004801097,0.973360656,1.519791667,0,1,0,0,0,NA
8042,"brand","first",1,1,"high",3,-1.967413442,1,0,-0.328532236,0.973360656,-1.605208333,1,1,0,NA,0,1
8042,"pop","second",2,1,"high",4,-0.525458248,1,1,-0.328532236,0.973360656,-1.605208333,1,1,0,1,0,NA
8042,"rep","third",3,0,"low",2,-2.046843177,0,1,-0.328532236,0.973360656,-1.605208333,1,1,0,1,NA,1
8043,"pop","first",1,0,"low",6,1.474541752,0,0,-0.661865569,-2.359972678,-0.355208333,1,0,1,1,1,NA
8043,"brand","second",2,1,"high",7,2.032586558,1,1,-0.661865569,-2.359972678,-0.355208333,1,0,1,NA,1,0
8043,"rep","third",3,1,"high",2,-2.046843177,0,1,-0.661865569,-2.359972678,-0.355208333,1,0,1,1,NA,0
8044,"pop","first",1,1,"high",6,1.474541752,1,0,0.004801097,-1.359972678,0.144791667,1,1,1,1,1,NA
8044,"brand","second",2,1,"high",6,1.032586558,0,1,0.004801097,-1.359972678,0.144791667,1,1,1,NA,1,1
8044,"rep","third",3,1,"high",7,2.953156823,1,1,0.004801097,-1.359972678,0.144791667,1,1,1,1,NA,1
8045,"pop","first",1,0,"low",4,-0.525458248,1,0,-0.328532236,0.973360656,-0.105208333,0,0,1,0,1,NA
8045,"rep","second",2,1,"high",5,0.953156823,1,1,-0.328532236,0.973360656,-0.105208333,0,0,1,0,NA,0
8045,"brand","third",3,0,"low",4,-0.967413442,0,1,-0.328532236,0.973360656,-0.105208333,0,0,1,NA,1,0
8046,"pop","first",1,1,"high",5,0.474541752,1,0,-0.661865569,0.973360656,-1.855208333,0,1,1,0,1,NA
8046,"rep","second",2,1,"high",6,1.953156823,1,1,-0.661865569,0.973360656,-1.855208333,0,1,1,0,NA,1
8046,"brand","third",3,0,"low",6,1.032586558,0,1,-0.661865569,0.973360656,-1.855208333,0,1,1,NA,1,1
8047,"pop","first",1,0,"low",1,-3.525458248,1,0,-1.328532236,1.973360656,-0.605208333,1,0,0,1,0,NA
8047,"brand","second",2,1,"high",5,0.032586558,1,1,-1.328532236,1.973360656,-0.605208333,1,0,0,NA,0,0
8047,"rep","third",3,0,"low",1,-3.046843177,1,1,-1.328532236,1.973360656,-0.605208333,1,0,0,1,NA,0
8049,"pop","first",1,0,"low",6,1.474541752,1,0,-0.995198903,0.640027322,-0.730208333,1,0,0,1,0,NA
8049,"brand","second",2,1,"high",7,2.032586558,1,1,-0.995198903,0.640027322,-0.730208333,1,0,0,NA,0,0
8049,"rep","third",3,0,"low",5,0.953156823,1,1,-0.995198903,0.640027322,-0.730208333,1,0,0,1,NA,0
8050,"rep","first",1,0,"low",4,-0.046843177,1,0,0.338134431,-0.359972678,-0.980208333,1,1,0,1,NA,1
8050,"brand","second",2,1,"high",4,-0.967413442,0,1,0.338134431,-0.359972678,-0.980208333,1,1,0,NA,0,1
8050,"pop","third",3,1,"high",4,-0.525458248,0,1,0.338134431,-0.359972678,-0.980208333,1,1,0,1,0,NA
8052,"pop","first",1,0,"low",3,-1.525458248,0,0,0.338134431,-1.693306011,-1.480208333,1,0,1,1,1,NA
8052,"rep","second",2,1,"high",4,-0.046843177,1,1,0.338134431,-1.693306011,-1.480208333,1,0,1,1,NA,0
8052,"brand","third",3,1,"high",6,1.032586558,1,1,0.338134431,-1.693306011,-1.480208333,1,0,1,NA,1,0
8054,"pop","first",1,0,"low",2,-2.525458248,1,0,-0.995198903,-1.026639344,-0.105208333,1,0,0,1,0,NA
8054,"rep","second",2,0,"low",1,-3.046843177,1,1,-0.995198903,-1.026639344,-0.105208333,1,0,0,1,NA,0
8054,"brand","third",3,1,"high",5,0.032586558,1,1,-0.995198903,-1.026639344,-0.105208333,1,0,0,NA,0,0
8055,"pop","first",1,0,"low",5,0.474541752,0,0,0.004801097,0.306693989,0.144791667,0,0,1,0,1,NA
8055,"brand","second",2,0,"low",6,1.032586558,1,1,0.004801097,0.306693989,0.144791667,0,0,1,NA,1,0
8055,"rep","third",3,1,"high",7,2.953156823,1,1,0.004801097,0.306693989,0.144791667,0,0,1,0,NA,0
8056,"pop","first",1,1,"high",6,1.474541752,1,0,0.004801097,1.640027322,1.269791667,0,1,0,0,0,NA
8056,"brand","second",2,0,"low",6,1.032586558,0,1,0.004801097,1.640027322,1.269791667,0,1,0,NA,0,1
8056,"rep","third",3,0,"low",6,1.953156823,1,1,0.004801097,1.640027322,1.269791667,0,1,0,0,NA,1
8057,"brand","first",1,0,"low",2,-2.967413442,0,0,-0.661865569,1.640027322,-1.355208333,0,0,1,NA,1,0
8057,"rep","second",2,1,"high",2,-2.046843177,1,1,-0.661865569,1.640027322,-1.355208333,0,0,1,0,NA,0
8057,"pop","third",3,0,"low",2,-2.525458248,1,1,-0.661865569,1.640027322,-1.355208333,0,0,1,0,1,NA
8058,"rep","first",1,1,"high",6,1.953156823,0,0,0.671467764,2.306693989,-0.855208333,1,1,1,1,NA,1
8058,"brand","second",2,1,"high",5,0.032586558,1,1,0.671467764,2.306693989,-0.855208333,1,1,1,NA,1,1
8058,"pop","third",3,1,"high",2,-2.525458248,1,1,0.671467764,2.306693989,-0.855208333,1,1,1,1,1,NA
8059,"rep","first",1,1,"high",2,-2.046843177,1,0,0.004801097,-1.359972678,0.019791667,0,0,1,0,NA,0
8059,"pop","second",2,0,"low",4,-0.525458248,1,1,0.004801097,-1.359972678,0.019791667,0,0,1,0,1,NA
8059,"brand","third",3,0,"low",3,-1.967413442,1,1,0.004801097,-1.359972678,0.019791667,0,0,1,NA,1,0
8060,"pop","first",1,0,"low",1,-3.525458248,0,0,-0.995198903,-1.359972678,-1.605208333,1,0,1,1,1,NA
8060,"rep","second",2,1,"high",1,-3.046843177,0,1,-0.995198903,-1.359972678,-1.605208333,1,0,1,1,NA,0
8060,"brand","third",3,1,"high",6,1.032586558,1,1,-0.995198903,-1.359972678,-1.605208333,1,0,1,NA,1,0
8061,"rep","first",1,1,"high",2,-2.046843177,1,0,0.338134431,-0.026639344,-0.230208333,0,1,1,0,NA,1
8061,"pop","second",2,1,"high",2,-2.525458248,1,1,0.338134431,-0.026639344,-0.230208333,0,1,1,0,1,NA
8061,"brand","third",3,0,"low",2,-2.967413442,1,1,0.338134431,-0.026639344,-0.230208333,0,1,1,NA,1,1
8062,"pop","first",1,0,"low",5,0.474541752,1,0,-0.661865569,-1.026639344,0.019791667,1,0,0,1,0,NA
8062,"rep","second",2,0,"low",2,-2.046843177,1,1,-0.661865569,-1.026639344,0.019791667,1,0,0,1,NA,0
8062,"brand","third",3,1,"high",7,2.032586558,1,1,-0.661865569,-1.026639344,0.019791667,1,0,0,NA,0,0
8064,"pop","first",1,1,"high",6,1.474541752,1,0,0.671467764,-1.026639344,0.644791667,1,1,0,1,0,NA
8064,"rep","second",2,0,"low",2,-2.046843177,1,1,0.671467764,-1.026639344,0.644791667,1,1,0,1,NA,1
8064,"brand","third",3,1,"high",7,2.032586558,1,1,0.671467764,-1.026639344,0.644791667,1,1,0,NA,0,1
8065,"pop","first",1,1,"high",6,1.474541752,1,0,1.338134431,-1.693306011,-1.105208333,0,1,0,0,0,NA
8065,"brand","second",2,0,"low",3,-1.967413442,1,1,1.338134431,-1.693306011,-1.105208333,0,1,0,NA,0,1
8065,"rep","third",3,0,"low",4,-0.046843177,0,1,1.338134431,-1.693306011,-1.105208333,0,1,0,0,NA,1
8066,"pop","first",1,1,"high",4,-0.525458248,1,0,0.338134431,0.640027322,0.894791667,0,1,1,0,1,NA
8066,"rep","second",2,1,"high",5,0.953156823,1,1,0.338134431,0.640027322,0.894791667,0,1,1,0,NA,1
8066,"brand","third",3,0,"low",7,2.032586558,1,1,0.338134431,0.640027322,0.894791667,0,1,1,NA,1,1
8067,"rep","first",1,0,"low",3,-1.046843177,0,0,1.004801097,0.306693989,-0.605208333,0,0,0,0,NA,0
8067,"brand","second",2,0,"low",3,-1.967413442,0,1,1.004801097,0.306693989,-0.605208333,0,0,0,NA,0,0
8067,"pop","third",3,0,"low",3,-1.525458248,0,1,1.004801097,0.306693989,-0.605208333,0,0,0,0,0,NA
8069,"rep","first",1,0,"low",3,-1.046843177,1,0,0.004801097,0.973360656,-0.480208333,1,1,0,1,NA,1
8069,"pop","second",2,1,"high",4,-0.525458248,0,1,0.004801097,0.973360656,-0.480208333,1,1,0,1,0,NA
8069,"brand","third",3,1,"high",6,1.032586558,1,1,0.004801097,0.973360656,-0.480208333,1,1,0,NA,0,1
8070,"pop","first",1,0,"low",6,1.474541752,1,0,-1.661865569,-0.026639344,-0.230208333,0,0,1,0,1,NA
8070,"brand","second",2,0,"low",4,-0.967413442,0,1,-1.661865569,-0.026639344,-0.230208333,0,0,1,NA,1,0
8070,"rep","third",3,1,"high",2,-2.046843177,1,1,-1.661865569,-0.026639344,-0.230208333,0,0,1,0,NA,0
8071,"brand","first",1,1,"high",7,2.032586558,1,0,-0.995198903,-1.026639344,-0.480208333,1,1,0,NA,0,1
8071,"rep","second",2,0,"low",3,-1.046843177,0,1,-0.995198903,-1.026639344,-0.480208333,1,1,0,1,NA,1
8071,"pop","third",3,1,"high",4,-0.525458248,0,1,-0.995198903,-1.026639344,-0.480208333,1,1,0,1,0,NA
8072,"brand","first",1,1,"high",5,0.032586558,1,0,-1.328532236,0.306693989,-0.105208333,1,0,0,NA,0,0
8072,"pop","second",2,0,"low",5,0.474541752,1,1,-1.328532236,0.306693989,-0.105208333,1,0,0,1,0,NA
8072,"rep","third",3,0,"low",4,-0.046843177,0,1,-1.328532236,0.306693989,-0.105208333,1,0,0,1,NA,0
8073,"brand","first",1,0,"low",3,-1.967413442,0,0,1.004801097,-1.359972678,0.144791667,0,0,1,NA,1,0
8073,"rep","second",2,1,"high",3,-1.046843177,1,1,1.004801097,-1.359972678,0.144791667,0,0,1,0,NA,0
8073,"pop","third",3,0,"low",5,0.474541752,0,1,1.004801097,-1.359972678,0.144791667,0,0,1,0,1,NA
8074,"rep","first",1,1,"high",2,-2.046843177,0,0,-2.995198903,-1.693306011,1.644791667,0,1,1,0,NA,1
8074,"brand","second",2,0,"low",3,-1.967413442,0,1,-2.995198903,-1.693306011,1.644791667,0,1,1,NA,1,1
8074,"pop","third",3,1,"high",2,-2.525458248,0,1,-2.995198903,-1.693306011,1.644791667,0,1,1,0,1,NA
8075,"brand","first",1,0,"low",2,-2.967413442,1,0,0.671467764,0.306693989,0.644791667,0,1,0,NA,0,1
8075,"rep","second",2,0,"low",2,-2.046843177,1,1,0.671467764,0.306693989,0.644791667,0,1,0,0,NA,1
8075,"pop","third",3,1,"high",4,-0.525458248,1,1,0.671467764,0.306693989,0.644791667,0,1,0,0,0,NA
8076,"pop","first",1,1,"high",4,-0.525458248,0,0,-0.328532236,-0.693306011,-0.980208333,0,1,0,0,0,NA
8076,"rep","second",2,0,"low",1,-3.046843177,1,1,-0.328532236,-0.693306011,-0.980208333,0,1,0,0,NA,1
8076,"brand","third",3,0,"low",3,-1.967413442,1,1,-0.328532236,-0.693306011,-0.980208333,0,1,0,NA,0,1
8077,"pop","first",1,0,"low",7,2.474541752,1,0,0.671467764,1.306693989,0.269791667,1,0,1,1,1,NA
8077,"rep","second",2,1,"high",5,0.953156823,1,1,0.671467764,1.306693989,0.269791667,1,0,1,1,NA,0
8077,"brand","third",3,1,"high",7,2.032586558,1,1,0.671467764,1.306693989,0.269791667,1,0,1,NA,1,0
8078,"pop","first",1,0,"low",5,0.474541752,1,0,0.671467764,0.306693989,1.894791667,0,0,0,0,0,NA
8078,"brand","second",2,0,"low",6,1.032586558,0,1,0.671467764,0.306693989,1.894791667,0,0,0,NA,0,0
8078,"rep","third",3,0,"low",3,-1.046843177,1,1,0.671467764,0.306693989,1.894791667,0,0,0,0,NA,0
8080,"pop","first",1,1,"high",1,-3.525458248,1,0,0.671467764,0.306693989,0.894791667,0,1,1,0,1,NA
8080,"rep","second",2,1,"high",3,-1.046843177,1,1,0.671467764,0.306693989,0.894791667,0,1,1,0,NA,1
8080,"brand","third",3,0,"low",5,0.032586558,1,1,0.671467764,0.306693989,0.894791667,0,1,1,NA,1,1
8081,"brand","first",1,1,"high",5,0.032586558,1,0,-0.661865569,-0.693306011,0.269791667,1,1,1,NA,1,1
8081,"pop","second",2,1,"high",3,-1.525458248,0,1,-0.661865569,-0.693306011,0.269791667,1,1,1,1,1,NA
8081,"rep","third",3,1,"high",3,-1.046843177,1,1,-0.661865569,-0.693306011,0.269791667,1,1,1,1,NA,1
8083,"brand","first",1,1,"high",7,2.032586558,0,0,0.671467764,-3.693306011,0.019791667,1,1,1,NA,1,1
8083,"pop","second",2,1,"high",7,2.474541752,1,1,0.671467764,-3.693306011,0.019791667,1,1,1,1,1,NA
8083,"rep","third",3,1,"high",7,2.953156823,1,1,0.671467764,-3.693306011,0.019791667,1,1,1,1,NA,1
8084,"brand","first",1,0,"low",1,-3.967413442,1,0,1.004801097,1.640027322,-0.730208333,0,0,1,NA,1,0
8084,"pop","second",2,0,"low",1,-3.525458248,1,1,1.004801097,1.640027322,-0.730208333,0,0,1,0,1,NA
8084,"rep","third",3,1,"high",2,-2.046843177,1,1,1.004801097,1.640027322,-0.730208333,0,0,1,0,NA,0
8085,"pop","first",1,0,"low",7,2.474541752,1,0,0.671467764,0.640027322,-0.355208333,0,0,0,0,0,NA
8085,"brand","second",2,0,"low",6,1.032586558,0,1,0.671467764,0.640027322,-0.355208333,0,0,0,NA,0,0
8085,"rep","third",3,0,"low",5,0.953156823,1,1,0.671467764,0.640027322,-0.355208333,0,0,0,0,NA,0
8086,"rep","first",1,0,"low",2,-2.046843177,1,0,1.004801097,0.973360656,1.144791667,0,1,0,0,NA,1
8086,"pop","second",2,1,"high",5,0.474541752,1,1,1.004801097,0.973360656,1.144791667,0,1,0,0,0,NA
8086,"brand","third",3,0,"low",2,-2.967413442,0,1,1.004801097,0.973360656,1.144791667,0,1,0,NA,0,1
8087,"pop","first",1,1,"high",5,0.474541752,0,0,-0.661865569,-0.693306011,0.019791667,1,1,1,1,1,NA
8087,"brand","second",2,1,"high",6,1.032586558,1,1,-0.661865569,-0.693306011,0.019791667,1,1,1,NA,1,1
8087,"rep","third",3,1,"high",5,0.953156823,1,1,-0.661865569,-0.693306011,0.019791667,1,1,1,1,NA,1
8088,"rep","first",1,1,"high",6,1.953156823,0,0,1.004801097,1.306693989,-0.355208333,0,1,1,0,NA,1
8088,"brand","second",2,0,"low",4,-0.967413442,1,1,1.004801097,1.306693989,-0.355208333,0,1,1,NA,1,1
8088,"pop","third",3,1,"high",3,-1.525458248,0,1,1.004801097,1.306693989,-0.355208333,0,1,1,0,1,NA
8089,"rep","first",1,1,"high",5,0.953156823,0,0,-1.328532236,-0.359972678,1.894791667,1,0,1,1,NA,0
8089,"brand","second",2,1,"high",7,2.032586558,1,1,-1.328532236,-0.359972678,1.894791667,1,0,1,NA,1,0
8089,"pop","third",3,0,"low",6,1.474541752,0,1,-1.328532236,-0.359972678,1.894791667,1,0,1,1,1,NA
8090,"rep","first",1,1,"high",1,-3.046843177,1,0,0.004801097,0.973360656,1.519791667,1,1,1,1,NA,1
8090,"pop","second",2,1,"high",2,-2.525458248,0,1,0.004801097,0.973360656,1.519791667,1,1,1,1,1,NA
8090,"brand","third",3,1,"high",5,0.032586558,1,1,0.004801097,0.973360656,1.519791667,1,1,1,NA,1,1
8091,"rep","first",1,1,"high",6,1.953156823,1,0,-1.328532236,-1.359972678,0.644791667,0,1,1,0,NA,1
8091,"brand","second",2,0,"low",3,-1.967413442,1,1,-1.328532236,-1.359972678,0.644791667,0,1,1,NA,1,1
8091,"pop","third",3,1,"high",5,0.474541752,1,1,-1.328532236,-1.359972678,0.644791667,0,1,1,0,1,NA
8092,"brand","first",1,0,"low",3,-1.967413442,1,0,-2.328532236,-1.026639344,0.394791667,0,0,0,NA,0,0
8092,"pop","second",2,0,"low",4,-0.525458248,1,1,-2.328532236,-1.026639344,0.394791667,0,0,0,0,0,NA
8092,"rep","third",3,0,"low",5,0.953156823,0,1,-2.328532236,-1.026639344,0.394791667,0,0,0,0,NA,0
8093,"pop","first",1,1,"high",7,2.474541752,1,0,0.338134431,-0.693306011,0.644791667,1,1,1,1,1,NA
8093,"brand","second",2,1,"high",7,2.032586558,1,1,0.338134431,-0.693306011,0.644791667,1,1,1,NA,1,1
8093,"rep","third",3,1,"high",6,1.953156823,1,1,0.338134431,-0.693306011,0.644791667,1,1,1,1,NA,1
8094,"pop","first",1,1,"high",5,0.474541752,1,0,-1.995198903,-0.026639344,1.519791667,0,1,1,0,1,NA
8094,"rep","second",2,1,"high",5,0.953156823,1,1,-1.995198903,-0.026639344,1.519791667,0,1,1,0,NA,1
8094,"brand","third",3,0,"low",5,0.032586558,0,1,-1.995198903,-0.026639344,1.519791667,0,1,1,NA,1,1
8095,"pop","first",1,1,"high",2,-2.525458248,1,0,-0.328532236,-0.026639344,-1.480208333,0,1,1,0,1,NA
8095,"brand","second",2,0,"low",6,1.032586558,0,1,-0.328532236,-0.026639344,-1.480208333,0,1,1,NA,1,1
8095,"rep","third",3,1,"high",4,-0.046843177,1,1,-0.328532236,-0.026639344,-1.480208333,0,1,1,0,NA,1
8096,"pop","first",1,1,"high",3,-1.525458248,1,0,0.004801097,0.640027322,-1.855208333,1,1,0,1,0,NA
8096,"rep","second",2,0,"low",2,-2.046843177,1,1,0.004801097,0.640027322,-1.855208333,1,1,0,1,NA,1
8096,"brand","third",3,1,"high",5,0.032586558,1,1,0.004801097,0.640027322,-1.855208333,1,1,0,NA,0,1
8097,"brand","first",1,0,"low",6,1.032586558,0,0,-1.328532236,-0.359972678,0.269791667,0,0,0,NA,0,0
8097,"pop","second",2,0,"low",5,0.474541752,1,1,-1.328532236,-0.359972678,0.269791667,0,0,0,0,0,NA
8097,"rep","third",3,0,"low",4,-0.046843177,1,1,-1.328532236,-0.359972678,0.269791667,0,0,0,0,NA,0
8098,"rep","first",1,0,"low",4,-0.046843177,1,0,-0.995198903,-2.693306011,0.019791667,0,1,0,0,NA,1
8098,"brand","second",2,0,"low",6,1.032586558,0,1,-0.995198903,-2.693306011,0.019791667,0,1,0,NA,0,1
8098,"pop","third",3,1,"high",6,1.474541752,0,1,-0.995198903,-2.693306011,0.019791667,0,1,0,0,0,NA
8099,"rep","first",1,0,"low",6,1.953156823,0,0,-0.661865569,-1.359972678,0.894791667,0,0,0,0,NA,0
8099,"brand","second",2,0,"low",6,1.032586558,1,1,-0.661865569,-1.359972678,0.894791667,0,0,0,NA,0,0
8099,"pop","third",3,0,"low",6,1.474541752,0,1,-0.661865569,-1.359972678,0.894791667,0,0,0,0,0,NA
8100,"brand","first",1,1,"high",7,2.032586558,1,0,0.671467764,-1.693306011,0.769791667,1,0,0,NA,0,0
8100,"pop","second",2,0,"low",6,1.474541752,1,1,0.671467764,-1.693306011,0.769791667,1,0,0,1,0,NA
8100,"rep","third",3,0,"low",3,-1.046843177,1,1,0.671467764,-1.693306011,0.769791667,1,0,0,1,NA,0
8101,"rep","first",1,1,"high",2,-2.046843177,0,0,-0.995198903,-2.026639344,0.769791667,0,1,1,0,NA,1
8101,"pop","second",2,1,"high",3,-1.525458248,0,1,-0.995198903,-2.026639344,0.769791667,0,1,1,0,1,NA
8101,"brand","third",3,0,"low",4,-0.967413442,1,1,-0.995198903,-2.026639344,0.769791667,0,1,1,NA,1,1
8102,"pop","first",1,1,"high",4,-0.525458248,1,0,-0.328532236,-0.026639344,-1.105208333,1,1,0,1,0,NA
8102,"brand","second",2,1,"high",5,0.032586558,0,1,-0.328532236,-0.026639344,-1.105208333,1,1,0,NA,0,1
8102,"rep","third",3,0,"low",3,-1.046843177,1,1,-0.328532236,-0.026639344,-1.105208333,1,1,0,1,NA,1
8103,"brand","first",1,1,"high",7,2.032586558,1,0,0.004801097,-1.359972678,-0.230208333,1,1,1,NA,1,1
8103,"rep","second",2,1,"high",6,1.953156823,1,1,0.004801097,-1.359972678,-0.230208333,1,1,1,1,NA,1
8103,"pop","third",3,1,"high",4,-0.525458248,0,1,0.004801097,-1.359972678,-0.230208333,1,1,1,1,1,NA
8104,"pop","first",1,1,"high",3,-1.525458248,1,0,0.671467764,0.306693989,0.019791667,1,1,1,1,1,NA
8104,"brand","second",2,1,"high",5,0.032586558,1,1,0.671467764,0.306693989,0.019791667,1,1,1,NA,1,1
8104,"rep","third",3,1,"high",3,-1.046843177,1,1,0.671467764,0.306693989,0.019791667,1,1,1,1,NA,1
8106,"brand","first",1,0,"low",2,-2.967413442,1,0,-2.661865569,-2.693306011,0.394791667,0,0,0,NA,0,0
8106,"pop","second",2,0,"low",6,1.474541752,1,1,-2.661865569,-2.693306011,0.394791667,0,0,0,0,0,NA
8106,"rep","third",3,0,"low",3,-1.046843177,0,1,-2.661865569,-2.693306011,0.394791667,0,0,0,0,NA,0
8107,"brand","first",1,1,"high",6,1.032586558,1,0,-0.328532236,-0.026639344,-0.730208333,1,1,1,NA,1,1
8107,"rep","second",2,1,"high",6,1.953156823,1,1,-0.328532236,-0.026639344,-0.730208333,1,1,1,1,NA,1
8107,"pop","third",3,1,"high",5,0.474541752,0,1,-0.328532236,-0.026639344,-0.730208333,1,1,1,1,1,NA
8108,"rep","first",1,0,"low",4,-0.046843177,1,0,-0.661865569,0.973360656,0.519791667,1,0,0,1,NA,0
8108,"pop","second",2,0,"low",5,0.474541752,1,1,-0.661865569,0.973360656,0.519791667,1,0,0,1,0,NA
8108,"brand","third",3,1,"high",6,1.032586558,1,1,-0.661865569,0.973360656,0.519791667,1,0,0,NA,0,0
8109,"brand","first",1,1,"high",4,-0.967413442,1,0,-0.328532236,0.973360656,0.644791667,1,1,1,NA,1,1
8109,"pop","second",2,1,"high",3,-1.525458248,1,1,-0.328532236,0.973360656,0.644791667,1,1,1,1,1,NA
8109,"rep","third",3,1,"high",5,0.953156823,1,1,-0.328532236,0.973360656,0.644791667,1,1,1,1,NA,1
8110,"rep","first",1,1,"high",2,-2.046843177,1,0,-0.328532236,-0.026639344,0.519791667,1,0,1,1,NA,0
8110,"pop","second",2,0,"low",4,-0.525458248,0,1,-0.328532236,-0.026639344,0.519791667,1,0,1,1,1,NA
8110,"brand","third",3,1,"high",3,-1.967413442,1,1,-0.328532236,-0.026639344,0.519791667,1,0,1,NA,1,0
8111,"brand","first",1,0,"low",2,-2.967413442,1,0,0.338134431,2.306693989,0.894791667,0,1,1,NA,1,1
8111,"rep","second",2,1,"high",5,0.953156823,1,1,0.338134431,2.306693989,0.894791667,0,1,1,0,NA,1
8111,"pop","third",3,1,"high",5,0.474541752,1,1,0.338134431,2.306693989,0.894791667,0,1,1,0,1,NA
8113,"brand","first",1,1,"high",7,2.032586558,1,0,0.671467764,0.973360656,0.519791667,1,1,1,NA,1,1
8113,"pop","second",2,1,"high",5,0.474541752,1,1,0.671467764,0.973360656,0.519791667,1,1,1,1,1,NA
8113,"rep","third",3,1,"high",5,0.953156823,1,1,0.671467764,0.973360656,0.519791667,1,1,1,1,NA,1
8114,"rep","first",1,0,"low",2,-2.046843177,1,0,0.004801097,1.306693989,-0.605208333,1,1,0,1,NA,1
8114,"pop","second",2,1,"high",5,0.474541752,1,1,0.004801097,1.306693989,-0.605208333,1,1,0,1,0,NA
8114,"brand","third",3,1,"high",4,-0.967413442,1,1,0.004801097,1.306693989,-0.605208333,1,1,0,NA,0,1
8115,"pop","first",1,1,"high",5,0.474541752,1,0,-1.328532236,-2.359972678,-0.855208333,1,1,0,1,0,NA
8115,"brand","second",2,1,"high",6,1.032586558,0,1,-1.328532236,-2.359972678,-0.855208333,1,1,0,NA,0,1
8115,"rep","third",3,0,"low",2,-2.046843177,1,1,-1.328532236,-2.359972678,-0.855208333,1,1,0,1,NA,1
8116,"pop","first",1,0,"low",6,1.474541752,1,0,0.671467764,-0.026639344,-2.105208333,0,0,1,0,1,NA
8116,"brand","second",2,0,"low",5,0.032586558,0,1,0.671467764,-0.026639344,-2.105208333,0,0,1,NA,1,0
8116,"rep","third",3,1,"high",7,2.953156823,1,1,0.671467764,-0.026639344,-2.105208333,0,0,1,0,NA,0
8117,"pop","first",1,0,"low",2,-2.525458248,1,0,-0.661865569,-0.359972678,-3.105208333,1,0,1,1,1,NA
8117,"brand","second",2,1,"high",6,1.032586558,1,1,-0.661865569,-0.359972678,-3.105208333,1,0,1,NA,1,0
8117,"rep","third",3,1,"high",3,-1.046843177,0,1,-0.661865569,-0.359972678,-3.105208333,1,0,1,1,NA,0
8118,"rep","first",1,0,"low",3,-1.046843177,1,0,-0.328532236,-1.359972678,-0.355208333,1,0,0,1,NA,0
8118,"pop","second",2,0,"low",2,-2.525458248,1,1,-0.328532236,-1.359972678,-0.355208333,1,0,0,1,0,NA
8118,"brand","third",3,1,"high",5,0.032586558,1,1,-0.328532236,-1.359972678,-0.355208333,1,0,0,NA,0,0
8119,"rep","first",1,1,"high",5,0.953156823,1,0,-0.995198903,0.306693989,2.269791667,0,0,1,0,NA,0
8119,"pop","second",2,0,"low",5,0.474541752,0,1,-0.995198903,0.306693989,2.269791667,0,0,1,0,1,NA
8119,"brand","third",3,0,"low",5,0.032586558,0,1,-0.995198903,0.306693989,2.269791667,0,0,1,NA,1,0
8120,"pop","first",1,0,"low",6,1.474541752,0,0,0.671467764,-0.026639344,1.269791667,1,0,1,1,1,NA
8120,"brand","second",2,1,"high",5,0.032586558,0,1,0.671467764,-0.026639344,1.269791667,1,0,1,NA,1,0
8120,"rep","third",3,1,"high",7,2.953156823,1,1,0.671467764,-0.026639344,1.269791667,1,0,1,1,NA,0
8121,"rep","first",1,0,"low",2,-2.046843177,1,0,-1.328532236,1.306693989,1.394791667,0,0,0,0,NA,0
8121,"brand","second",2,0,"low",5,0.032586558,0,1,-1.328532236,1.306693989,1.394791667,0,0,0,NA,0,0
8121,"pop","third",3,0,"low",3,-1.525458248,1,1,-1.328532236,1.306693989,1.394791667,0,0,0,0,0,NA
8123,"brand","first",1,0,"low",4,-0.967413442,1,0,-0.328532236,-0.026639344,-1.480208333,0,1,0,NA,0,1
8123,"pop","second",2,1,"high",4,-0.525458248,0,1,-0.328532236,-0.026639344,-1.480208333,0,1,0,0,0,NA
8123,"rep","third",3,0,"low",2,-2.046843177,1,1,-0.328532236,-0.026639344,-1.480208333,0,1,0,0,NA,1
8124,"rep","first",1,0,"low",1,-3.046843177,1,0,-0.661865569,-0.026639344,-0.355208333,0,1,0,0,NA,1
8124,"pop","second",2,1,"high",6,1.474541752,1,1,-0.661865569,-0.026639344,-0.355208333,0,1,0,0,0,NA
8124,"brand","third",3,0,"low",4,-0.967413442,0,1,-0.661865569,-0.026639344,-0.355208333,0,1,0,NA,0,1
8125,"pop","first",1,1,"high",7,2.474541752,0,0,0.004801097,-1.693306011,0.394791667,0,1,0,0,0,NA
8125,"brand","second",2,0,"low",7,2.032586558,1,1,0.004801097,-1.693306011,0.394791667,0,1,0,NA,0,1
8125,"rep","third",3,0,"low",1,-3.046843177,1,1,0.004801097,-1.693306011,0.394791667,0,1,0,0,NA,1
8126,"brand","first",1,1,"high",6,1.032586558,1,0,1.671467764,-0.359972678,-2.480208333,1,1,0,NA,0,1
8126,"rep","second",2,0,"low",3,-1.046843177,1,1,1.671467764,-0.359972678,-2.480208333,1,1,0,1,NA,1
8126,"pop","third",3,1,"high",6,1.474541752,1,1,1.671467764,-0.359972678,-2.480208333,1,1,0,1,0,NA
8127,"rep","first",1,1,"high",6,1.953156823,1,0,-1.328532236,0.306693989,0.144791667,0,0,1,0,NA,0
8127,"brand","second",2,0,"low",5,0.032586558,1,1,-1.328532236,0.306693989,0.144791667,0,0,1,NA,1,0
8127,"pop","third",3,0,"low",5,0.474541752,1,1,-1.328532236,0.306693989,0.144791667,0,0,1,0,1,NA
8128,"brand","first",1,0,"low",3,-1.967413442,0,0,1.338134431,-1.026639344,1.769791667,0,1,0,NA,0,1
8128,"pop","second",2,1,"high",3,-1.525458248,1,1,1.338134431,-1.026639344,1.769791667,0,1,0,0,0,NA
8128,"rep","third",3,0,"low",5,0.953156823,1,1,1.338134431,-1.026639344,1.769791667,0,1,0,0,NA,1
8129,"rep","first",1,0,"low",3,-1.046843177,1,0,1.338134431,0.973360656,-0.480208333,1,0,0,1,NA,0
8129,"brand","second",2,1,"high",7,2.032586558,1,1,1.338134431,0.973360656,-0.480208333,1,0,0,NA,0,0
8129,"pop","third",3,0,"low",2,-2.525458248,1,1,1.338134431,0.973360656,-0.480208333,1,0,0,1,0,NA
8130,"pop","first",1,1,"high",5,0.474541752,1,0,0.338134431,1.306693989,0.644791667,0,1,1,0,1,NA
8130,"brand","second",2,0,"low",3,-1.967413442,1,1,0.338134431,1.306693989,0.644791667,0,1,1,NA,1,1
8130,"rep","third",3,1,"high",3,-1.046843177,1,1,0.338134431,1.306693989,0.644791667,0,1,1,0,NA,1
8131,"rep","first",1,1,"high",4,-0.046843177,1,0,0.671467764,0.306693989,-1.105208333,0,1,1,0,NA,1
8131,"pop","second",2,1,"high",3,-1.525458248,1,1,0.671467764,0.306693989,-1.105208333,0,1,1,0,1,NA
8131,"brand","third",3,0,"low",3,-1.967413442,1,1,0.671467764,0.306693989,-1.105208333,0,1,1,NA,1,1
8132,"rep","first",1,0,"low",5,0.953156823,0,0,0.338134431,-0.359972678,-1.230208333,0,0,0,0,NA,0
8132,"brand","second",2,0,"low",5,0.032586558,1,1,0.338134431,-0.359972678,-1.230208333,0,0,0,NA,0,0
8132,"pop","third",3,0,"low",5,0.474541752,0,1,0.338134431,-0.359972678,-1.230208333,0,0,0,0,0,NA
8133,"pop","first",1,1,"high",3,-1.525458248,0,0,-0.661865569,0.973360656,0.644791667,0,1,0,0,0,NA
8133,"rep","second",2,0,"low",5,0.953156823,0,1,-0.661865569,0.973360656,0.644791667,0,1,0,0,NA,1
8133,"brand","third",3,0,"low",6,1.032586558,1,1,-0.661865569,0.973360656,0.644791667,0,1,0,NA,0,1
8134,"brand","first",1,0,"low",5,0.032586558,1,0,0.004801097,-2.693306011,-0.730208333,0,1,1,NA,1,1
8134,"rep","second",2,1,"high",7,2.953156823,1,1,0.004801097,-2.693306011,-0.730208333,0,1,1,0,NA,1
8134,"pop","third",3,1,"high",6,1.474541752,0,1,0.004801097,-2.693306011,-0.730208333,0,1,1,0,1,NA
8136,"rep","first",1,0,"low",1,-3.046843177,1,0,0.004801097,-0.693306011,0.394791667,1,0,0,1,NA,0
8136,"brand","second",2,1,"high",4,-0.967413442,1,1,0.004801097,-0.693306011,0.394791667,1,0,0,NA,0,0
8136,"pop","third",3,0,"low",2,-2.525458248,0,1,0.004801097,-0.693306011,0.394791667,1,0,0,1,0,NA
8137,"rep","first",1,0,"low",3,-1.046843177,1,0,0.004801097,1.306693989,-1.730208333,1,0,0,1,NA,0
8137,"pop","second",2,0,"low",4,-0.525458248,1,1,0.004801097,1.306693989,-1.730208333,1,0,0,1,0,NA
8137,"brand","third",3,1,"high",5,0.032586558,1,1,0.004801097,1.306693989,-1.730208333,1,0,0,NA,0,0
8138,"brand","first",1,1,"high",6,1.032586558,1,0,-0.328532236,-0.026639344,0.769791667,1,0,1,NA,1,0
8138,"pop","second",2,0,"low",4,-0.525458248,1,1,-0.328532236,-0.026639344,0.769791667,1,0,1,1,1,NA
8138,"rep","third",3,1,"high",6,1.953156823,1,1,-0.328532236,-0.026639344,0.769791667,1,0,1,1,NA,0
8139,"brand","first",1,0,"low",3,-1.967413442,0,0,-1.661865569,-0.693306011,-0.105208333,0,1,1,NA,1,1
8139,"rep","second",2,1,"high",2,-2.046843177,1,1,-1.661865569,-0.693306011,-0.105208333,0,1,1,0,NA,1
8139,"pop","third",3,1,"high",3,-1.525458248,1,1,-1.661865569,-0.693306011,-0.105208333,0,1,1,0,1,NA
8140,"rep","first",1,0,"low",2,-2.046843177,1,0,0.338134431,-1.026639344,-0.480208333,0,0,0,0,NA,0
8140,"pop","second",2,0,"low",5,0.474541752,1,1,0.338134431,-1.026639344,-0.480208333,0,0,0,0,0,NA
8140,"brand","third",3,0,"low",6,1.032586558,0,1,0.338134431,-1.026639344,-0.480208333,0,0,0,NA,0,0
8141,"pop","first",1,1,"high",4,-0.525458248,0,0,-0.995198903,0.640027322,0.519791667,1,1,0,1,0,NA
8141,"brand","second",2,1,"high",6,1.032586558,1,1,-0.995198903,0.640027322,0.519791667,1,1,0,NA,0,1
8141,"rep","third",3,0,"low",3,-1.046843177,0,1,-0.995198903,0.640027322,0.519791667,1,1,0,1,NA,1
8142,"pop","first",1,0,"low",5,0.474541752,0,0,-2.995198903,-1.693306011,-1.730208333,0,0,0,0,0,NA
8142,"brand","second",2,0,"low",5,0.032586558,0,1,-2.995198903,-1.693306011,-1.730208333,0,0,0,NA,0,0
8142,"rep","third",3,0,"low",5,0.953156823,0,1,-2.995198903,-1.693306011,-1.730208333,0,0,0,0,NA,0
8143,"brand","first",1,1,"high",5,0.032586558,1,0,-1.328532236,-1.026639344,-0.355208333,1,0,0,NA,0,0
8143,"rep","second",2,0,"low",2,-2.046843177,1,1,-1.328532236,-1.026639344,-0.355208333,1,0,0,1,NA,0
8143,"pop","third",3,0,"low",4,-0.525458248,0,1,-1.328532236,-1.026639344,-0.355208333,1,0,0,1,0,NA
8145,"rep","first",1,1,"high",5,0.953156823,1,0,1.004801097,-0.026639344,0.644791667,1,1,1,1,NA,1
8145,"brand","second",2,1,"high",6,1.032586558,1,1,1.004801097,-0.026639344,0.644791667,1,1,1,NA,1,1
8145,"pop","third",3,1,"high",5,0.474541752,1,1,1.004801097,-0.026639344,0.644791667,1,1,1,1,1,NA
8146,"pop","first",1,1,"high",5,0.474541752,1,0,0.338134431,-0.026639344,0.894791667,0,1,0,0,0,NA
8146,"rep","second",2,0,"low",5,0.953156823,1,1,0.338134431,-0.026639344,0.894791667,0,1,0,0,NA,1
8146,"brand","third",3,0,"low",5,0.032586558,1,1,0.338134431,-0.026639344,0.894791667,0,1,0,NA,0,1
8147,"brand","first",1,0,"low",5,0.032586558,0,0,1.671467764,0.640027322,-2.230208333,0,0,1,NA,1,0
8147,"rep","second",2,1,"high",3,-1.046843177,1,1,1.671467764,0.640027322,-2.230208333,0,0,1,0,NA,0
8147,"pop","third",3,0,"low",1,-3.525458248,1,1,1.671467764,0.640027322,-2.230208333,0,0,1,0,1,NA
8148,"brand","first",1,0,"low",5,0.032586558,1,0,-0.995198903,-0.359972678,-0.730208333,0,0,0,NA,0,0
8148,"pop","second",2,0,"low",3,-1.525458248,0,1,-0.995198903,-0.359972678,-0.730208333,0,0,0,0,0,NA
8148,"rep","third",3,0,"low",4,-0.046843177,0,1,-0.995198903,-0.359972678,-0.730208333,0,0,0,0,NA,0
8149,"rep","first",1,1,"high",2,-2.046843177,1,0,-5.328532236,0.640027322,-2.730208333,1,0,1,1,NA,0
8149,"pop","second",2,0,"low",4,-0.525458248,0,1,-5.328532236,0.640027322,-2.730208333,1,0,1,1,1,NA
8149,"brand","third",3,1,"high",4,-0.967413442,0,1,-5.328532236,0.640027322,-2.730208333,1,0,1,NA,1,0
8150,"pop","first",1,1,"high",5,0.474541752,0,0,1.004801097,-0.359972678,1.394791667,0,1,1,0,1,NA
8150,"rep","second",2,1,"high",5,0.953156823,1,1,1.004801097,-0.359972678,1.394791667,0,1,1,0,NA,1
8150,"brand","third",3,0,"low",3,-1.967413442,0,1,1.004801097,-0.359972678,1.394791667,0,1,1,NA,1,1
8151,"pop","first",1,1,"high",4,-0.525458248,1,0,-5.328532236,1.973360656,-3.480208333,0,1,0,0,0,NA
8151,"brand","second",2,0,"low",4,-0.967413442,1,1,-5.328532236,1.973360656,-3.480208333,0,1,0,NA,0,1
8151,"rep","third",3,0,"low",4,-0.046843177,1,1,-5.328532236,1.973360656,-3.480208333,0,1,0,0,NA,1
8152,"rep","first",1,0,"low",2,-2.046843177,1,0,-0.328532236,-0.359972678,-0.355208333,1,0,0,1,NA,0
8152,"pop","second",2,0,"low",2,-2.525458248,1,1,-0.328532236,-0.359972678,-0.355208333,1,0,0,1,0,NA
8152,"brand","third",3,1,"high",1,-3.967413442,1,1,-0.328532236,-0.359972678,-0.355208333,1,0,0,NA,0,0
8153,"brand","first",1,1,"high",4,-0.967413442,0,0,0.004801097,-3.693306011,1.519791667,1,0,0,NA,0,0
8153,"pop","second",2,0,"low",4,-0.525458248,0,1,0.004801097,-3.693306011,1.519791667,1,0,0,1,0,NA
8153,"rep","third",3,0,"low",2,-2.046843177,1,1,0.004801097,-3.693306011,1.519791667,1,0,0,1,NA,0
8156,"pop","first",1,0,"low",5,0.474541752,1,0,-1.328532236,-2.026639344,-2.855208333,0,0,0,0,0,NA
8156,"brand","second",2,0,"low",5,0.032586558,0,1,-1.328532236,-2.026639344,-2.855208333,0,0,0,NA,0,0
8156,"rep","third",3,0,"low",2,-2.046843177,1,1,-1.328532236,-2.026639344,-2.855208333,0,0,0,0,NA,0
8158,"rep","first",1,0,"low",5,0.953156823,1,0,-1.328532236,-1.026639344,0.019791667,0,1,0,0,NA,1
8158,"brand","second",2,0,"low",7,2.032586558,0,1,-1.328532236,-1.026639344,0.019791667,0,1,0,NA,0,1
8158,"pop","third",3,1,"high",4,-0.525458248,1,1,-1.328532236,-1.026639344,0.019791667,0,1,0,0,0,NA
8159,"brand","first",1,0,"low",5,0.032586558,0,0,0.671467764,1.640027322,0.019791667,0,0,1,NA,1,0
8159,"rep","second",2,1,"high",4,-0.046843177,1,1,0.671467764,1.640027322,0.019791667,0,0,1,0,NA,0
8159,"pop","third",3,0,"low",3,-1.525458248,0,1,0.671467764,1.640027322,0.019791667,0,0,1,0,1,NA
8160,"pop","first",1,0,"low",6,1.474541752,0,0,0.004801097,-1.693306011,-0.355208333,0,0,0,0,0,NA
8160,"rep","second",2,0,"low",7,2.953156823,1,1,0.004801097,-1.693306011,-0.355208333,0,0,0,0,NA,0
8160,"brand","third",3,0,"low",4,-0.967413442,1,1,0.004801097,-1.693306011,-0.355208333,0,0,0,NA,0,0
8161,"brand","first",1,1,"high",5,0.032586558,0,0,-1.328532236,-0.026639344,0.269791667,1,0,0,NA,0,0
8161,"pop","second",2,0,"low",3,-1.525458248,1,1,-1.328532236,-0.026639344,0.269791667,1,0,0,1,0,NA
8161,"rep","third",3,0,"low",2,-2.046843177,1,1,-1.328532236,-0.026639344,0.269791667,1,0,0,1,NA,0
8162,"pop","first",1,1,"high",7,2.474541752,1,0,0.671467764,-0.359972678,1.394791667,0,1,0,0,0,NA
8162,"brand","second",2,0,"low",7,2.032586558,1,1,0.671467764,-0.359972678,1.394791667,0,1,0,NA,0,1
8162,"rep","third",3,0,"low",7,2.953156823,1,1,0.671467764,-0.359972678,1.394791667,0,1,0,0,NA,1
8165,"pop","first",1,0,"low",3,-1.525458248,0,0,-0.661865569,0.973360656,-1.230208333,0,0,1,0,1,NA
8165,"rep","second",2,1,"high",3,-1.046843177,0,1,-0.661865569,0.973360656,-1.230208333,0,0,1,0,NA,0
8165,"brand","third",3,0,"low",3,-1.967413442,0,1,-0.661865569,0.973360656,-1.230208333,0,0,1,NA,1,0
8166,"brand","first",1,0,"low",2,-2.967413442,1,0,1.004801097,1.640027322,0.394791667,0,1,0,NA,0,1
8166,"rep","second",2,0,"low",4,-0.046843177,1,1,1.004801097,1.640027322,0.394791667,0,1,0,0,NA,1
8166,"pop","third",3,1,"high",4,-0.525458248,1,1,1.004801097,1.640027322,0.394791667,0,1,0,0,0,NA
8167,"rep","first",1,1,"high",5,0.953156823,1,0,0.671467764,-0.693306011,1.144791667,1,0,1,1,NA,0
8167,"pop","second",2,0,"low",2,-2.525458248,1,1,0.671467764,-0.693306011,1.144791667,1,0,1,1,1,NA
8167,"brand","third",3,1,"high",5,0.032586558,0,1,0.671467764,-0.693306011,1.144791667,1,0,1,NA,1,0
8168,"rep","first",1,0,"low",4,-0.046843177,1,0,0.004801097,-1.693306011,-0.730208333,1,1,0,1,NA,1
8168,"pop","second",2,1,"high",3,-1.525458248,0,1,0.004801097,-1.693306011,-0.730208333,1,1,0,1,0,NA
8168,"brand","third",3,1,"high",3,-1.967413442,0,1,0.004801097,-1.693306011,-0.730208333,1,1,0,NA,0,1
8169,"pop","first",1,1,"high",6,1.474541752,0,0,-1.328532236,-1.693306011,1.019791667,1,1,0,1,0,NA
8169,"rep","second",2,0,"low",6,1.953156823,1,1,-1.328532236,-1.693306011,1.019791667,1,1,0,1,NA,1
8169,"brand","third",3,1,"high",6,1.032586558,1,1,-1.328532236,-1.693306011,1.019791667,1,1,0,NA,0,1
8170,"brand","first",1,1,"high",6,1.032586558,0,0,1.004801097,0.306693989,1.019791667,1,0,0,NA,0,0
8170,"pop","second",2,0,"low",3,-1.525458248,1,1,1.004801097,0.306693989,1.019791667,1,0,0,1,0,NA
8170,"rep","third",3,0,"low",3,-1.046843177,1,1,1.004801097,0.306693989,1.019791667,1,0,0,1,NA,0
8172,"rep","first",1,1,"high",3,-1.046843177,1,0,1.671467764,0.973360656,1.269791667,0,1,1,0,NA,1
8172,"brand","second",2,0,"low",2,-2.967413442,1,1,1.671467764,0.973360656,1.269791667,0,1,1,NA,1,1
8172,"pop","third",3,1,"high",3,-1.525458248,0,1,1.671467764,0.973360656,1.269791667,0,1,1,0,1,NA
8173,"rep","first",1,1,"high",2,-2.046843177,1,0,-1.995198903,1.306693989,-0.355208333,0,0,1,0,NA,0
8173,"pop","second",2,0,"low",2,-2.525458248,1,1,-1.995198903,1.306693989,-0.355208333,0,0,1,0,1,NA
8173,"brand","third",3,0,"low",4,-0.967413442,1,1,-1.995198903,1.306693989,-0.355208333,0,0,1,NA,1,0
8174,"rep","first",1,1,"high",1,-3.046843177,0,0,-0.995198903,-0.026639344,0.144791667,0,1,1,0,NA,1
8174,"brand","second",2,0,"low",1,-3.967413442,1,1,-0.995198903,-0.026639344,0.144791667,0,1,1,NA,1,1
8174,"pop","third",3,1,"high",1,-3.525458248,0,1,-0.995198903,-0.026639344,0.144791667,0,1,1,0,1,NA
8176,"brand","first",1,0,"low",5,0.032586558,1,0,-0.328532236,-0.693306011,1.269791667,0,1,1,NA,1,1
8176,"pop","second",2,1,"high",3,-1.525458248,0,1,-0.328532236,-0.693306011,1.269791667,0,1,1,0,1,NA
8176,"rep","third",3,1,"high",5,0.953156823,0,1,-0.328532236,-0.693306011,1.269791667,0,1,1,0,NA,1
8177,"pop","first",1,0,"low",6,1.474541752,1,0,1.671467764,-1.693306011,1.519791667,0,0,0,0,0,NA
8177,"rep","second",2,0,"low",5,0.953156823,1,1,1.671467764,-1.693306011,1.519791667,0,0,0,0,NA,0
8177,"brand","third",3,0,"low",7,2.032586558,1,1,1.671467764,-1.693306011,1.519791667,0,0,0,NA,0,0
8178,"pop","first",1,1,"high",6,1.474541752,1,0,-0.661865569,-2.026639344,-1.855208333,1,1,0,1,0,NA
8178,"brand","second",2,1,"high",7,2.032586558,1,1,-0.661865569,-2.026639344,-1.855208333,1,1,0,NA,0,1
8178,"rep","third",3,0,"low",3,-1.046843177,1,1,-0.661865569,-2.026639344,-1.855208333,1,1,0,1,NA,1
8179,"brand","first",1,1,"high",6,1.032586558,1,0,0.338134431,-0.359972678,-1.855208333,1,0,1,NA,1,0
8179,"rep","second",2,1,"high",5,0.953156823,1,1,0.338134431,-0.359972678,-1.855208333,1,0,1,1,NA,0
8179,"pop","third",3,0,"low",3,-1.525458248,0,1,0.338134431,-0.359972678,-1.855208333,1,0,1,1,1,NA
8180,"rep","first",1,1,"high",4,-0.046843177,1,0,0.338134431,0.973360656,1.394791667,1,1,1,1,NA,1
8180,"brand","second",2,1,"high",5,0.032586558,1,1,0.338134431,0.973360656,1.394791667,1,1,1,NA,1,1
8180,"pop","third",3,1,"high",6,1.474541752,1,1,0.338134431,0.973360656,1.394791667,1,1,1,1,1,NA
8182,"pop","first",1,1,"high",5,0.474541752,0,0,1.004801097,0.973360656,-0.105208333,1,1,0,1,0,NA
8182,"brand","second",2,1,"high",6,1.032586558,1,1,1.004801097,0.973360656,-0.105208333,1,1,0,NA,0,1
8182,"rep","third",3,0,"low",4,-0.046843177,0,1,1.004801097,0.973360656,-0.105208333,1,1,0,1,NA,1
8183,"pop","first",1,1,"high",6,1.474541752,0,0,0.004801097,-2.026639344,0.769791667,1,1,0,1,0,NA
8183,"brand","second",2,1,"high",7,2.032586558,1,1,0.004801097,-2.026639344,0.769791667,1,1,0,NA,0,1
8183,"rep","third",3,0,"low",5,0.953156823,1,1,0.004801097,-2.026639344,0.769791667,1,1,0,1,NA,1
8185,"rep","first",1,1,"high",3,-1.046843177,1,0,1.004801097,1.640027322,0.144791667,1,0,1,1,NA,0
8185,"brand","second",2,1,"high",5,0.032586558,1,1,1.004801097,1.640027322,0.144791667,1,0,1,NA,1,0
8185,"pop","third",3,0,"low",1,-3.525458248,0,1,1.004801097,1.640027322,0.144791667,1,0,1,1,1,NA
8186,"rep","first",1,0,"low",1,-3.046843177,1,0,0.338134431,-1.359972678,-0.355208333,0,1,0,0,NA,1
8186,"pop","second",2,1,"high",2,-2.525458248,1,1,0.338134431,-1.359972678,-0.355208333,0,1,0,0,0,NA
8186,"brand","third",3,0,"low",5,0.032586558,1,1,0.338134431,-1.359972678,-0.355208333,0,1,0,NA,0,1
8187,"brand","first",1,1,"high",4,-0.967413442,1,0,-1.661865569,0.306693989,-0.730208333,1,1,0,NA,0,1
8187,"pop","second",2,1,"high",2,-2.525458248,0,1,-1.661865569,0.306693989,-0.730208333,1,1,0,1,0,NA
8187,"rep","third",3,0,"low",2,-2.046843177,1,1,-1.661865569,0.306693989,-0.730208333,1,1,0,1,NA,1
8188,"pop","first",1,0,"low",7,2.474541752,0,0,0.671467764,-0.693306011,1.894791667,1,0,0,1,0,NA
8188,"brand","second",2,1,"high",7,2.032586558,1,1,0.671467764,-0.693306011,1.894791667,1,0,0,NA,0,0
8188,"rep","third",3,0,"low",4,-0.046843177,1,1,0.671467764,-0.693306011,1.894791667,1,0,0,1,NA,0
8189,"pop","first",1,0,"low",5,0.474541752,1,0,0.338134431,1.306693989,-0.105208333,1,0,1,1,1,NA
8189,"brand","second",2,1,"high",6,1.032586558,1,1,0.338134431,1.306693989,-0.105208333,1,0,1,NA,1,0
8189,"rep","third",3,1,"high",2,-2.046843177,1,1,0.338134431,1.306693989,-0.105208333,1,0,1,1,NA,0
8190,"brand","first",1,0,"low",7,2.032586558,0,0,0.671467764,-2.693306011,0.519791667,0,0,0,NA,0,0
8190,"rep","second",2,0,"low",5,0.953156823,1,1,0.671467764,-2.693306011,0.519791667,0,0,0,0,NA,0
8190,"pop","third",3,0,"low",4,-0.525458248,1,1,0.671467764,-2.693306011,0.519791667,0,0,0,0,0,NA
8191,"brand","first",1,0,"low",5,0.032586558,1,0,1.338134431,1.640027322,2.019791667,0,0,0,NA,0,0
8191,"rep","second",2,0,"low",2,-2.046843177,1,1,1.338134431,1.640027322,2.019791667,0,0,0,0,NA,0
8191,"pop","third",3,0,"low",4,-0.525458248,0,1,1.338134431,1.640027322,2.019791667,0,0,0,0,0,NA
8194,"rep","first",1,0,"low",3,-1.046843177,1,0,0.671467764,1.973360656,1.894791667,0,0,0,0,NA,0
8194,"pop","second",2,0,"low",4,-0.525458248,1,1,0.671467764,1.973360656,1.894791667,0,0,0,0,0,NA
8194,"brand","third",3,0,"low",5,0.032586558,0,1,0.671467764,1.973360656,1.894791667,0,0,0,NA,0,0
8195,"rep","first",1,0,"low",6,1.953156823,0,0,-0.661865569,1.306693989,1.019791667,1,0,0,1,NA,0
8195,"pop","second",2,0,"low",5,0.474541752,1,1,-0.661865569,1.306693989,1.019791667,1,0,0,1,0,NA
8195,"brand","third",3,1,"high",7,2.032586558,1,1,-0.661865569,1.306693989,1.019791667,1,0,0,NA,0,0
8196,"rep","first",1,1,"high",4,-0.046843177,1,0,-0.661865569,-1.359972678,-0.230208333,1,1,1,1,NA,1
8196,"pop","second",2,1,"high",2,-2.525458248,1,1,-0.661865569,-1.359972678,-0.230208333,1,1,1,1,1,NA
8196,"brand","third",3,1,"high",5,0.032586558,1,1,-0.661865569,-1.359972678,-0.230208333,1,1,1,NA,1,1
8198,"pop","first",1,0,"low",6,1.474541752,1,0,0.338134431,0.306693989,0.144791667,0,0,0,0,0,NA
8198,"brand","second",2,0,"low",6,1.032586558,1,1,0.338134431,0.306693989,0.144791667,0,0,0,NA,0,0
8198,"rep","third",3,0,"low",4,-0.046843177,1,1,0.338134431,0.306693989,0.144791667,0,0,0,0,NA,0
8199,"brand","first",1,0,"low",4,-0.967413442,1,0,-0.328532236,2.306693989,-1.730208333,0,1,0,NA,0,1
8199,"pop","second",2,1,"high",2,-2.525458248,0,1,-0.328532236,2.306693989,-1.730208333,0,1,0,0,0,NA
8199,"rep","third",3,0,"low",2,-2.046843177,1,1,-0.328532236,2.306693989,-1.730208333,0,1,0,0,NA,1
8200,"pop","first",1,1,"high",5,0.474541752,0,0,0.338134431,2.306693989,-4.480208333,1,1,0,1,0,NA
8200,"rep","second",2,0,"low",4,-0.046843177,0,1,0.338134431,2.306693989,-4.480208333,1,1,0,1,NA,1
8200,"brand","third",3,1,"high",4,-0.967413442,0,1,0.338134431,2.306693989,-4.480208333,1,1,0,NA,0,1
8201,"brand","first",1,1,"high",7,2.032586558,1,0,-1.328532236,0.973360656,0.519791667,1,0,0,NA,0,0
8201,"pop","second",2,0,"low",4,-0.525458248,1,1,-1.328532236,0.973360656,0.519791667,1,0,0,1,0,NA
8201,"rep","third",3,0,"low",2,-2.046843177,1,1,-1.328532236,0.973360656,0.519791667,1,0,0,1,NA,0
8202,"brand","first",1,0,"low",5,0.032586558,0,0,-1.328532236,-0.026639344,-0.355208333,0,1,1,NA,1,1
8202,"rep","second",2,1,"high",5,0.953156823,1,1,-1.328532236,-0.026639344,-0.355208333,0,1,1,0,NA,1
8202,"pop","third",3,1,"high",5,0.474541752,1,1,-1.328532236,-0.026639344,-0.355208333,0,1,1,0,1,NA
8203,"pop","first",1,1,"high",5,0.474541752,0,0,-0.328532236,-1.026639344,-1.980208333,0,1,1,0,1,NA
8203,"rep","second",2,1,"high",3,-1.046843177,0,1,-0.328532236,-1.026639344,-1.980208333,0,1,1,0,NA,1
8203,"brand","third",3,0,"low",6,1.032586558,1,1,-0.328532236,-1.026639344,-1.980208333,0,1,1,NA,1,1
8205,"rep","first",1,0,"low",6,1.953156823,1,0,1.004801097,-0.026639344,0.019791667,1,0,0,1,NA,0
8205,"brand","second",2,1,"high",7,2.032586558,1,1,1.004801097,-0.026639344,0.019791667,1,0,0,NA,0,0
8205,"pop","third",3,0,"low",4,-0.525458248,1,1,1.004801097,-0.026639344,0.019791667,1,0,0,1,0,NA
8206,"rep","first",1,1,"high",5,0.953156823,1,0,0.338134431,-0.693306011,-0.355208333,1,1,1,1,NA,1
8206,"brand","second",2,1,"high",4,-0.967413442,1,1,0.338134431,-0.693306011,-0.355208333,1,1,1,NA,1,1
8206,"pop","third",3,1,"high",4,-0.525458248,1,1,0.338134431,-0.693306011,-0.355208333,1,1,1,1,1,NA
8207,"pop","first",1,0,"low",6,1.474541752,1,0,0.338134431,-0.026639344,-0.230208333,0,0,1,0,1,NA
8207,"brand","second",2,0,"low",7,2.032586558,1,1,0.338134431,-0.026639344,-0.230208333,0,0,1,NA,1,0
8207,"rep","third",3,1,"high",7,2.953156823,1,1,0.338134431,-0.026639344,-0.230208333,0,0,1,0,NA,0
8208,"pop","first",1,0,"low",4,-0.525458248,0,0,1.338134431,-0.359972678,-0.230208333,1,0,0,1,0,NA
8208,"brand","second",2,1,"high",4,-0.967413442,1,1,1.338134431,-0.359972678,-0.230208333,1,0,0,NA,0,0
8208,"rep","third",3,0,"low",1,-3.046843177,1,1,1.338134431,-0.359972678,-0.230208333,1,0,0,1,NA,0
8209,"pop","first",1,0,"low",2,-2.525458248,1,0,0.671467764,-0.026639344,0.894791667,1,0,0,1,0,NA
8209,"rep","second",2,0,"low",2,-2.046843177,1,1,0.671467764,-0.026639344,0.894791667,1,0,0,1,NA,0
8209,"brand","third",3,1,"high",6,1.032586558,1,1,0.671467764,-0.026639344,0.894791667,1,0,0,NA,0,0
8210,"rep","first",1,0,"low",5,0.953156823,1,0,-0.328532236,0.306693989,-0.230208333,0,0,0,0,NA,0
8210,"brand","second",2,0,"low",5,0.032586558,1,1,-0.328532236,0.306693989,-0.230208333,0,0,0,NA,0,0
8210,"pop","third",3,0,"low",3,-1.525458248,1,1,-0.328532236,0.306693989,-0.230208333,0,0,0,0,0,NA
8211,"rep","first",1,1,"high",2,-2.046843177,1,0,-0.661865569,-1.693306011,-0.730208333,0,1,1,0,NA,1
8211,"pop","second",2,1,"high",2,-2.525458248,1,1,-0.661865569,-1.693306011,-0.730208333,0,1,1,0,1,NA
8211,"brand","third",3,0,"low",2,-2.967413442,1,1,-0.661865569,-1.693306011,-0.730208333,0,1,1,NA,1,1
8212,"rep","first",1,1,"high",6,1.953156823,1,0,-0.328532236,-1.693306011,0.019791667,1,0,1,1,NA,0
8212,"brand","second",2,1,"high",6,1.032586558,0,1,-0.328532236,-1.693306011,0.019791667,1,0,1,NA,1,0
8212,"pop","third",3,0,"low",3,-1.525458248,1,1,-0.328532236,-1.693306011,0.019791667,1,0,1,1,1,NA
8213,"pop","first",1,0,"low",4,-0.525458248,1,0,-0.661865569,-1.359972678,-0.855208333,0,0,1,0,1,NA
8213,"rep","second",2,1,"high",5,0.953156823,0,1,-0.661865569,-1.359972678,-0.855208333,0,0,1,0,NA,0
8213,"brand","third",3,0,"low",6,1.032586558,1,1,-0.661865569,-1.359972678,-0.855208333,0,0,1,NA,1,0
8214,"pop","first",1,0,"low",7,2.474541752,0,0,1.671467764,-2.693306011,1.644791667,1,0,1,1,1,NA
8214,"brand","second",2,1,"high",7,2.032586558,1,1,1.671467764,-2.693306011,1.644791667,1,0,1,NA,1,0
8214,"rep","third",3,1,"high",5,0.953156823,1,1,1.671467764,-2.693306011,1.644791667,1,0,1,1,NA,0
8215,"brand","first",1,0,"low",4,-0.967413442,0,0,0.671467764,-1.026639344,-0.105208333,0,1,0,NA,0,1
8215,"pop","second",2,1,"high",5,0.474541752,1,1,0.671467764,-1.026639344,-0.105208333,0,1,0,0,0,NA
8215,"rep","third",3,0,"low",3,-1.046843177,1,1,0.671467764,-1.026639344,-0.105208333,0,1,0,0,NA,1
8216,"pop","first",1,0,"low",3,-1.525458248,1,0,1.004801097,-1.026639344,0.519791667,1,0,1,1,1,NA
8216,"brand","second",2,1,"high",5,0.032586558,1,1,1.004801097,-1.026639344,0.519791667,1,0,1,NA,1,0
8216,"rep","third",3,1,"high",5,0.953156823,0,1,1.004801097,-1.026639344,0.519791667,1,0,1,1,NA,0
8217,"pop","first",1,1,"high",7,2.474541752,1,0,1.671467764,0.306693989,1.019791667,0,1,1,0,1,NA
8217,"brand","second",2,0,"low",7,2.032586558,1,1,1.671467764,0.306693989,1.019791667,0,1,1,NA,1,1
8217,"rep","third",3,1,"high",7,2.953156823,0,1,1.671467764,0.306693989,1.019791667,0,1,1,0,NA,1
8219,"rep","first",1,0,"low",5,0.953156823,1,0,-0.995198903,-1.026639344,-0.105208333,1,1,0,1,NA,1
8219,"pop","second",2,1,"high",4,-0.525458248,0,1,-0.995198903,-1.026639344,-0.105208333,1,1,0,1,0,NA
8219,"brand","third",3,1,"high",4,-0.967413442,0,1,-0.995198903,-1.026639344,-0.105208333,1,1,0,NA,0,1
8220,"brand","first",1,0,"low",5,0.032586558,1,0,1.338134431,0.306693989,2.144791667,0,0,1,NA,1,0
8220,"rep","second",2,1,"high",6,1.953156823,1,1,1.338134431,0.306693989,2.144791667,0,0,1,0,NA,0
8220,"pop","third",3,0,"low",5,0.474541752,0,1,1.338134431,0.306693989,2.144791667,0,0,1,0,1,NA
8221,"rep","first",1,1,"high",2,-2.046843177,1,0,-5.328532236,-0.026639344,-1.480208333,1,0,1,1,NA,0
8221,"brand","second",2,1,"high",3,-1.967413442,0,1,-5.328532236,-0.026639344,-1.480208333,1,0,1,NA,1,0
8221,"pop","third",3,0,"low",5,0.474541752,0,1,-5.328532236,-0.026639344,-1.480208333,1,0,1,1,1,NA
8222,"pop","first",1,1,"high",6,1.474541752,1,0,0.671467764,0.640027322,0.269791667,0,1,1,0,1,NA
8222,"brand","second",2,0,"low",4,-0.967413442,1,1,0.671467764,0.640027322,0.269791667,0,1,1,NA,1,1
8222,"rep","third",3,1,"high",4,-0.046843177,0,1,0.671467764,0.640027322,0.269791667,0,1,1,0,NA,1
8223,"brand","first",1,1,"high",3,-1.967413442,1,0,0.004801097,-1.026639344,-0.230208333,1,1,1,NA,1,1
8223,"rep","second",2,1,"high",6,1.953156823,1,1,0.004801097,-1.026639344,-0.230208333,1,1,1,1,NA,1
8223,"pop","third",3,1,"high",3,-1.525458248,1,1,0.004801097,-1.026639344,-0.230208333,1,1,1,1,1,NA
8224,"brand","first",1,0,"low",1,-3.967413442,1,0,-0.661865569,1.306693989,1.894791667,0,0,0,NA,0,0
8224,"rep","second",2,0,"low",1,-3.046843177,0,1,-0.661865569,1.306693989,1.894791667,0,0,0,0,NA,0
8224,"pop","third",3,0,"low",1,-3.525458248,0,1,-0.661865569,1.306693989,1.894791667,0,0,0,0,0,NA
8225,"pop","first",1,0,"low",7,2.474541752,0,0,-1.328532236,-2.693306011,0.519791667,0,0,1,0,1,NA
8225,"brand","second",2,0,"low",5,0.032586558,1,1,-1.328532236,-2.693306011,0.519791667,0,0,1,NA,1,0
8225,"rep","third",3,1,"high",6,1.953156823,1,1,-1.328532236,-2.693306011,0.519791667,0,0,1,0,NA,0
8226,"pop","first",1,1,"high",5,0.474541752,1,0,0.671467764,0.640027322,0.144791667,1,1,0,1,0,NA
8226,"brand","second",2,1,"high",6,1.032586558,1,1,0.671467764,0.640027322,0.144791667,1,1,0,NA,0,1
8226,"rep","third",3,0,"low",2,-2.046843177,1,1,0.671467764,0.640027322,0.144791667,1,1,0,1,NA,1
8227,"rep","first",1,0,"low",3,-1.046843177,1,0,0.671467764,-2.359972678,-1.605208333,1,0,0,1,NA,0
8227,"pop","second",2,0,"low",4,-0.525458248,1,1,0.671467764,-2.359972678,-1.605208333,1,0,0,1,0,NA
8227,"brand","third",3,1,"high",6,1.032586558,1,1,0.671467764,-2.359972678,-1.605208333,1,0,0,NA,0,0
8228,"rep","first",1,1,"high",6,1.953156823,1,0,-1.328532236,1.973360656,0.769791667,0,1,1,0,NA,1
8228,"brand","second",2,0,"low",3,-1.967413442,1,1,-1.328532236,1.973360656,0.769791667,0,1,1,NA,1,1
8228,"pop","third",3,1,"high",4,-0.525458248,0,1,-1.328532236,1.973360656,0.769791667,0,1,1,0,1,NA
8229,"pop","first",1,0,"low",5,0.474541752,1,0,0.004801097,-1.359972678,-1.105208333,1,0,1,1,1,NA
8229,"brand","second",2,1,"high",7,2.032586558,1,1,0.004801097,-1.359972678,-1.105208333,1,0,1,NA,1,0
8229,"rep","third",3,1,"high",5,0.953156823,1,1,0.004801097,-1.359972678,-1.105208333,1,0,1,1,NA,0
8230,"rep","first",1,1,"high",5,0.953156823,1,0,1.004801097,0.640027322,1.019791667,0,1,1,0,NA,1
8230,"pop","second",2,1,"high",5,0.474541752,0,1,1.004801097,0.640027322,1.019791667,0,1,1,0,1,NA
8230,"brand","third",3,0,"low",3,-1.967413442,1,1,1.004801097,0.640027322,1.019791667,0,1,1,NA,1,1
8231,"brand","first",1,0,"low",2,-2.967413442,1,0,0.004801097,-0.026639344,0.019791667,0,0,1,NA,1,0
8231,"rep","second",2,1,"high",2,-2.046843177,1,1,0.004801097,-0.026639344,0.019791667,0,0,1,0,NA,0
8231,"pop","third",3,0,"low",2,-2.525458248,1,1,0.004801097,-0.026639344,0.019791667,0,0,1,0,1,NA
8232,"pop","first",1,0,"low",3,-1.525458248,1,0,-1.661865569,-0.359972678,0.769791667,0,0,0,0,0,NA
8232,"brand","second",2,0,"low",5,0.032586558,0,1,-1.661865569,-0.359972678,0.769791667,0,0,0,NA,0,0
8232,"rep","third",3,0,"low",2,-2.046843177,1,1,-1.661865569,-0.359972678,0.769791667,0,0,0,0,NA,0
8233,"pop","first",1,0,"low",5,0.474541752,0,0,1.671467764,0.306693989,0.269791667,1,0,0,1,0,NA
8233,"rep","second",2,0,"low",4,-0.046843177,0,1,1.671467764,0.306693989,0.269791667,1,0,0,1,NA,0
8233,"brand","third",3,1,"high",7,2.032586558,1,1,1.671467764,0.306693989,0.269791667,1,0,0,NA,0,0
8234,"brand","first",1,1,"high",3,-1.967413442,1,0,1.671467764,2.306693989,-1.480208333,1,1,0,NA,0,1
8234,"rep","second",2,0,"low",3,-1.046843177,0,1,1.671467764,2.306693989,-1.480208333,1,1,0,1,NA,1
8234,"pop","third",3,1,"high",4,-0.525458248,0,1,1.671467764,2.306693989,-1.480208333,1,1,0,1,0,NA
8236,"rep","first",1,0,"low",4,-0.046843177,0,0,1.004801097,-1.693306011,-0.730208333,1,0,0,1,NA,0
8236,"pop","second",2,0,"low",4,-0.525458248,1,1,1.004801097,-1.693306011,-0.730208333,1,0,0,1,0,NA
8236,"brand","third",3,1,"high",6,1.032586558,1,1,1.004801097,-1.693306011,-0.730208333,1,0,0,NA,0,0
8237,"pop","first",1,1,"high",3,-1.525458248,1,0,0.338134431,-1.026639344,0.269791667,0,1,0,0,0,NA
8237,"brand","second",2,0,"low",1,-3.967413442,1,1,0.338134431,-1.026639344,0.269791667,0,1,0,NA,0,1
8237,"rep","third",3,0,"low",1,-3.046843177,1,1,0.338134431,-1.026639344,0.269791667,0,1,0,0,NA,1
8238,"rep","first",1,1,"high",5,0.953156823,0,0,-0.661865569,0.306693989,-0.355208333,0,1,1,0,NA,1
8238,"brand","second",2,0,"low",5,0.032586558,1,1,-0.661865569,0.306693989,-0.355208333,0,1,1,NA,1,1
8238,"pop","third",3,1,"high",4,-0.525458248,0,1,-0.661865569,0.306693989,-0.355208333,0,1,1,0,1,NA
8239,"pop","first",1,0,"low",4,-0.525458248,0,0,1.004801097,0.973360656,1.269791667,0,0,0,0,0,NA
8239,"rep","second",2,0,"low",4,-0.046843177,0,1,1.004801097,0.973360656,1.269791667,0,0,0,0,NA,0
8239,"brand","third",3,0,"low",5,0.032586558,1,1,1.004801097,0.973360656,1.269791667,0,0,0,NA,0,0
8240,"rep","first",1,1,"high",5,0.953156823,1,0,0.338134431,2.306693989,0.144791667,1,1,1,1,NA,1
8240,"brand","second",2,1,"high",5,0.032586558,1,1,0.338134431,2.306693989,0.144791667,1,1,1,NA,1,1
8240,"pop","third",3,1,"high",5,0.474541752,0,1,0.338134431,2.306693989,0.144791667,1,1,1,1,1,NA
8241,"pop","first",1,1,"high",6,1.474541752,1,0,-0.661865569,-0.359972678,-4.480208333,0,1,0,0,0,NA
8241,"brand","second",2,0,"low",4,-0.967413442,1,1,-0.661865569,-0.359972678,-4.480208333,0,1,0,NA,0,1
8241,"rep","third",3,0,"low",3,-1.046843177,1,1,-0.661865569,-0.359972678,-4.480208333,0,1,0,0,NA,1
8243,"pop","first",1,1,"high",7,2.474541752,0,0,-2.328532236,1.306693989,0.394791667,0,1,0,0,0,NA
8243,"rep","second",2,0,"low",7,2.953156823,1,1,-2.328532236,1.306693989,0.394791667,0,1,0,0,NA,1
8243,"brand","third",3,0,"low",4,-0.967413442,1,1,-2.328532236,1.306693989,0.394791667,0,1,0,NA,0,1
8244,"brand","first",1,1,"high",6,1.032586558,0,0,-1.328532236,-0.026639344,-0.980208333,1,1,1,NA,1,1
8244,"rep","second",2,1,"high",5,0.953156823,1,1,-1.328532236,-0.026639344,-0.980208333,1,1,1,1,NA,1
8244,"pop","third",3,1,"high",6,1.474541752,1,1,-1.328532236,-0.026639344,-0.980208333,1,1,1,1,1,NA
8245,"rep","first",1,1,"high",4,-0.046843177,0,0,-0.995198903,-1.359972678,0.144791667,1,1,1,1,NA,1
8245,"pop","second",2,1,"high",3,-1.525458248,1,1,-0.995198903,-1.359972678,0.144791667,1,1,1,1,1,NA
8245,"brand","third",3,1,"high",6,1.032586558,0,1,-0.995198903,-1.359972678,0.144791667,1,1,1,NA,1,1
8246,"rep","first",1,1,"high",7,2.953156823,1,0,1.004801097,0.640027322,-4.480208333,1,0,1,1,NA,0
8246,"brand","second",2,1,"high",7,2.032586558,1,1,1.004801097,0.640027322,-4.480208333,1,0,1,NA,1,0
8246,"pop","third",3,0,"low",7,2.474541752,1,1,1.004801097,0.640027322,-4.480208333,1,0,1,1,1,NA
8247,"brand","first",1,0,"low",6,1.032586558,1,0,1.338134431,1.306693989,0.894791667,0,0,1,NA,1,0
8247,"rep","second",2,1,"high",5,0.953156823,1,1,1.338134431,1.306693989,0.894791667,0,0,1,0,NA,0
8247,"pop","third",3,0,"low",7,2.474541752,0,1,1.338134431,1.306693989,0.894791667,0,0,1,0,1,NA
8248,"pop","first",1,1,"high",5,0.474541752,1,0,1.671467764,1.640027322,2.394791667,1,1,0,1,0,NA
8248,"rep","second",2,0,"low",1,-3.046843177,1,1,1.671467764,1.640027322,2.394791667,1,1,0,1,NA,1
8248,"brand","third",3,1,"high",6,1.032586558,0,1,1.671467764,1.640027322,2.394791667,1,1,0,NA,0,1
8249,"pop","first",1,0,"low",4,-0.525458248,1,0,-0.661865569,-0.359972678,1.144791667,1,0,0,1,0,NA
8249,"brand","second",2,1,"high",7,2.032586558,1,1,-0.661865569,-0.359972678,1.144791667,1,0,0,NA,0,0
8249,"rep","third",3,0,"low",7,2.953156823,0,1,-0.661865569,-0.359972678,1.144791667,1,0,0,1,NA,0
8250,"rep","first",1,0,"low",6,1.953156823,0,0,0.338134431,-2.359972678,-0.355208333,1,1,0,1,NA,1
8250,"brand","second",2,1,"high",7,2.032586558,1,1,0.338134431,-2.359972678,-0.355208333,1,1,0,NA,0,1
8250,"pop","third",3,1,"high",4,-0.525458248,1,1,0.338134431,-2.359972678,-0.355208333,1,1,0,1,0,NA
8251,"pop","first",1,1,"high",3,-1.525458248,1,0,1.004801097,-2.026639344,-0.855208333,0,1,0,0,0,NA
8251,"brand","second",2,0,"low",3,-1.967413442,1,1,1.004801097,-2.026639344,-0.855208333,0,1,0,NA,0,1
8251,"rep","third",3,0,"low",2,-2.046843177,1,1,1.004801097,-2.026639344,-0.855208333,0,1,0,0,NA,1
8252,"rep","first",1,1,"high",4,-0.046843177,1,0,-1.328532236,1.306693989,-0.605208333,1,1,1,1,NA,1
8252,"pop","second",2,1,"high",4,-0.525458248,0,1,-1.328532236,1.306693989,-0.605208333,1,1,1,1,1,NA
8252,"brand","third",3,1,"high",4,-0.967413442,1,1,-1.328532236,1.306693989,-0.605208333,1,1,1,NA,1,1
8253,"pop","first",1,1,"high",6,1.474541752,1,0,-2.328532236,-0.026639344,0.019791667,1,1,0,1,0,NA
8253,"rep","second",2,0,"low",6,1.953156823,0,1,-2.328532236,-0.026639344,0.019791667,1,1,0,1,NA,1
8253,"brand","third",3,1,"high",5,0.032586558,0,1,-2.328532236,-0.026639344,0.019791667,1,1,0,NA,0,1
8254,"brand","first",1,0,"low",2,-2.967413442,1,0,1.338134431,-0.359972678,-3.105208333,0,1,1,NA,1,1
8254,"pop","second",2,1,"high",3,-1.525458248,1,1,1.338134431,-0.359972678,-3.105208333,0,1,1,0,1,NA
8254,"rep","third",3,1,"high",2,-2.046843177,1,1,1.338134431,-0.359972678,-3.105208333,0,1,1,0,NA,1
8255,"brand","first",1,1,"high",5,0.032586558,0,0,-0.328532236,-0.026639344,0.144791667,1,1,0,NA,0,1
8255,"rep","second",2,0,"low",5,0.953156823,1,1,-0.328532236,-0.026639344,0.144791667,1,1,0,1,NA,1
8255,"pop","third",3,1,"high",6,1.474541752,1,1,-0.328532236,-0.026639344,0.144791667,1,1,0,1,0,NA
8256,"pop","first",1,0,"low",4,-0.525458248,0,0,-1.661865569,-0.693306011,-0.480208333,1,0,0,1,0,NA
8256,"brand","second",2,1,"high",4,-0.967413442,1,1,-1.661865569,-0.693306011,-0.480208333,1,0,0,NA,0,0
8256,"rep","third",3,0,"low",7,2.953156823,0,1,-1.661865569,-0.693306011,-0.480208333,1,0,0,1,NA,0
8257,"pop","first",1,1,"high",6,1.474541752,1,0,0.004801097,0.973360656,1.019791667,1,1,0,1,0,NA
8257,"rep","second",2,0,"low",4,-0.046843177,0,1,0.004801097,0.973360656,1.019791667,1,1,0,1,NA,1
8257,"brand","third",3,1,"high",6,1.032586558,1,1,0.004801097,0.973360656,1.019791667,1,1,0,NA,0,1
8259,"rep","first",1,0,"low",2,-2.046843177,0,0,0.338134431,1.973360656,-1.355208333,0,1,0,0,NA,1
8259,"pop","second",2,1,"high",5,0.474541752,1,1,0.338134431,1.973360656,-1.355208333,0,1,0,0,0,NA
8259,"brand","third",3,0,"low",4,-0.967413442,1,1,0.338134431,1.973360656,-1.355208333,0,1,0,NA,0,1
8260,"pop","first",1,0,"low",5,0.474541752,0,0,0.338134431,-0.359972678,-2.730208333,0,0,0,0,0,NA
8260,"brand","second",2,0,"low",5,0.032586558,1,1,0.338134431,-0.359972678,-2.730208333,0,0,0,NA,0,0
8260,"rep","third",3,0,"low",2,-2.046843177,1,1,0.338134431,-0.359972678,-2.730208333,0,0,0,0,NA,0
8261,"brand","first",1,0,"low",5,0.032586558,1,0,-0.328532236,0.306693989,0.894791667,0,0,0,NA,0,0
8261,"rep","second",2,0,"low",6,1.953156823,1,1,-0.328532236,0.306693989,0.894791667,0,0,0,0,NA,0
8261,"pop","third",3,0,"low",4,-0.525458248,1,1,-0.328532236,0.306693989,0.894791667,0,0,0,0,0,NA
8262,"brand","first",1,0,"low",5,0.032586558,0,0,-1.661865569,-0.693306011,-0.105208333,0,1,1,NA,1,1
8262,"rep","second",2,1,"high",5,0.953156823,1,1,-1.661865569,-0.693306011,-0.105208333,0,1,1,0,NA,1
8262,"pop","third",3,1,"high",5,0.474541752,1,1,-1.661865569,-0.693306011,-0.105208333,0,1,1,0,1,NA
8263,"brand","first",1,1,"high",7,2.032586558,1,0,0.671467764,-1.359972678,-0.480208333,1,0,1,NA,1,0
8263,"pop","second",2,0,"low",5,0.474541752,1,1,0.671467764,-1.359972678,-0.480208333,1,0,1,1,1,NA
8263,"rep","third",3,1,"high",4,-0.046843177,1,1,0.671467764,-1.359972678,-0.480208333,1,0,1,1,NA,0
8264,"rep","first",1,1,"high",5,0.953156823,1,0,1.671467764,2.306693989,1.394791667,1,0,1,1,NA,0
8264,"brand","second",2,1,"high",6,1.032586558,1,1,1.671467764,2.306693989,1.394791667,1,0,1,NA,1,0
8264,"pop","third",3,0,"low",6,1.474541752,1,1,1.671467764,2.306693989,1.394791667,1,0,1,1,1,NA
8265,"brand","first",1,0,"low",4,-0.967413442,1,0,-1.995198903,1.306693989,-0.355208333,0,1,0,NA,0,1
8265,"pop","second",2,1,"high",4,-0.525458248,0,1,-1.995198903,1.306693989,-0.355208333,0,1,0,0,0,NA
8265,"rep","third",3,0,"low",4,-0.046843177,0,1,-1.995198903,1.306693989,-0.355208333,0,1,0,0,NA,1
8266,"rep","first",1,0,"low",6,1.953156823,1,0,-3.661865569,-0.693306011,0.144791667,0,1,0,0,NA,1
8266,"pop","second",2,1,"high",5,0.474541752,1,1,-3.661865569,-0.693306011,0.144791667,0,1,0,0,0,NA
8266,"brand","third",3,0,"low",5,0.032586558,0,1,-3.661865569,-0.693306011,0.144791667,0,1,0,NA,0,1
8267,"brand","first",1,0,"low",3,-1.967413442,0,0,0.338134431,1.640027322,-4.480208333,0,0,0,NA,0,0
8267,"rep","second",2,0,"low",2,-2.046843177,1,1,0.338134431,1.640027322,-4.480208333,0,0,0,0,NA,0
8267,"pop","third",3,0,"low",3,-1.525458248,0,1,0.338134431,1.640027322,-4.480208333,0,0,0,0,0,NA
8268,"brand","first",1,0,"low",5,0.032586558,1,0,1.338134431,0.306693989,-0.355208333,0,0,0,NA,0,0
8268,"pop","second",2,0,"low",5,0.474541752,0,1,1.338134431,0.306693989,-0.355208333,0,0,0,0,0,NA
8268,"rep","third",3,0,"low",2,-2.046843177,1,1,1.338134431,0.306693989,-0.355208333,0,0,0,0,NA,0
8269,"pop","first",1,1,"high",4,-0.525458248,0,0,1.004801097,1.640027322,0.019791667,0,1,1,0,1,NA
8269,"rep","second",2,1,"high",3,-1.046843177,1,1,1.004801097,1.640027322,0.019791667,0,1,1,0,NA,1
8269,"brand","third",3,0,"low",3,-1.967413442,1,1,1.004801097,1.640027322,0.019791667,0,1,1,NA,1,1
8270,"brand","first",1,1,"high",6,1.032586558,1,0,1.004801097,0.306693989,-0.730208333,1,1,0,NA,0,1
8270,"rep","second",2,0,"low",4,-0.046843177,1,1,1.004801097,0.306693989,-0.730208333,1,1,0,1,NA,1
8270,"pop","third",3,1,"high",5,0.474541752,0,1,1.004801097,0.306693989,-0.730208333,1,1,0,1,0,NA
8271,"pop","first",1,1,"high",6,1.474541752,1,0,0.671467764,2.306693989,2.519791667,1,1,0,1,0,NA
8271,"brand","second",2,1,"high",2,-2.967413442,1,1,0.671467764,2.306693989,2.519791667,1,1,0,NA,0,1
8271,"rep","third",3,0,"low",1,-3.046843177,1,1,0.671467764,2.306693989,2.519791667,1,1,0,1,NA,1
8272,"pop","first",1,1,"high",4,-0.525458248,1,0,0.338134431,-3.693306011,-0.355208333,0,1,1,0,1,NA
8272,"rep","second",2,1,"high",4,-0.046843177,1,1,0.338134431,-3.693306011,-0.355208333,0,1,1,0,NA,1
8272,"brand","third",3,0,"low",4,-0.967413442,1,1,0.338134431,-3.693306011,-0.355208333,0,1,1,NA,1,1
8273,"pop","first",1,1,"high",5,0.474541752,0,0,0.338134431,0.306693989,0.019791667,1,1,1,1,1,NA
8273,"rep","second",2,1,"high",5,0.953156823,0,1,0.338134431,0.306693989,0.019791667,1,1,1,1,NA,1
8273,"brand","third",3,1,"high",6,1.032586558,1,1,0.338134431,0.306693989,0.019791667,1,1,1,NA,1,1
8274,"rep","first",1,0,"low",5,0.953156823,1,0,-1.661865569,-0.026639344,0.894791667,1,1,0,1,NA,1
8274,"brand","second",2,1,"high",6,1.032586558,0,1,-1.661865569,-0.026639344,0.894791667,1,1,0,NA,0,1
8274,"pop","third",3,1,"high",4,-0.525458248,1,1,-1.661865569,-0.026639344,0.894791667,1,1,0,1,0,NA
8275,"rep","first",1,0,"low",4,-0.046843177,1,0,1.004801097,1.306693989,1.644791667,0,0,0,0,NA,0
8275,"pop","second",2,0,"low",5,0.474541752,0,1,1.004801097,1.306693989,1.644791667,0,0,0,0,0,NA
8275,"brand","third",3,0,"low",7,2.032586558,1,1,1.004801097,1.306693989,1.644791667,0,0,0,NA,0,0
8276,"brand","first",1,1,"high",5,0.032586558,1,0,0.338134431,0.306693989,-1.105208333,1,0,1,NA,1,0
8276,"pop","second",2,0,"low",4,-0.525458248,1,1,0.338134431,0.306693989,-1.105208333,1,0,1,1,1,NA
8276,"rep","third",3,1,"high",5,0.953156823,1,1,0.338134431,0.306693989,-1.105208333,1,0,1,1,NA,0
8278,"brand","first",1,0,"low",4,-0.967413442,0,0,1.004801097,-0.359972678,-4.480208333,0,1,0,NA,0,1
8278,"rep","second",2,0,"low",4,-0.046843177,1,1,1.004801097,-0.359972678,-4.480208333,0,1,0,0,NA,1
8278,"pop","third",3,1,"high",4,-0.525458248,1,1,1.004801097,-0.359972678,-4.480208333,0,1,0,0,0,NA
8279,"brand","first",1,0,"low",5,0.032586558,1,0,0.338134431,-1.026639344,-0.230208333,0,0,0,NA,0,0
8279,"pop","second",2,0,"low",6,1.474541752,1,1,0.338134431,-1.026639344,-0.230208333,0,0,0,0,0,NA
8279,"rep","third",3,0,"low",2,-2.046843177,1,1,0.338134431,-1.026639344,-0.230208333,0,0,0,0,NA,0
8281,"rep","first",1,0,"low",4,-0.046843177,1,0,-1.328532236,0.640027322,0.394791667,1,0,0,1,NA,0
8281,"pop","second",2,0,"low",6,1.474541752,1,1,-1.328532236,0.640027322,0.394791667,1,0,0,1,0,NA
8281,"brand","third",3,1,"high",7,2.032586558,1,1,-1.328532236,0.640027322,0.394791667,1,0,0,NA,0,0
8282,"brand","first",1,1,"high",5,0.032586558,1,0,0.004801097,-1.026639344,-1.730208333,1,0,0,NA,0,0
8282,"pop","second",2,0,"low",4,-0.525458248,1,1,0.004801097,-1.026639344,-1.730208333,1,0,0,1,0,NA
8282,"rep","third",3,0,"low",3,-1.046843177,1,1,0.004801097,-1.026639344,-1.730208333,1,0,0,1,NA,0
8283,"pop","first",1,1,"high",4,-0.525458248,1,0,-0.661865569,-1.026639344,-1.105208333,0,1,1,0,1,NA
8283,"brand","second",2,0,"low",4,-0.967413442,0,1,-0.661865569,-1.026639344,-1.105208333,0,1,1,NA,1,1
8283,"rep","third",3,1,"high",4,-0.046843177,1,1,-0.661865569,-1.026639344,-1.105208333,0,1,1,0,NA,1
8284,"rep","first",1,0,"low",2,-2.046843177,1,0,-1.328532236,1.306693989,-0.480208333,1,0,0,1,NA,0
8284,"pop","second",2,0,"low",4,-0.525458248,0,1,-1.328532236,1.306693989,-0.480208333,1,0,0,1,0,NA
8284,"brand","third",3,1,"high",5,0.032586558,1,1,-1.328532236,1.306693989,-0.480208333,1,0,0,NA,0,0
8285,"pop","first",1,0,"low",5,0.474541752,0,0,0.671467764,2.306693989,-0.480208333,0,0,0,0,0,NA
8285,"rep","second",2,0,"low",6,1.953156823,1,1,0.671467764,2.306693989,-0.480208333,0,0,0,0,NA,0
8285,"brand","third",3,0,"low",2,-2.967413442,1,1,0.671467764,2.306693989,-0.480208333,0,0,0,NA,0,0
8287,"rep","first",1,0,"low",2,-2.046843177,0,0,1.004801097,-2.026639344,-2.230208333,0,0,0,0,NA,0
8287,"brand","second",2,0,"low",2,-2.967413442,1,1,1.004801097,-2.026639344,-2.230208333,0,0,0,NA,0,0
8287,"pop","third",3,0,"low",2,-2.525458248,0,1,1.004801097,-2.026639344,-2.230208333,0,0,0,0,0,NA
8288,"brand","first",1,0,"low",4,-0.967413442,1,0,1.004801097,-1.693306011,1.019791667,0,1,1,NA,1,1
8288,"rep","second",2,1,"high",5,0.953156823,1,1,1.004801097,-1.693306011,1.019791667,0,1,1,0,NA,1
8288,"pop","third",3,1,"high",3,-1.525458248,1,1,1.004801097,-1.693306011,1.019791667,0,1,1,0,1,NA
8289,"rep","first",1,0,"low",3,-1.046843177,1,0,1.671467764,1.306693989,-4.480208333,1,0,0,1,NA,0
8289,"pop","second",2,0,"low",4,-0.525458248,1,1,1.671467764,1.306693989,-4.480208333,1,0,0,1,0,NA
8289,"brand","third",3,1,"high",6,1.032586558,0,1,1.671467764,1.306693989,-4.480208333,1,0,0,NA,0,0
8290,"brand","first",1,1,"high",6,1.032586558,1,0,0.671467764,1.973360656,-0.355208333,1,0,0,NA,0,0
8290,"rep","second",2,0,"low",1,-3.046843177,1,1,0.671467764,1.973360656,-0.355208333,1,0,0,1,NA,0
8290,"pop","third",3,0,"low",2,-2.525458248,1,1,0.671467764,1.973360656,-0.355208333,1,0,0,1,0,NA
8291,"brand","first",1,0,"low",4,-0.967413442,0,0,1.671467764,2.306693989,-0.480208333,0,0,0,NA,0,0
8291,"pop","second",2,0,"low",5,0.474541752,1,1,1.671467764,2.306693989,-0.480208333,0,0,0,0,0,NA
8291,"rep","third",3,0,"low",2,-2.046843177,1,1,1.671467764,2.306693989,-0.480208333,0,0,0,0,NA,0
8292,"rep","first",1,1,"high",6,1.953156823,0,0,1.004801097,1.640027322,1.269791667,0,1,1,0,NA,1
8292,"brand","second",2,0,"low",6,1.032586558,0,1,1.004801097,1.640027322,1.269791667,0,1,1,NA,1,1
8292,"pop","third",3,1,"high",5,0.474541752,0,1,1.004801097,1.640027322,1.269791667,0,1,1,0,1,NA
8293,"pop","first",1,0,"low",3,-1.525458248,1,0,-0.661865569,-0.693306011,-0.480208333,0,0,0,0,0,NA
8293,"rep","second",2,0,"low",2,-2.046843177,1,1,-0.661865569,-0.693306011,-0.480208333,0,0,0,0,NA,0
8293,"brand","third",3,0,"low",2,-2.967413442,1,1,-0.661865569,-0.693306011,-0.480208333,0,0,0,NA,0,0
8294,"rep","first",1,1,"high",4,-0.046843177,1,0,0.004801097,-0.026639344,-0.730208333,1,0,1,1,NA,0
8294,"pop","second",2,0,"low",3,-1.525458248,1,1,0.004801097,-0.026639344,-0.730208333,1,0,1,1,1,NA
8294,"brand","third",3,1,"high",4,-0.967413442,1,1,0.004801097,-0.026639344,-0.730208333,1,0,1,NA,1,0
8295,"brand","first",1,0,"low",1,-3.967413442,1,0,0.338134431,1.306693989,-2.105208333,0,0,0,NA,0,0
8295,"pop","second",2,0,"low",2,-2.525458248,0,1,0.338134431,1.306693989,-2.105208333,0,0,0,0,0,NA
8295,"rep","third",3,0,"low",1,-3.046843177,0,1,0.338134431,1.306693989,-2.105208333,0,0,0,0,NA,0
8296,"brand","first",1,1,"high",6,1.032586558,1,0,1.338134431,0.306693989,-0.355208333,1,1,1,NA,1,1
8296,"rep","second",2,1,"high",6,1.953156823,1,1,1.338134431,0.306693989,-0.355208333,1,1,1,1,NA,1
8296,"pop","third",3,1,"high",4,-0.525458248,1,1,1.338134431,0.306693989,-0.355208333,1,1,1,1,1,NA
8297,"rep","first",1,0,"low",2,-2.046843177,0,0,1.338134431,1.306693989,1.394791667,0,0,0,0,NA,0
8297,"brand","second",2,0,"low",6,1.032586558,1,1,1.338134431,1.306693989,1.394791667,0,0,0,NA,0,0
8297,"pop","third",3,0,"low",3,-1.525458248,1,1,1.338134431,1.306693989,1.394791667,0,0,0,0,0,NA
8298,"rep","first",1,1,"high",1,-3.046843177,1,0,-0.328532236,0.306693989,0.269791667,1,1,1,1,NA,1
8298,"pop","second",2,1,"high",2,-2.525458248,1,1,-0.328532236,0.306693989,0.269791667,1,1,1,1,1,NA
8298,"brand","third",3,1,"high",5,0.032586558,1,1,-0.328532236,0.306693989,0.269791667,1,1,1,NA,1,1
8300,"pop","first",1,1,"high",5,0.474541752,0,0,-0.661865569,-1.026639344,1.769791667,1,1,0,1,0,NA
8300,"brand","second",2,1,"high",7,2.032586558,1,1,-0.661865569,-1.026639344,1.769791667,1,1,0,NA,0,1
8300,"rep","third",3,0,"low",2,-2.046843177,1,1,-0.661865569,-1.026639344,1.769791667,1,1,0,1,NA,1
8301,"pop","first",1,1,"high",2,-2.525458248,1,0,-1.328532236,0.306693989,-0.480208333,0,1,0,0,0,NA
8301,"brand","second",2,0,"low",3,-1.967413442,0,1,-1.328532236,0.306693989,-0.480208333,0,1,0,NA,0,1
8301,"rep","third",3,0,"low",1,-3.046843177,1,1,-1.328532236,0.306693989,-0.480208333,0,1,0,0,NA,1
8302,"rep","first",1,1,"high",2,-2.046843177,1,0,0.338134431,-0.693306011,-0.230208333,0,0,1,0,NA,0
8302,"brand","second",2,0,"low",3,-1.967413442,1,1,0.338134431,-0.693306011,-0.230208333,0,0,1,NA,1,0
8302,"pop","third",3,0,"low",5,0.474541752,0,1,0.338134431,-0.693306011,-0.230208333,0,0,1,0,1,NA
8303,"rep","first",1,1,"high",2,-2.046843177,0,0,-1.328532236,-1.026639344,-4.480208333,0,0,1,0,NA,0
8303,"pop","second",2,0,"low",5,0.474541752,0,1,-1.328532236,-1.026639344,-4.480208333,0,0,1,0,1,NA
8303,"brand","third",3,0,"low",5,0.032586558,1,1,-1.328532236,-1.026639344,-4.480208333,0,0,1,NA,1,0
8304,"rep","first",1,0,"low",7,2.953156823,0,0,-0.661865569,-3.026639344,-1.980208333,0,1,0,0,NA,1
8304,"pop","second",2,1,"high",7,2.474541752,0,1,-0.661865569,-3.026639344,-1.980208333,0,1,0,0,0,NA
8304,"brand","third",3,0,"low",7,2.032586558,0,1,-0.661865569,-3.026639344,-1.980208333,0,1,0,NA,0,1
8305,"pop","first",1,0,"low",5,0.474541752,1,0,-0.661865569,-1.693306011,-1.730208333,0,0,1,0,1,NA
8305,"brand","second",2,0,"low",4,-0.967413442,0,1,-0.661865569,-1.693306011,-1.730208333,0,0,1,NA,1,0
8305,"rep","third",3,1,"high",4,-0.046843177,0,1,-0.661865569,-1.693306011,-1.730208333,0,0,1,0,NA,0
8306,"rep","first",1,0,"low",6,1.953156823,1,0,0.338134431,-0.359972678,0.769791667,0,0,0,0,NA,0
8306,"brand","second",2,0,"low",5,0.032586558,0,1,0.338134431,-0.359972678,0.769791667,0,0,0,NA,0,0
8306,"pop","third",3,0,"low",4,-0.525458248,1,1,0.338134431,-0.359972678,0.769791667,0,0,0,0,0,NA
8307,"pop","first",1,1,"high",4,-0.525458248,1,0,-0.328532236,0.640027322,1.019791667,1,1,1,1,1,NA
8307,"brand","second",2,1,"high",6,1.032586558,1,1,-0.328532236,0.640027322,1.019791667,1,1,1,NA,1,1
8307,"rep","third",3,1,"high",4,-0.046843177,1,1,-0.328532236,0.640027322,1.019791667,1,1,1,1,NA,1
8308,"brand","first",1,0,"low",7,2.032586558,0,0,0.338134431,0.306693989,-2.605208333,0,1,0,NA,0,1
8308,"rep","second",2,0,"low",7,2.953156823,1,1,0.338134431,0.306693989,-2.605208333,0,1,0,0,NA,1
8308,"pop","third",3,1,"high",7,2.474541752,0,1,0.338134431,0.306693989,-2.605208333,0,1,0,0,0,NA
8309,"brand","first",1,1,"high",6,1.032586558,0,0,0.338134431,1.640027322,2.019791667,1,0,1,NA,1,0
8309,"pop","second",2,0,"low",5,0.474541752,0,1,0.338134431,1.640027322,2.019791667,1,0,1,1,1,NA
8309,"rep","third",3,1,"high",6,1.953156823,1,1,0.338134431,1.640027322,2.019791667,1,0,1,1,NA,0
8310,"pop","first",1,1,"high",6,1.474541752,1,0,0.338134431,0.306693989,-0.105208333,1,1,0,1,0,NA
8310,"rep","second",2,0,"low",5,0.953156823,1,1,0.338134431,0.306693989,-0.105208333,1,1,0,1,NA,1
8310,"brand","third",3,1,"high",6,1.032586558,1,1,0.338134431,0.306693989,-0.105208333,1,1,0,NA,0,1
8312,"pop","first",1,0,"low",5,0.474541752,0,0,0.338134431,0.973360656,1.144791667,1,0,1,1,1,NA
8312,"brand","second",2,1,"high",5,0.032586558,1,1,0.338134431,0.973360656,1.144791667,1,0,1,NA,1,0
8312,"rep","third",3,1,"high",4,-0.046843177,0,1,0.338134431,0.973360656,1.144791667,1,0,1,1,NA,0
8314,"rep","first",1,1,"high",4,-0.046843177,1,0,0.004801097,0.306693989,-2.480208333,0,1,1,0,NA,1
8314,"pop","second",2,1,"high",4,-0.525458248,0,1,0.004801097,0.306693989,-2.480208333,0,1,1,0,1,NA
8314,"brand","third",3,0,"low",4,-0.967413442,1,1,0.004801097,0.306693989,-2.480208333,0,1,1,NA,1,1
8315,"rep","first",1,0,"low",6,1.953156823,0,0,1.671467764,0.306693989,2.519791667,1,0,0,1,NA,0
8315,"pop","second",2,0,"low",5,0.474541752,1,1,1.671467764,0.306693989,2.519791667,1,0,0,1,0,NA
8315,"brand","third",3,1,"high",6,1.032586558,0,1,1.671467764,0.306693989,2.519791667,1,0,0,NA,0,0
8316,"brand","first",1,0,"low",1,-3.967413442,0,0,-2.995198903,-2.693306011,0.519791667,0,1,0,NA,0,1
8316,"pop","second",2,1,"high",5,0.474541752,1,1,-2.995198903,-2.693306011,0.519791667,0,1,0,0,0,NA
8316,"rep","third",3,0,"low",1,-3.046843177,1,1,-2.995198903,-2.693306011,0.519791667,0,1,0,0,NA,1
8317,"rep","first",1,1,"high",1,-3.046843177,1,0,-0.328532236,-0.359972678,-1.230208333,0,0,1,0,NA,0
8317,"brand","second",2,0,"low",5,0.032586558,1,1,-0.328532236,-0.359972678,-1.230208333,0,0,1,NA,1,0
8317,"pop","third",3,0,"low",6,1.474541752,1,1,-0.328532236,-0.359972678,-1.230208333,0,0,1,0,1,NA
8318,"rep","first",1,0,"low",5,0.953156823,1,0,1.671467764,-1.026639344,0.269791667,1,1,0,1,NA,1
8318,"brand","second",2,1,"high",5,0.032586558,0,1,1.671467764,-1.026639344,0.269791667,1,1,0,NA,0,1
8318,"pop","third",3,1,"high",6,1.474541752,1,1,1.671467764,-1.026639344,0.269791667,1,1,0,1,0,NA
8319,"brand","first",1,1,"high",4,-0.967413442,0,0,-1.661865569,0.640027322,0.019791667,1,0,1,NA,1,0
8319,"pop","second",2,0,"low",4,-0.525458248,0,1,-1.661865569,0.640027322,0.019791667,1,0,1,1,1,NA
8319,"rep","third",3,1,"high",5,0.953156823,1,1,-1.661865569,0.640027322,0.019791667,1,0,1,1,NA,0
8320,"brand","first",1,0,"low",5,0.032586558,1,0,1.338134431,0.973360656,2.019791667,0,1,1,NA,1,1
8320,"pop","second",2,1,"high",6,1.474541752,0,1,1.338134431,0.973360656,2.019791667,0,1,1,0,1,NA
8320,"rep","third",3,1,"high",4,-0.046843177,0,1,1.338134431,0.973360656,2.019791667,0,1,1,0,NA,1
8321,"pop","first",1,1,"high",6,1.474541752,0,0,1.671467764,0.973360656,-0.105208333,0,1,1,0,1,NA
8321,"brand","second",2,0,"low",6,1.032586558,0,1,1.671467764,0.973360656,-0.105208333,0,1,1,NA,1,1
8321,"rep","third",3,1,"high",6,1.953156823,1,1,1.671467764,0.973360656,-0.105208333,0,1,1,0,NA,1
8322,"pop","first",1,1,"high",3,-1.525458248,1,0,0.004801097,1.640027322,0.519791667,1,1,0,1,0,NA
8322,"rep","second",2,0,"low",1,-3.046843177,1,1,0.004801097,1.640027322,0.519791667,1,1,0,1,NA,1
8322,"brand","third",3,1,"high",3,-1.967413442,0,1,0.004801097,1.640027322,0.519791667,1,1,0,NA,0,1
8323,"brand","first",1,1,"high",6,1.032586558,0,0,1.338134431,1.306693989,1.144791667,1,0,1,NA,1,0
8323,"pop","second",2,0,"low",7,2.474541752,1,1,1.338134431,1.306693989,1.144791667,1,0,1,1,1,NA
8323,"rep","third",3,1,"high",6,1.953156823,1,1,1.338134431,1.306693989,1.144791667,1,0,1,1,NA,0
8324,"rep","first",1,1,"high",5,0.953156823,1,0,-0.661865569,-1.693306011,-0.355208333,0,1,1,0,NA,1
8324,"pop","second",2,1,"high",3,-1.525458248,0,1,-0.661865569,-1.693306011,-0.355208333,0,1,1,0,1,NA
8324,"brand","third",3,0,"low",6,1.032586558,0,1,-0.661865569,-1.693306011,-0.355208333,0,1,1,NA,1,1
8325,"brand","first",1,0,"low",5,0.032586558,1,0,1.671467764,-0.359972678,1.269791667,0,1,0,NA,0,1
8325,"rep","second",2,0,"low",6,1.953156823,0,1,1.671467764,-0.359972678,1.269791667,0,1,0,0,NA,1
8325,"pop","third",3,1,"high",3,-1.525458248,1,1,1.671467764,-0.359972678,1.269791667,0,1,0,0,0,NA
8327,"brand","first",1,0,"low",4,-0.967413442,1,0,0.004801097,0.973360656,0.519791667,0,1,1,NA,1,1
8327,"pop","second",2,1,"high",4,-0.525458248,1,1,0.004801097,0.973360656,0.519791667,0,1,1,0,1,NA
8327,"rep","third",3,1,"high",4,-0.046843177,1,1,0.004801097,0.973360656,0.519791667,0,1,1,0,NA,1
8328,"brand","first",1,1,"high",6,1.032586558,0,0,-1.995198903,-0.359972678,0.144791667,1,1,0,NA,0,1
8328,"pop","second",2,1,"high",7,2.474541752,1,1,-1.995198903,-0.359972678,0.144791667,1,1,0,1,0,NA
8328,"rep","third",3,0,"low",3,-1.046843177,1,1,-1.995198903,-0.359972678,0.144791667,1,1,0,1,NA,1
8329,"pop","first",1,0,"low",4,-0.525458248,0,0,-0.661865569,0.640027322,0.394791667,1,0,0,1,0,NA
8329,"brand","second",2,1,"high",6,1.032586558,0,1,-0.661865569,0.640027322,0.394791667,1,0,0,NA,0,0
8329,"rep","third",3,0,"low",4,-0.046843177,1,1,-0.661865569,0.640027322,0.394791667,1,0,0,1,NA,0
8330,"brand","first",1,1,"high",5,0.032586558,1,0,-0.328532236,0.306693989,-0.355208333,1,0,1,NA,1,0
8330,"pop","second",2,0,"low",5,0.474541752,1,1,-0.328532236,0.306693989,-0.355208333,1,0,1,1,1,NA
8330,"rep","third",3,1,"high",5,0.953156823,1,1,-0.328532236,0.306693989,-0.355208333,1,0,1,1,NA,0
8331,"rep","first",1,1,"high",5,0.953156823,1,0,0.004801097,-0.693306011,1.269791667,0,1,1,0,NA,1
8331,"pop","second",2,1,"high",5,0.474541752,1,1,0.004801097,-0.693306011,1.269791667,0,1,1,0,1,NA
8331,"brand","third",3,0,"low",6,1.032586558,0,1,0.004801097,-0.693306011,1.269791667,0,1,1,NA,1,1
8332,"rep","first",1,0,"low",2,-2.046843177,0,0,-2.328532236,-1.693306011,-0.355208333,1,1,0,1,NA,1
8332,"pop","second",2,1,"high",1,-3.525458248,0,1,-2.328532236,-1.693306011,-0.355208333,1,1,0,1,0,NA
8332,"brand","third",3,1,"high",7,2.032586558,0,1,-2.328532236,-1.693306011,-0.355208333,1,1,0,NA,0,1
8333,"rep","first",1,0,"low",4,-0.046843177,1,0,-1.328532236,-0.693306011,-0.480208333,1,1,0,1,NA,1
8333,"pop","second",2,1,"high",4,-0.525458248,0,1,-1.328532236,-0.693306011,-0.480208333,1,1,0,1,0,NA
8333,"brand","third",3,1,"high",4,-0.967413442,1,1,-1.328532236,-0.693306011,-0.480208333,1,1,0,NA,0,1
8334,"pop","first",1,1,"high",4,-0.525458248,1,0,-1.661865569,1.640027322,-1.855208333,1,1,1,1,1,NA
8334,"brand","second",2,1,"high",4,-0.967413442,0,1,-1.661865569,1.640027322,-1.855208333,1,1,1,NA,1,1
8334,"rep","third",3,1,"high",4,-0.046843177,1,1,-1.661865569,1.640027322,-1.855208333,1,1,1,1,NA,1
8335,"rep","first",1,0,"low",5,0.953156823,1,0,0.004801097,-0.359972678,0.894791667,1,0,0,1,NA,0
8335,"brand","second",2,1,"high",7,2.032586558,0,1,0.004801097,-0.359972678,0.894791667,1,0,0,NA,0,0
8335,"pop","third",3,0,"low",6,1.474541752,1,1,0.004801097,-0.359972678,0.894791667,1,0,0,1,0,NA
8337,"brand","first",1,1,"high",4,-0.967413442,1,0,-0.995198903,-0.693306011,-1.355208333,1,1,0,NA,0,1
8337,"pop","second",2,1,"high",4,-0.525458248,1,1,-0.995198903,-0.693306011,-1.355208333,1,1,0,1,0,NA
8337,"rep","third",3,0,"low",4,-0.046843177,1,1,-0.995198903,-0.693306011,-1.355208333,1,1,0,1,NA,1
8338,"pop","first",1,1,"high",6,1.474541752,1,0,0.004801097,-1.359972678,0.644791667,1,1,0,1,0,NA
8338,"rep","second",2,0,"low",2,-2.046843177,1,1,0.004801097,-1.359972678,0.644791667,1,1,0,1,NA,1
8338,"brand","third",3,1,"high",6,1.032586558,0,1,0.004801097,-1.359972678,0.644791667,1,1,0,NA,0,1
8339,"brand","first",1,1,"high",7,2.032586558,1,0,1.004801097,-1.693306011,0.519791667,1,0,0,NA,0,0
8339,"rep","second",2,0,"low",3,-1.046843177,1,1,1.004801097,-1.693306011,0.519791667,1,0,0,1,NA,0
8339,"pop","third",3,0,"low",3,-1.525458248,1,1,1.004801097,-1.693306011,0.519791667,1,0,0,1,0,NA
8340,"rep","first",1,0,"low",6,1.953156823,0,0,1.338134431,2.306693989,1.519791667,0,0,0,0,NA,0
8340,"brand","second",2,0,"low",6,1.032586558,1,1,1.338134431,2.306693989,1.519791667,0,0,0,NA,0,0
8340,"pop","third",3,0,"low",4,-0.525458248,0,1,1.338134431,2.306693989,1.519791667,0,0,0,0,0,NA
8342,"pop","first",1,0,"low",5,0.474541752,1,0,-0.661865569,-1.693306011,0.019791667,1,0,1,1,1,NA
8342,"rep","second",2,1,"high",6,1.953156823,1,1,-0.661865569,-1.693306011,0.019791667,1,0,1,1,NA,0
8342,"brand","third",3,1,"high",6,1.032586558,1,1,-0.661865569,-1.693306011,0.019791667,1,0,1,NA,1,0
8343,"brand","first",1,0,"low",5,0.032586558,1,0,0.671467764,0.973360656,1.394791667,0,1,1,NA,1,1
8343,"rep","second",2,1,"high",6,1.953156823,1,1,0.671467764,0.973360656,1.394791667,0,1,1,0,NA,1
8343,"pop","third",3,1,"high",6,1.474541752,1,1,0.671467764,0.973360656,1.394791667,0,1,1,0,1,NA
8344,"brand","first",1,0,"low",7,2.032586558,0,0,1.671467764,0.973360656,-4.480208333,0,1,1,NA,1,1
8344,"rep","second",2,1,"high",4,-0.046843177,1,1,1.671467764,0.973360656,-4.480208333,0,1,1,0,NA,1
8344,"pop","third",3,1,"high",5,0.474541752,1,1,1.671467764,0.973360656,-4.480208333,0,1,1,0,1,NA
8345,"rep","first",1,1,"high",4,-0.046843177,1,0,0.338134431,-1.026639344,-0.605208333,0,1,1,0,NA,1
8345,"brand","second",2,0,"low",4,-0.967413442,1,1,0.338134431,-1.026639344,-0.605208333,0,1,1,NA,1,1
8345,"pop","third",3,1,"high",4,-0.525458248,0,1,0.338134431,-1.026639344,-0.605208333,0,1,1,0,1,NA
8347,"rep","first",1,0,"low",5,0.953156823,1,0,-5.328532236,-1.026639344,-0.730208333,1,0,0,1,NA,0
8347,"pop","second",2,0,"low",5,0.474541752,0,1,-5.328532236,-1.026639344,-0.730208333,1,0,0,1,0,NA
8347,"brand","third",3,1,"high",5,0.032586558,1,1,-5.328532236,-1.026639344,-0.730208333,1,0,0,NA,0,0
8348,"brand","first",1,0,"low",1,-3.967413442,0,0,-1.328532236,1.306693989,-0.355208333,0,1,1,NA,1,1
8348,"pop","second",2,1,"high",1,-3.525458248,0,1,-1.328532236,1.306693989,-0.355208333,0,1,1,0,1,NA
8348,"rep","third",3,1,"high",1,-3.046843177,0,1,-1.328532236,1.306693989,-0.355208333,0,1,1,0,NA,1
8349,"pop","first",1,0,"low",2,-2.525458248,0,0,-2.995198903,1.640027322,-1.980208333,1,0,0,1,0,NA
8349,"brand","second",2,1,"high",3,-1.967413442,1,1,-2.995198903,1.640027322,-1.980208333,1,0,0,NA,0,0
8349,"rep","third",3,0,"low",2,-2.046843177,1,1,-2.995198903,1.640027322,-1.980208333,1,0,0,1,NA,0
8350,"rep","first",1,0,"low",4,-0.046843177,1,0,0.004801097,-0.359972678,-1.230208333,1,0,0,1,NA,0
8350,"pop","second",2,0,"low",5,0.474541752,1,1,0.004801097,-0.359972678,-1.230208333,1,0,0,1,0,NA
8350,"brand","third",3,1,"high",6,1.032586558,0,1,0.004801097,-0.359972678,-1.230208333,1,0,0,NA,0,0
8351,"rep","first",1,1,"high",4,-0.046843177,1,0,-2.661865569,-1.026639344,-2.605208333,1,1,1,1,NA,1
8351,"brand","second",2,1,"high",7,2.032586558,1,1,-2.661865569,-1.026639344,-2.605208333,1,1,1,NA,1,1
8351,"pop","third",3,1,"high",2,-2.525458248,0,1,-2.661865569,-1.026639344,-2.605208333,1,1,1,1,1,NA
8352,"rep","first",1,1,"high",7,2.953156823,0,0,0.338134431,-0.359972678,1.019791667,1,0,1,1,NA,0
8352,"brand","second",2,1,"high",7,2.032586558,1,1,0.338134431,-0.359972678,1.019791667,1,0,1,NA,1,0
8352,"pop","third",3,0,"low",7,2.474541752,0,1,0.338134431,-0.359972678,1.019791667,1,0,1,1,1,NA
8353,"brand","first",1,0,"low",7,2.032586558,0,0,0.004801097,0.306693989,-0.605208333,0,0,0,NA,0,0
8353,"pop","second",2,0,"low",6,1.474541752,1,1,0.004801097,0.306693989,-0.605208333,0,0,0,0,0,NA
8353,"rep","third",3,0,"low",5,0.953156823,1,1,0.004801097,0.306693989,-0.605208333,0,0,0,0,NA,0
8356,"brand","first",1,1,"high",5,0.032586558,0,0,-0.661865569,-2.026639344,-0.230208333,1,0,0,NA,0,0
8356,"pop","second",2,0,"low",5,0.474541752,1,1,-0.661865569,-2.026639344,-0.230208333,1,0,0,1,0,NA
8356,"rep","third",3,0,"low",5,0.953156823,1,1,-0.661865569,-2.026639344,-0.230208333,1,0,0,1,NA,0
8357,"rep","first",1,0,"low",3,-1.046843177,1,0,-1.661865569,1.306693989,0.144791667,0,1,0,0,NA,1
8357,"pop","second",2,1,"high",2,-2.525458248,1,1,-1.661865569,1.306693989,0.144791667,0,1,0,0,0,NA
8357,"brand","third",3,0,"low",5,0.032586558,0,1,-1.661865569,1.306693989,0.144791667,0,1,0,NA,0,1
8358,"rep","first",1,0,"low",5,0.953156823,0,0,0.338134431,-1.693306011,0.769791667,0,0,0,0,NA,0
8358,"brand","second",2,0,"low",2,-2.967413442,1,1,0.338134431,-1.693306011,0.769791667,0,0,0,NA,0,0
8358,"pop","third",3,0,"low",7,2.474541752,0,1,0.338134431,-1.693306011,0.769791667,0,0,0,0,0,NA
8359,"rep","first",1,1,"high",5,0.953156823,1,0,0.338134431,-0.359972678,0.769791667,1,0,1,1,NA,0
8359,"pop","second",2,0,"low",5,0.474541752,1,1,0.338134431,-0.359972678,0.769791667,1,0,1,1,1,NA
8359,"brand","third",3,1,"high",6,1.032586558,1,1,0.338134431,-0.359972678,0.769791667,1,0,1,NA,1,0
8360,"pop","first",1,0,"low",6,1.474541752,0,0,0.004801097,-1.026639344,-0.355208333,0,0,1,0,1,NA
8360,"brand","second",2,0,"low",5,0.032586558,0,1,0.004801097,-1.026639344,-0.355208333,0,0,1,NA,1,0
8360,"rep","third",3,1,"high",5,0.953156823,1,1,0.004801097,-1.026639344,-0.355208333,0,0,1,0,NA,0
8361,"pop","first",1,0,"low",1,-3.525458248,1,0,0.671467764,0.640027322,-0.605208333,0,0,0,0,0,NA
8361,"rep","second",2,0,"low",1,-3.046843177,1,1,0.671467764,0.640027322,-0.605208333,0,0,0,0,NA,0
8361,"brand","third",3,0,"low",1,-3.967413442,1,1,0.671467764,0.640027322,-0.605208333,0,0,0,NA,0,0
8362,"pop","first",1,0,"low",5,0.474541752,0,0,0.004801097,-1.359972678,0.519791667,0,0,1,0,1,NA
8362,"brand","second",2,0,"low",5,0.032586558,1,1,0.004801097,-1.359972678,0.519791667,0,0,1,NA,1,0
8362,"rep","third",3,1,"high",5,0.953156823,1,1,0.004801097,-1.359972678,0.519791667,0,0,1,0,NA,0
8363,"pop","first",1,1,"high",7,2.474541752,0,0,-0.328532236,0.306693989,-0.730208333,1,1,0,1,0,NA
8363,"brand","second",2,1,"high",7,2.032586558,1,1,-0.328532236,0.306693989,-0.730208333,1,1,0,NA,0,1
8363,"rep","third",3,0,"low",7,2.953156823,1,1,-0.328532236,0.306693989,-0.730208333,1,1,0,1,NA,1
8364,"pop","first",1,0,"low",3,-1.525458248,0,0,0.671467764,-1.026639344,-1.230208333,1,0,0,1,0,NA
8364,"rep","second",2,0,"low",2,-2.046843177,1,1,0.671467764,-1.026639344,-1.230208333,1,0,0,1,NA,0
8364,"brand","third",3,1,"high",3,-1.967413442,0,1,0.671467764,-1.026639344,-1.230208333,1,0,0,NA,0,0
8366,"pop","first",1,0,"low",5,0.474541752,0,0,0.671467764,-1.693306011,1.394791667,1,0,0,1,0,NA
8366,"rep","second",2,0,"low",5,0.953156823,0,1,0.671467764,-1.693306011,1.394791667,1,0,0,1,NA,0
8366,"brand","third",3,1,"high",5,0.032586558,1,1,0.671467764,-1.693306011,1.394791667,1,0,0,NA,0,0
8367,"pop","first",1,1,"high",7,2.474541752,1,0,1.671467764,2.306693989,2.519791667,1,1,1,1,1,NA
8367,"brand","second",2,1,"high",7,2.032586558,1,1,1.671467764,2.306693989,2.519791667,1,1,1,NA,1,1
8367,"rep","third",3,1,"high",7,2.953156823,1,1,1.671467764,2.306693989,2.519791667,1,1,1,1,NA,1
8368,"pop","first",1,0,"low",6,1.474541752,1,0,0.004801097,-0.693306011,-0.855208333,1,0,1,1,1,NA
8368,"rep","second",2,1,"high",5,0.953156823,1,1,0.004801097,-0.693306011,-0.855208333,1,0,1,1,NA,0
8368,"brand","third",3,1,"high",7,2.032586558,1,1,0.004801097,-0.693306011,-0.855208333,1,0,1,NA,1,0
8369,"rep","first",1,1,"high",3,-1.046843177,0,0,0.338134431,0.973360656,-1.605208333,1,1,1,1,NA,1
8369,"brand","second",2,1,"high",3,-1.967413442,1,1,0.338134431,0.973360656,-1.605208333,1,1,1,NA,1,1
8369,"pop","third",3,1,"high",4,-0.525458248,0,1,0.338134431,0.973360656,-1.605208333,1,1,1,1,1,NA
8371,"brand","first",1,1,"high",6,1.032586558,1,0,1.004801097,-0.693306011,-0.355208333,1,0,1,NA,1,0
8371,"pop","second",2,0,"low",6,1.474541752,1,1,1.004801097,-0.693306011,-0.355208333,1,0,1,1,1,NA
8371,"rep","third",3,1,"high",4,-0.046843177,1,1,1.004801097,-0.693306011,-0.355208333,1,0,1,1,NA,0
8372,"pop","first",1,0,"low",6,1.474541752,1,0,1.338134431,1.973360656,-1.480208333,0,0,0,0,0,NA
8372,"brand","second",2,0,"low",6,1.032586558,1,1,1.338134431,1.973360656,-1.480208333,0,0,0,NA,0,0
8372,"rep","third",3,0,"low",5,0.953156823,1,1,1.338134431,1.973360656,-1.480208333,0,0,0,0,NA,0
8373,"rep","first",1,0,"low",1,-3.046843177,0,0,-0.661865569,-0.693306011,0.644791667,1,1,0,1,NA,1
8373,"pop","second",2,1,"high",1,-3.525458248,0,1,-0.661865569,-0.693306011,0.644791667,1,1,0,1,0,NA
8373,"brand","third",3,1,"high",1,-3.967413442,1,1,-0.661865569,-0.693306011,0.644791667,1,1,0,NA,0,1
8374,"brand","first",1,1,"high",4,-0.967413442,1,0,-0.661865569,-1.693306011,-0.730208333,1,0,0,NA,0,0
8374,"pop","second",2,0,"low",7,2.474541752,0,1,-0.661865569,-1.693306011,-0.730208333,1,0,0,1,0,NA
8374,"rep","third",3,0,"low",4,-0.046843177,1,1,-0.661865569,-1.693306011,-0.730208333,1,0,0,1,NA,0
8375,"pop","first",1,1,"high",1,-3.525458248,0,0,-2.995198903,2.306693989,-3.480208333,1,1,1,1,1,NA
8375,"rep","second",2,1,"high",1,-3.046843177,0,1,-2.995198903,2.306693989,-3.480208333,1,1,1,1,NA,1
8375,"brand","third",3,1,"high",2,-2.967413442,1,1,-2.995198903,2.306693989,-3.480208333,1,1,1,NA,1,1
8376,"pop","first",1,0,"low",4,-0.525458248,1,0,-0.328532236,-4.693306011,1.894791667,0,0,1,0,1,NA
8376,"brand","second",2,0,"low",5,0.032586558,0,1,-0.328532236,-4.693306011,1.894791667,0,0,1,NA,1,0
8376,"rep","third",3,1,"high",5,0.953156823,1,1,-0.328532236,-4.693306011,1.894791667,0,0,1,0,NA,0
8377,"rep","first",1,0,"low",5,0.953156823,1,0,0.004801097,-2.359972678,0.644791667,1,0,0,1,NA,0
8377,"brand","second",2,1,"high",5,0.032586558,1,1,0.004801097,-2.359972678,0.644791667,1,0,0,NA,0,0
8377,"pop","third",3,0,"low",5,0.474541752,1,1,0.004801097,-2.359972678,0.644791667,1,0,0,1,0,NA
8378,"brand","first",1,1,"high",6,1.032586558,0,0,-0.328532236,1.306693989,1.644791667,1,1,1,NA,1,1
8378,"pop","second",2,1,"high",6,1.474541752,1,1,-0.328532236,1.306693989,1.644791667,1,1,1,1,1,NA
8378,"rep","third",3,1,"high",6,1.953156823,1,1,-0.328532236,1.306693989,1.644791667,1,1,1,1,NA,1
8379,"brand","first",1,1,"high",6,1.032586558,1,0,0.671467764,0.973360656,1.019791667,1,1,0,NA,0,1
8379,"pop","second",2,1,"high",7,2.474541752,1,1,0.671467764,0.973360656,1.019791667,1,1,0,1,0,NA
8379,"rep","third",3,0,"low",6,1.953156823,1,1,0.671467764,0.973360656,1.019791667,1,1,0,1,NA,1
8380,"rep","first",1,0,"low",4,-0.046843177,1,0,0.338134431,-1.693306011,0.019791667,0,0,0,0,NA,0
8380,"brand","second",2,0,"low",6,1.032586558,1,1,0.338134431,-1.693306011,0.019791667,0,0,0,NA,0,0
8380,"pop","third",3,0,"low",7,2.474541752,0,1,0.338134431,-1.693306011,0.019791667,0,0,0,0,0,NA
8381,"pop","first",1,0,"low",4,-0.525458248,0,0,-0.995198903,0.306693989,0.519791667,0,0,1,0,1,NA
8381,"brand","second",2,0,"low",5,0.032586558,1,1,-0.995198903,0.306693989,0.519791667,0,0,1,NA,1,0
8381,"rep","third",3,1,"high",5,0.953156823,1,1,-0.995198903,0.306693989,0.519791667,0,0,1,0,NA,0
8382,"pop","first",1,0,"low",4,-0.525458248,0,0,0.671467764,-0.693306011,-0.605208333,1,0,1,1,1,NA
8382,"brand","second",2,1,"high",5,0.032586558,1,1,0.671467764,-0.693306011,-0.605208333,1,0,1,NA,1,0
8382,"rep","third",3,1,"high",6,1.953156823,0,1,0.671467764,-0.693306011,-0.605208333,1,0,1,1,NA,0
8383,"pop","first",1,0,"low",6,1.474541752,1,0,0.004801097,-0.026639344,0.519791667,0,0,1,0,1,NA
8383,"brand","second",2,0,"low",7,2.032586558,1,1,0.004801097,-0.026639344,0.519791667,0,0,1,NA,1,0
8383,"rep","third",3,1,"high",6,1.953156823,1,1,0.004801097,-0.026639344,0.519791667,0,0,1,0,NA,0
8384,"pop","first",1,0,"low",7,2.474541752,1,0,1.671467764,2.306693989,2.144791667,0,0,1,0,1,NA
8384,"brand","second",2,0,"low",7,2.032586558,1,1,1.671467764,2.306693989,2.144791667,0,0,1,NA,1,0
8384,"rep","third",3,1,"high",6,1.953156823,1,1,1.671467764,2.306693989,2.144791667,0,0,1,0,NA,0
8385,"brand","first",1,0,"low",4,-0.967413442,1,0,1.004801097,-0.359972678,1.394791667,0,1,0,NA,0,1
8385,"rep","second",2,0,"low",2,-2.046843177,1,1,1.004801097,-0.359972678,1.394791667,0,1,0,0,NA,1
8385,"pop","third",3,1,"high",6,1.474541752,1,1,1.004801097,-0.359972678,1.394791667,0,1,0,0,0,NA
8386,"rep","first",1,1,"high",6,1.953156823,1,0,-0.995198903,-0.026639344,-1.230208333,0,0,1,0,NA,0
8386,"brand","second",2,0,"low",5,0.032586558,0,1,-0.995198903,-0.026639344,-1.230208333,0,0,1,NA,1,0
8386,"pop","third",3,0,"low",3,-1.525458248,1,1,-0.995198903,-0.026639344,-1.230208333,0,0,1,0,1,NA
8387,"pop","first",1,0,"low",4,-0.525458248,0,0,-0.661865569,1.306693989,-1.605208333,1,0,1,1,1,NA
8387,"brand","second",2,1,"high",6,1.032586558,1,1,-0.661865569,1.306693989,-1.605208333,1,0,1,NA,1,0
8387,"rep","third",3,1,"high",4,-0.046843177,1,1,-0.661865569,1.306693989,-1.605208333,1,0,1,1,NA,0
8389,"pop","first",1,0,"low",4,-0.525458248,0,0,-1.661865569,1.973360656,-4.480208333,1,0,0,1,0,NA
8389,"rep","second",2,0,"low",4,-0.046843177,1,1,-1.661865569,1.973360656,-4.480208333,1,0,0,1,NA,0
8389,"brand","third",3,1,"high",4,-0.967413442,1,1,-1.661865569,1.973360656,-4.480208333,1,0,0,NA,0,0
8390,"pop","first",1,0,"low",6,1.474541752,1,0,1.004801097,-2.026639344,0.519791667,1,0,1,1,1,NA
8390,"brand","second",2,1,"high",7,2.032586558,1,1,1.004801097,-2.026639344,0.519791667,1,0,1,NA,1,0
8390,"rep","third",3,1,"high",7,2.953156823,1,1,1.004801097,-2.026639344,0.519791667,1,0,1,1,NA,0
8391,"brand","first",1,1,"high",4,-0.967413442,1,0,-0.995198903,-1.693306011,-0.605208333,1,0,0,NA,0,0
8391,"pop","second",2,0,"low",4,-0.525458248,0,1,-0.995198903,-1.693306011,-0.605208333,1,0,0,1,0,NA
8391,"rep","third",3,0,"low",4,-0.046843177,0,1,-0.995198903,-1.693306011,-0.605208333,1,0,0,1,NA,0
8392,"pop","first",1,1,"high",5,0.474541752,1,0,0.671467764,-3.026639344,0.644791667,1,1,1,1,1,NA
8392,"rep","second",2,1,"high",6,1.953156823,1,1,0.671467764,-3.026639344,0.644791667,1,1,1,1,NA,1
8392,"brand","third",3,1,"high",6,1.032586558,0,1,0.671467764,-3.026639344,0.644791667,1,1,1,NA,1,1
8393,"pop","first",1,1,"high",5,0.474541752,1,0,-0.328532236,0.640027322,0.644791667,1,1,1,1,1,NA
8393,"brand","second",2,1,"high",4,-0.967413442,1,1,-0.328532236,0.640027322,0.644791667,1,1,1,NA,1,1
8393,"rep","third",3,1,"high",4,-0.046843177,1,1,-0.328532236,0.640027322,0.644791667,1,1,1,1,NA,1
8394,"rep","first",1,0,"low",4,-0.046843177,0,0,1.004801097,1.640027322,1.894791667,0,1,0,0,NA,1
8394,"pop","second",2,1,"high",2,-2.525458248,0,1,1.004801097,1.640027322,1.894791667,0,1,0,0,0,NA
8394,"brand","third",3,0,"low",4,-0.967413442,0,1,1.004801097,1.640027322,1.894791667,0,1,0,NA,0,1
8396,"pop","first",1,0,"low",3,-1.525458248,1,0,-0.328532236,0.306693989,0.019791667,1,0,1,1,1,NA
8396,"brand","second",2,1,"high",5,0.032586558,1,1,-0.328532236,0.306693989,0.019791667,1,0,1,NA,1,0
8396,"rep","third",3,1,"high",6,1.953156823,1,1,-0.328532236,0.306693989,0.019791667,1,0,1,1,NA,0
8397,"pop","first",1,0,"low",7,2.474541752,1,0,1.671467764,0.306693989,-0.480208333,0,0,1,0,1,NA
8397,"brand","second",2,0,"low",7,2.032586558,0,1,1.671467764,0.306693989,-0.480208333,0,0,1,NA,1,0
8397,"rep","third",3,1,"high",7,2.953156823,1,1,1.671467764,0.306693989,-0.480208333,0,0,1,0,NA,0
8398,"pop","first",1,0,"low",6,1.474541752,0,0,0.338134431,-1.693306011,-0.105208333,1,0,0,1,0,NA
8398,"rep","second",2,0,"low",5,0.953156823,1,1,0.338134431,-1.693306011,-0.105208333,1,0,0,1,NA,0
8398,"brand","third",3,1,"high",7,2.032586558,1,1,0.338134431,-1.693306011,-0.105208333,1,0,0,NA,0,0
8399,"pop","first",1,0,"low",6,1.474541752,1,0,-0.995198903,-4.693306011,-0.355208333,0,0,1,0,1,NA
8399,"brand","second",2,0,"low",6,1.032586558,1,1,-0.995198903,-4.693306011,-0.355208333,0,0,1,NA,1,0
8399,"rep","third",3,1,"high",6,1.953156823,1,1,-0.995198903,-4.693306011,-0.355208333,0,0,1,0,NA,0
8401,"pop","first",1,0,"low",1,-3.525458248,0,0,-1.328532236,2.306693989,-2.355208333,1,0,0,1,0,NA
8401,"brand","second",2,1,"high",1,-3.967413442,1,1,-1.328532236,2.306693989,-2.355208333,1,0,0,NA,0,0
8401,"rep","third",3,0,"low",1,-3.046843177,0,1,-1.328532236,2.306693989,-2.355208333,1,0,0,1,NA,0
8402,"pop","first",1,1,"high",5,0.474541752,0,0,0.671467764,1.306693989,1.144791667,0,1,1,0,1,NA
8402,"brand","second",2,0,"low",2,-2.967413442,1,1,0.671467764,1.306693989,1.144791667,0,1,1,NA,1,1
8402,"rep","third",3,1,"high",1,-3.046843177,0,1,0.671467764,1.306693989,1.144791667,0,1,1,0,NA,1
8403,"rep","first",1,1,"high",4,-0.046843177,1,0,-0.995198903,0.306693989,-0.605208333,0,0,1,0,NA,0
8403,"pop","second",2,0,"low",4,-0.525458248,1,1,-0.995198903,0.306693989,-0.605208333,0,0,1,0,1,NA
8403,"brand","third",3,0,"low",4,-0.967413442,0,1,-0.995198903,0.306693989,-0.605208333,0,0,1,NA,1,0
8404,"rep","first",1,0,"low",5,0.953156823,1,0,1.671467764,1.306693989,0.894791667,0,0,0,0,NA,0
8404,"brand","second",2,0,"low",4,-0.967413442,0,1,1.671467764,1.306693989,0.894791667,0,0,0,NA,0,0
8404,"pop","third",3,0,"low",6,1.474541752,1,1,1.671467764,1.306693989,0.894791667,0,0,0,0,0,NA
8405,"pop","first",1,1,"high",7,2.474541752,1,0,0.004801097,-0.359972678,1.394791667,1,1,0,1,0,NA
8405,"brand","second",2,1,"high",6,1.032586558,1,1,0.004801097,-0.359972678,1.394791667,1,1,0,NA,0,1
8405,"rep","third",3,0,"low",6,1.953156823,1,1,0.004801097,-0.359972678,1.394791667,1,1,0,1,NA,1
8406,"pop","first",1,0,"low",4,-0.525458248,1,0,1.338134431,0.973360656,-0.230208333,1,0,0,1,0,NA
8406,"brand","second",2,1,"high",5,0.032586558,1,1,1.338134431,0.973360656,-0.230208333,1,0,0,NA,0,0
8406,"rep","third",3,0,"low",2,-2.046843177,1,1,1.338134431,0.973360656,-0.230208333,1,0,0,1,NA,0
8407,"pop","first",1,1,"high",5,0.474541752,0,0,-0.661865569,-1.026639344,-0.105208333,0,1,1,0,1,NA
8407,"rep","second",2,1,"high",4,-0.046843177,0,1,-0.661865569,-1.026639344,-0.105208333,0,1,1,0,NA,1
8407,"brand","third",3,0,"low",6,1.032586558,0,1,-0.661865569,-1.026639344,-0.105208333,0,1,1,NA,1,1
8408,"pop","first",1,0,"low",5,0.474541752,0,0,0.671467764,-2.359972678,0.269791667,0,0,1,0,1,NA
8408,"rep","second",2,1,"high",2,-2.046843177,0,1,0.671467764,-2.359972678,0.269791667,0,0,1,0,NA,0
8408,"brand","third",3,0,"low",3,-1.967413442,1,1,0.671467764,-2.359972678,0.269791667,0,0,1,NA,1,0
8409,"pop","first",1,1,"high",4,-0.525458248,1,0,-0.661865569,0.306693989,-0.480208333,0,1,0,0,0,NA
8409,"rep","second",2,0,"low",4,-0.046843177,1,1,-0.661865569,0.306693989,-0.480208333,0,1,0,0,NA,1
8409,"brand","third",3,0,"low",4,-0.967413442,1,1,-0.661865569,0.306693989,-0.480208333,0,1,0,NA,0,1
8410,"pop","first",1,0,"low",5,0.474541752,1,0,1.004801097,0.306693989,0.894791667,0,0,0,0,0,NA
8410,"rep","second",2,0,"low",6,1.953156823,1,1,1.004801097,0.306693989,0.894791667,0,0,0,0,NA,0
8410,"brand","third",3,0,"low",4,-0.967413442,0,1,1.004801097,0.306693989,0.894791667,0,0,0,NA,0,0
8412,"pop","first",1,0,"low",7,2.474541752,1,0,0.671467764,0.640027322,1.019791667,1,0,1,1,1,NA
8412,"brand","second",2,1,"high",7,2.032586558,0,1,0.671467764,0.640027322,1.019791667,1,0,1,NA,1,0
8412,"rep","third",3,1,"high",7,2.953156823,1,1,0.671467764,0.640027322,1.019791667,1,0,1,1,NA,0
8413,"brand","first",1,1,"high",7,2.032586558,1,0,0.671467764,-0.359972678,1.644791667,1,0,1,NA,1,0
8413,"rep","second",2,1,"high",5,0.953156823,0,1,0.671467764,-0.359972678,1.644791667,1,0,1,1,NA,0
8413,"pop","third",3,0,"low",5,0.474541752,1,1,0.671467764,-0.359972678,1.644791667,1,0,1,1,1,NA
8414,"pop","first",1,1,"high",6,1.474541752,1,0,1.004801097,2.306693989,0.769791667,1,1,1,1,1,NA
8414,"rep","second",2,1,"high",6,1.953156823,1,1,1.004801097,2.306693989,0.769791667,1,1,1,1,NA,1
8414,"brand","third",3,1,"high",7,2.032586558,0,1,1.004801097,2.306693989,0.769791667,1,1,1,NA,1,1
8415,"rep","first",1,1,"high",4,-0.046843177,0,0,1.004801097,0.973360656,-0.480208333,1,1,1,1,NA,1
8415,"pop","second",2,1,"high",2,-2.525458248,0,1,1.004801097,0.973360656,-0.480208333,1,1,1,1,1,NA
8415,"brand","third",3,1,"high",2,-2.967413442,0,1,1.004801097,0.973360656,-0.480208333,1,1,1,NA,1,1
8419,"pop","first",1,0,"low",5,0.474541752,1,0,-1.328532236,-0.359972678,-0.230208333,0,0,1,0,1,NA
8419,"rep","second",2,1,"high",5,0.953156823,1,1,-1.328532236,-0.359972678,-0.230208333,0,0,1,0,NA,0
8419,"brand","third",3,0,"low",4,-0.967413442,0,1,-1.328532236,-0.359972678,-0.230208333,0,0,1,NA,1,0
8420,"brand","first",1,1,"high",7,2.032586558,1,0,0.671467764,0.306693989,1.019791667,1,0,1,NA,1,0
8420,"rep","second",2,1,"high",7,2.953156823,1,1,0.671467764,0.306693989,1.019791667,1,0,1,1,NA,0
8420,"pop","third",3,0,"low",7,2.474541752,0,1,0.671467764,0.306693989,1.019791667,1,0,1,1,1,NA
8421,"brand","first",1,0,"low",5,0.032586558,0,0,-2.661865569,0.640027322,0.144791667,0,0,1,NA,1,0
8421,"pop","second",2,0,"low",6,1.474541752,1,1,-2.661865569,0.640027322,0.144791667,0,0,1,0,1,NA
8421,"rep","third",3,1,"high",6,1.953156823,1,1,-2.661865569,0.640027322,0.144791667,0,0,1,0,NA,0
8423,"rep","first",1,1,"high",4,-0.046843177,1,0,-1.661865569,-1.359972678,-1.480208333,0,0,1,0,NA,0
8423,"pop","second",2,0,"low",4,-0.525458248,0,1,-1.661865569,-1.359972678,-1.480208333,0,0,1,0,1,NA
8423,"brand","third",3,0,"low",4,-0.967413442,0,1,-1.661865569,-1.359972678,-1.480208333,0,0,1,NA,1,0
8425,"rep","first",1,1,"high",6,1.953156823,1,0,1.671467764,-0.693306011,0.519791667,1,1,1,1,NA,1
8425,"pop","second",2,1,"high",6,1.474541752,1,1,1.671467764,-0.693306011,0.519791667,1,1,1,1,1,NA
8425,"brand","third",3,1,"high",6,1.032586558,0,1,1.671467764,-0.693306011,0.519791667,1,1,1,NA,1,1
8427,"brand","first",1,1,"high",5,0.032586558,1,0,-1.328532236,-0.359972678,0.019791667,1,1,1,NA,1,1
8427,"rep","second",2,1,"high",4,-0.046843177,0,1,-1.328532236,-0.359972678,0.019791667,1,1,1,1,NA,1
8427,"pop","third",3,1,"high",4,-0.525458248,1,1,-1.328532236,-0.359972678,0.019791667,1,1,1,1,1,NA
8428,"brand","first",1,1,"high",4,-0.967413442,0,0,0.338134431,0.306693989,-0.730208333,1,0,0,NA,0,0
8428,"rep","second",2,0,"low",4,-0.046843177,0,1,0.338134431,0.306693989,-0.730208333,1,0,0,1,NA,0
8428,"pop","third",3,0,"low",4,-0.525458248,1,1,0.338134431,0.306693989,-0.730208333,1,0,0,1,0,NA
8429,"rep","first",1,0,"low",5,0.953156823,0,0,0.671467764,0.973360656,-0.355208333,1,0,0,1,NA,0
8429,"brand","second",2,1,"high",6,1.032586558,1,1,0.671467764,0.973360656,-0.355208333,1,0,0,NA,0,0
8429,"pop","third",3,0,"low",6,1.474541752,1,1,0.671467764,0.973360656,-0.355208333,1,0,0,1,0,NA
8430,"pop","first",1,1,"high",7,2.474541752,1,0,0.671467764,-0.693306011,-0.730208333,0,1,1,0,1,NA
8430,"rep","second",2,1,"high",3,-1.046843177,1,1,0.671467764,-0.693306011,-0.730208333,0,1,1,0,NA,1
8430,"brand","third",3,0,"low",4,-0.967413442,1,1,0.671467764,-0.693306011,-0.730208333,0,1,1,NA,1,1
8431,"pop","first",1,1,"high",5,0.474541752,0,0,-0.328532236,0.640027322,2.144791667,0,1,0,0,0,NA
8431,"brand","second",2,0,"low",5,0.032586558,0,1,-0.328532236,0.640027322,2.144791667,0,1,0,NA,0,1
8431,"rep","third",3,0,"low",3,-1.046843177,1,1,-0.328532236,0.640027322,2.144791667,0,1,0,0,NA,1
8433,"brand","first",1,1,"high",6,1.032586558,1,0,0.671467764,1.306693989,-1.105208333,1,0,0,NA,0,0
8433,"pop","second",2,0,"low",6,1.474541752,0,1,0.671467764,1.306693989,-1.105208333,1,0,0,1,0,NA
8433,"rep","third",3,0,"low",3,-1.046843177,1,1,0.671467764,1.306693989,-1.105208333,1,0,0,1,NA,0
8434,"brand","first",1,1,"high",6,1.032586558,1,0,-1.328532236,-3.693306011,-0.980208333,1,1,1,NA,1,1
8434,"pop","second",2,1,"high",3,-1.525458248,0,1,-1.328532236,-3.693306011,-0.980208333,1,1,1,1,1,NA
8434,"rep","third",3,1,"high",5,0.953156823,1,1,-1.328532236,-3.693306011,-0.980208333,1,1,1,1,NA,1
8435,"brand","first",1,1,"high",7,2.032586558,1,0,0.004801097,-2.026639344,0.269791667,1,1,1,NA,1,1
8435,"pop","second",2,1,"high",7,2.474541752,1,1,0.004801097,-2.026639344,0.269791667,1,1,1,1,1,NA
8435,"rep","third",3,1,"high",6,1.953156823,1,1,0.004801097,-2.026639344,0.269791667,1,1,1,1,NA,1
8437,"brand","first",1,0,"low",6,1.032586558,1,0,1.671467764,0.306693989,0.269791667,0,0,0,NA,0,0
8437,"pop","second",2,0,"low",6,1.474541752,1,1,1.671467764,0.306693989,0.269791667,0,0,0,0,0,NA
8437,"rep","third",3,0,"low",4,-0.046843177,1,1,1.671467764,0.306693989,0.269791667,0,0,0,0,NA,0
8438,"brand","first",1,1,"high",6,1.032586558,0,0,0.671467764,0.306693989,0.644791667,1,1,1,NA,1,1
8438,"pop","second",2,1,"high",4,-0.525458248,1,1,0.671467764,0.306693989,0.644791667,1,1,1,1,1,NA
8438,"rep","third",3,1,"high",4,-0.046843177,1,1,0.671467764,0.306693989,0.644791667,1,1,1,1,NA,1
8439,"rep","first",1,0,"low",2,-2.046843177,1,0,1.671467764,-0.693306011,0.144791667,0,0,0,0,NA,0
8439,"brand","second",2,0,"low",6,1.032586558,1,1,1.671467764,-0.693306011,0.144791667,0,0,0,NA,0,0
8439,"pop","third",3,0,"low",6,1.474541752,1,1,1.671467764,-0.693306011,0.144791667,0,0,0,0,0,NA
8440,"rep","first",1,1,"high",5,0.953156823,1,0,1.004801097,0.640027322,0.894791667,0,0,1,0,NA,0
8440,"pop","second",2,0,"low",4,-0.525458248,1,1,1.004801097,0.640027322,0.894791667,0,0,1,0,1,NA
8440,"brand","third",3,0,"low",5,0.032586558,1,1,1.004801097,0.640027322,0.894791667,0,0,1,NA,1,0
8441,"brand","first",1,1,"high",1,-3.967413442,0,0,-1.328532236,-0.693306011,-0.105208333,1,1,1,NA,1,1
8441,"rep","second",2,1,"high",1,-3.046843177,1,1,-1.328532236,-0.693306011,-0.105208333,1,1,1,1,NA,1
8441,"pop","third",3,1,"high",3,-1.525458248,0,1,-1.328532236,-0.693306011,-0.105208333,1,1,1,1,1,NA
8442,"rep","first",1,0,"low",4,-0.046843177,1,0,1.671467764,1.973360656,0.269791667,1,1,0,1,NA,1
8442,"brand","second",2,1,"high",5,0.032586558,1,1,1.671467764,1.973360656,0.269791667,1,1,0,NA,0,1
8442,"pop","third",3,1,"high",5,0.474541752,0,1,1.671467764,1.973360656,0.269791667,1,1,0,1,0,NA
8443,"pop","first",1,1,"high",6,1.474541752,1,0,1.338134431,2.306693989,2.019791667,0,1,0,0,0,NA
8443,"brand","second",2,0,"low",1,-3.967413442,1,1,1.338134431,2.306693989,2.019791667,0,1,0,NA,0,1
8443,"rep","third",3,0,"low",2,-2.046843177,1,1,1.338134431,2.306693989,2.019791667,0,1,0,0,NA,1
8444,"pop","first",1,1,"high",4,-0.525458248,0,0,0.004801097,-1.359972678,-0.480208333,0,1,0,0,0,NA
8444,"rep","second",2,0,"low",2,-2.046843177,1,1,0.004801097,-1.359972678,-0.480208333,0,1,0,0,NA,1
8444,"brand","third",3,0,"low",3,-1.967413442,1,1,0.004801097,-1.359972678,-0.480208333,0,1,0,NA,0,1
8445,"brand","first",1,1,"high",6,1.032586558,1,0,1.338134431,-1.693306011,-1.230208333,1,0,0,NA,0,0
8445,"pop","second",2,0,"low",4,-0.525458248,1,1,1.338134431,-1.693306011,-1.230208333,1,0,0,1,0,NA
8445,"rep","third",3,0,"low",4,-0.046843177,0,1,1.338134431,-1.693306011,-1.230208333,1,0,0,1,NA,0
8446,"brand","first",1,0,"low",6,1.032586558,1,0,-1.661865569,-1.693306011,-0.980208333,0,1,0,NA,0,1
8446,"pop","second",2,1,"high",6,1.474541752,1,1,-1.661865569,-1.693306011,-0.980208333,0,1,0,0,0,NA
8446,"rep","third",3,0,"low",5,0.953156823,1,1,-1.661865569,-1.693306011,-0.980208333,0,1,0,0,NA,1
8447,"pop","first",1,0,"low",1,-3.525458248,1,0,-0.661865569,0.306693989,0.769791667,1,0,0,1,0,NA
8447,"brand","second",2,1,"high",5,0.032586558,1,1,-0.661865569,0.306693989,0.769791667,1,0,0,NA,0,0
8447,"rep","third",3,0,"low",2,-2.046843177,1,1,-0.661865569,0.306693989,0.769791667,1,0,0,1,NA,0
8448,"brand","first",1,0,"low",4,-0.967413442,1,0,1.004801097,1.306693989,0.644791667,0,0,0,NA,0,0
8448,"rep","second",2,0,"low",5,0.953156823,1,1,1.004801097,1.306693989,0.644791667,0,0,0,0,NA,0
8448,"pop","third",3,0,"low",4,-0.525458248,0,1,1.004801097,1.306693989,0.644791667,0,0,0,0,0,NA
8449,"pop","first",1,0,"low",6,1.474541752,1,0,0.004801097,1.973360656,0.269791667,0,0,1,0,1,NA
8449,"brand","second",2,0,"low",6,1.032586558,0,1,0.004801097,1.973360656,0.269791667,0,0,1,NA,1,0
8449,"rep","third",3,1,"high",7,2.953156823,1,1,0.004801097,1.973360656,0.269791667,0,0,1,0,NA,0
8450,"brand","first",1,0,"low",7,2.032586558,1,0,0.004801097,1.640027322,-0.605208333,0,0,1,NA,1,0
8450,"rep","second",2,1,"high",7,2.953156823,1,1,0.004801097,1.640027322,-0.605208333,0,0,1,0,NA,0
8450,"pop","third",3,0,"low",3,-1.525458248,1,1,0.004801097,1.640027322,-0.605208333,0,0,1,0,1,NA
8451,"rep","first",1,1,"high",5,0.953156823,1,0,0.004801097,-1.693306011,0.519791667,0,0,1,0,NA,0
8451,"brand","second",2,0,"low",5,0.032586558,1,1,0.004801097,-1.693306011,0.519791667,0,0,1,NA,1,0
8451,"pop","third",3,0,"low",6,1.474541752,1,1,0.004801097,-1.693306011,0.519791667,0,0,1,0,1,NA
8452,"pop","first",1,1,"high",7,2.474541752,1,0,-0.328532236,-0.693306011,-0.980208333,0,1,0,0,0,NA
8452,"rep","second",2,0,"low",4,-0.046843177,1,1,-0.328532236,-0.693306011,-0.980208333,0,1,0,0,NA,1
8452,"brand","third",3,0,"low",6,1.032586558,0,1,-0.328532236,-0.693306011,-0.980208333,0,1,0,NA,0,1
8453,"rep","first",1,0,"low",5,0.953156823,1,0,0.671467764,-0.026639344,0.144791667,0,1,0,0,NA,1
8453,"brand","second",2,0,"low",5,0.032586558,0,1,0.671467764,-0.026639344,0.144791667,0,1,0,NA,0,1
8453,"pop","third",3,1,"high",5,0.474541752,1,1,0.671467764,-0.026639344,0.144791667,0,1,0,0,0,NA
8454,"brand","first",1,1,"high",7,2.032586558,1,0,-1.328532236,-0.693306011,0.269791667,1,1,1,NA,1,1
8454,"rep","second",2,1,"high",6,1.953156823,1,1,-1.328532236,-0.693306011,0.269791667,1,1,1,1,NA,1
8454,"pop","third",3,1,"high",7,2.474541752,1,1,-1.328532236,-0.693306011,0.269791667,1,1,1,1,1,NA
8455,"brand","first",1,0,"low",4,-0.967413442,0,0,0.338134431,1.973360656,-1.355208333,0,0,1,NA,1,0
8455,"rep","second",2,1,"high",4,-0.046843177,1,1,0.338134431,1.973360656,-1.355208333,0,0,1,0,NA,0
8455,"pop","third",3,0,"low",5,0.474541752,0,1,0.338134431,1.973360656,-1.355208333,0,0,1,0,1,NA
8456,"rep","first",1,0,"low",6,1.953156823,1,0,1.338134431,-1.026639344,0.394791667,1,1,0,1,NA,1
8456,"brand","second",2,1,"high",7,2.032586558,0,1,1.338134431,-1.026639344,0.394791667,1,1,0,NA,0,1
8456,"pop","third",3,1,"high",7,2.474541752,1,1,1.338134431,-1.026639344,0.394791667,1,1,0,1,0,NA
8457,"pop","first",1,1,"high",6,1.474541752,1,0,0.671467764,-1.026639344,1.394791667,1,1,0,1,0,NA
8457,"rep","second",2,0,"low",3,-1.046843177,0,1,0.671467764,-1.026639344,1.394791667,1,1,0,1,NA,1
8457,"brand","third",3,1,"high",6,1.032586558,1,1,0.671467764,-1.026639344,1.394791667,1,1,0,NA,0,1
8458,"pop","first",1,1,"high",7,2.474541752,1,0,0.671467764,0.973360656,-0.480208333,0,1,1,0,1,NA
8458,"rep","second",2,1,"high",5,0.953156823,1,1,0.671467764,0.973360656,-0.480208333,0,1,1,0,NA,1
8458,"brand","third",3,0,"low",5,0.032586558,1,1,0.671467764,0.973360656,-0.480208333,0,1,1,NA,1,1
8459,"pop","first",1,1,"high",5,0.474541752,0,0,1.671467764,2.306693989,0.894791667,0,1,1,0,1,NA
8459,"rep","second",2,1,"high",7,2.953156823,0,1,1.671467764,2.306693989,0.894791667,0,1,1,0,NA,1
8459,"brand","third",3,0,"low",6,1.032586558,0,1,1.671467764,2.306693989,0.894791667,0,1,1,NA,1,1
8460,"pop","first",1,1,"high",6,1.474541752,1,0,0.671467764,-0.359972678,1.269791667,0,1,0,0,0,NA
8460,"rep","second",2,0,"low",3,-1.046843177,1,1,0.671467764,-0.359972678,1.269791667,0,1,0,0,NA,1
8460,"brand","third",3,0,"low",6,1.032586558,1,1,0.671467764,-0.359972678,1.269791667,0,1,0,NA,0,1
8461,"rep","first",1,0,"low",6,1.953156823,0,0,1.671467764,2.306693989,2.144791667,0,1,0,0,NA,1
8461,"pop","second",2,1,"high",7,2.474541752,1,1,1.671467764,2.306693989,2.144791667,0,1,0,0,0,NA
8461,"brand","third",3,0,"low",7,2.032586558,0,1,1.671467764,2.306693989,2.144791667,0,1,0,NA,0,1
8462,"brand","first",1,1,"high",6,1.032586558,1,0,-1.328532236,-0.026639344,0.269791667,1,0,1,NA,1,0
8462,"pop","second",2,0,"low",5,0.474541752,1,1,-1.328532236,-0.026639344,0.269791667,1,0,1,1,1,NA
8462,"rep","third",3,1,"high",5,0.953156823,1,1,-1.328532236,-0.026639344,0.269791667,1,0,1,1,NA,0
8463,"brand","first",1,0,"low",3,-1.967413442,0,0,0.338134431,-0.026639344,1.394791667,0,1,0,NA,0,1
8463,"pop","second",2,1,"high",3,-1.525458248,0,1,0.338134431,-0.026639344,1.394791667,0,1,0,0,0,NA
8463,"rep","third",3,0,"low",3,-1.046843177,1,1,0.338134431,-0.026639344,1.394791667,0,1,0,0,NA,1
8464,"pop","first",1,0,"low",6,1.474541752,1,0,-0.661865569,0.640027322,0.644791667,1,0,1,1,1,NA
8464,"rep","second",2,1,"high",6,1.953156823,1,1,-0.661865569,0.640027322,0.644791667,1,0,1,1,NA,0
8464,"brand","third",3,1,"high",3,-1.967413442,0,1,-0.661865569,0.640027322,0.644791667,1,0,1,NA,1,0
8465,"rep","first",1,1,"high",5,0.953156823,1,0,0.338134431,-1.359972678,0.519791667,1,0,1,1,NA,0
8465,"brand","second",2,1,"high",6,1.032586558,1,1,0.338134431,-1.359972678,0.519791667,1,0,1,NA,1,0
8465,"pop","third",3,0,"low",4,-0.525458248,1,1,0.338134431,-1.359972678,0.519791667,1,0,1,1,1,NA
8466,"rep","first",1,1,"high",2,-2.046843177,1,0,1.004801097,-1.693306011,0.894791667,0,1,1,0,NA,1
8466,"pop","second",2,1,"high",5,0.474541752,0,1,1.004801097,-1.693306011,0.894791667,0,1,1,0,1,NA
8466,"brand","third",3,0,"low",5,0.032586558,1,1,1.004801097,-1.693306011,0.894791667,0,1,1,NA,1,1
8467,"rep","first",1,1,"high",7,2.953156823,1,0,0.671467764,0.973360656,0.519791667,1,0,1,1,NA,0
8467,"brand","second",2,1,"high",3,-1.967413442,0,1,0.671467764,0.973360656,0.519791667,1,0,1,NA,1,0
8467,"pop","third",3,0,"low",1,-3.525458248,1,1,0.671467764,0.973360656,0.519791667,1,0,1,1,1,NA
8468,"pop","first",1,1,"high",7,2.474541752,1,0,1.338134431,0.640027322,0.644791667,0,1,0,0,0,NA
8468,"rep","second",2,0,"low",3,-1.046843177,1,1,1.338134431,0.640027322,0.644791667,0,1,0,0,NA,1
8468,"brand","third",3,0,"low",4,-0.967413442,0,1,1.338134431,0.640027322,0.644791667,0,1,0,NA,0,1
8469,"pop","first",1,0,"low",2,-2.525458248,1,0,0.338134431,0.306693989,-4.480208333,0,0,0,0,0,NA
8469,"rep","second",2,0,"low",5,0.953156823,1,1,0.338134431,0.306693989,-4.480208333,0,0,0,0,NA,0
8469,"brand","third",3,0,"low",6,1.032586558,0,1,0.338134431,0.306693989,-4.480208333,0,0,0,NA,0,0
8470,"pop","first",1,0,"low",5,0.474541752,0,0,0.671467764,1.306693989,0.144791667,0,0,0,0,0,NA
8470,"rep","second",2,0,"low",6,1.953156823,1,1,0.671467764,1.306693989,0.144791667,0,0,0,0,NA,0
8470,"brand","third",3,0,"low",2,-2.967413442,1,1,0.671467764,1.306693989,0.144791667,0,0,0,NA,0,0
8471,"rep","first",1,0,"low",3,-1.046843177,1,0,-0.995198903,-1.026639344,-0.355208333,1,0,0,1,NA,0
8471,"pop","second",2,0,"low",3,-1.525458248,0,1,-0.995198903,-1.026639344,-0.355208333,1,0,0,1,0,NA
8471,"brand","third",3,1,"high",2,-2.967413442,1,1,-0.995198903,-1.026639344,-0.355208333,1,0,0,NA,0,0
8472,"pop","first",1,1,"high",4,-0.525458248,0,0,0.004801097,-1.359972678,-0.230208333,0,1,1,0,1,NA
8472,"brand","second",2,0,"low",3,-1.967413442,1,1,0.004801097,-1.359972678,-0.230208333,0,1,1,NA,1,1
8472,"rep","third",3,1,"high",2,-2.046843177,1,1,0.004801097,-1.359972678,-0.230208333,0,1,1,0,NA,1
8473,"rep","first",1,1,"high",5,0.953156823,1,0,1.004801097,2.306693989,-1.230208333,1,0,1,1,NA,0
8473,"pop","second",2,0,"low",7,2.474541752,1,1,1.004801097,2.306693989,-1.230208333,1,0,1,1,1,NA
8473,"brand","third",3,1,"high",7,2.032586558,1,1,1.004801097,2.306693989,-1.230208333,1,0,1,NA,1,0
8474,"brand","first",1,0,"low",2,-2.967413442,1,0,0.338134431,0.640027322,-1.105208333,0,1,1,NA,1,1
8474,"pop","second",2,1,"high",5,0.474541752,0,1,0.338134431,0.640027322,-1.105208333,0,1,1,0,1,NA
8474,"rep","third",3,1,"high",3,-1.046843177,1,1,0.338134431,0.640027322,-1.105208333,0,1,1,0,NA,1
8475,"brand","first",1,0,"low",4,-0.967413442,1,0,0.671467764,-2.693306011,-0.355208333,0,1,0,NA,0,1
8475,"pop","second",2,1,"high",4,-0.525458248,0,1,0.671467764,-2.693306011,-0.355208333,0,1,0,0,0,NA
8475,"rep","third",3,0,"low",4,-0.046843177,1,1,0.671467764,-2.693306011,-0.355208333,0,1,0,0,NA,1
8476,"brand","first",1,1,"high",4,-0.967413442,0,0,-0.328532236,0.973360656,-0.480208333,1,0,0,NA,0,0
8476,"pop","second",2,0,"low",5,0.474541752,1,1,-0.328532236,0.973360656,-0.480208333,1,0,0,1,0,NA
8476,"rep","third",3,0,"low",3,-1.046843177,1,1,-0.328532236,0.973360656,-0.480208333,1,0,0,1,NA,0
8477,"rep","first",1,0,"low",5,0.953156823,1,0,-0.995198903,-1.026639344,-0.480208333,1,1,0,1,NA,1
8477,"brand","second",2,1,"high",3,-1.967413442,1,1,-0.995198903,-1.026639344,-0.480208333,1,1,0,NA,0,1
8477,"pop","third",3,1,"high",5,0.474541752,1,1,-0.995198903,-1.026639344,-0.480208333,1,1,0,1,0,NA
8478,"brand","first",1,0,"low",2,-2.967413442,0,0,0.004801097,1.306693989,0.019791667,0,1,0,NA,0,1
8478,"rep","second",2,0,"low",5,0.953156823,1,1,0.004801097,1.306693989,0.019791667,0,1,0,0,NA,1
8478,"pop","third",3,1,"high",6,1.474541752,0,1,0.004801097,1.306693989,0.019791667,0,1,0,0,0,NA
8479,"rep","first",1,0,"low",2,-2.046843177,1,0,1.671467764,0.973360656,0.519791667,0,1,0,0,NA,1
8479,"pop","second",2,1,"high",5,0.474541752,1,1,1.671467764,0.973360656,0.519791667,0,1,0,0,0,NA
8479,"brand","third",3,0,"low",4,-0.967413442,0,1,1.671467764,0.973360656,0.519791667,0,1,0,NA,0,1
8480,"rep","first",1,0,"low",5,0.953156823,1,0,1.004801097,0.973360656,-0.730208333,1,0,0,1,NA,0
8480,"pop","second",2,0,"low",4,-0.525458248,0,1,1.004801097,0.973360656,-0.730208333,1,0,0,1,0,NA
8480,"brand","third",3,1,"high",7,2.032586558,1,1,1.004801097,0.973360656,-0.730208333,1,0,0,NA,0,0
8481,"rep","first",1,1,"high",7,2.953156823,0,0,1.671467764,2.306693989,1.894791667,1,1,1,1,NA,1
8481,"pop","second",2,1,"high",7,2.474541752,0,1,1.671467764,2.306693989,1.894791667,1,1,1,1,1,NA
8481,"brand","third",3,1,"high",7,2.032586558,1,1,1.671467764,2.306693989,1.894791667,1,1,1,NA,1,1
8482,"brand","first",1,0,"low",1,-3.967413442,1,0,1.004801097,1.306693989,1.394791667,0,1,1,NA,1,1
8482,"rep","second",2,1,"high",3,-1.046843177,0,1,1.004801097,1.306693989,1.394791667,0,1,1,0,NA,1
8482,"pop","third",3,1,"high",5,0.474541752,0,1,1.004801097,1.306693989,1.394791667,0,1,1,0,1,NA
8483,"rep","first",1,1,"high",6,1.953156823,1,0,-0.995198903,0.640027322,-0.105208333,1,1,1,1,NA,1
8483,"brand","second",2,1,"high",6,1.032586558,1,1,-0.995198903,0.640027322,-0.105208333,1,1,1,NA,1,1
8483,"pop","third",3,1,"high",3,-1.525458248,1,1,-0.995198903,0.640027322,-0.105208333,1,1,1,1,1,NA
8484,"brand","first",1,1,"high",6,1.032586558,1,0,0.671467764,-0.693306011,-0.230208333,1,1,0,NA,0,1
8484,"pop","second",2,1,"high",6,1.474541752,0,1,0.671467764,-0.693306011,-0.230208333,1,1,0,1,0,NA
8484,"rep","third",3,0,"low",2,-2.046843177,1,1,0.671467764,-0.693306011,-0.230208333,1,1,0,1,NA,1
8485,"pop","first",1,0,"low",4,-0.525458248,1,0,-0.328532236,1.306693989,-0.230208333,1,0,0,1,0,NA
8485,"brand","second",2,1,"high",5,0.032586558,0,1,-0.328532236,1.306693989,-0.230208333,1,0,0,NA,0,0
8485,"rep","third",3,0,"low",5,0.953156823,1,1,-0.328532236,1.306693989,-0.230208333,1,0,0,1,NA,0
8486,"brand","first",1,1,"high",7,2.032586558,1,0,-0.328532236,-0.359972678,-0.355208333,1,1,0,NA,0,1
8486,"rep","second",2,0,"low",1,-3.046843177,0,1,-0.328532236,-0.359972678,-0.355208333,1,1,0,1,NA,1
8486,"pop","third",3,1,"high",5,0.474541752,0,1,-0.328532236,-0.359972678,-0.355208333,1,1,0,1,0,NA
8487,"pop","first",1,0,"low",4,-0.525458248,1,0,0.004801097,0.640027322,0.269791667,0,0,0,0,0,NA
8487,"brand","second",2,0,"low",4,-0.967413442,1,1,0.004801097,0.640027322,0.269791667,0,0,0,NA,0,0
8487,"rep","third",3,0,"low",4,-0.046843177,1,1,0.004801097,0.640027322,0.269791667,0,0,0,0,NA,0
8488,"pop","first",1,0,"low",4,-0.525458248,0,0,1.004801097,2.306693989,-0.105208333,1,0,0,1,0,NA
8488,"brand","second",2,1,"high",4,-0.967413442,0,1,1.004801097,2.306693989,-0.105208333,1,0,0,NA,0,0
8488,"rep","third",3,0,"low",4,-0.046843177,0,1,1.004801097,2.306693989,-0.105208333,1,0,0,1,NA,0
8489,"pop","first",1,1,"high",6,1.474541752,1,0,0.004801097,1.973360656,0.394791667,0,1,0,0,0,NA
8489,"brand","second",2,0,"low",6,1.032586558,1,1,0.004801097,1.973360656,0.394791667,0,1,0,NA,0,1
8489,"rep","third",3,0,"low",6,1.953156823,1,1,0.004801097,1.973360656,0.394791667,0,1,0,0,NA,1
8490,"brand","first",1,0,"low",6,1.032586558,1,0,0.004801097,0.973360656,0.269791667,0,1,0,NA,0,1
8490,"pop","second",2,1,"high",5,0.474541752,1,1,0.004801097,0.973360656,0.269791667,0,1,0,0,0,NA
8490,"rep","third",3,0,"low",2,-2.046843177,1,1,0.004801097,0.973360656,0.269791667,0,1,0,0,NA,1
8491,"pop","first",1,1,"high",5,0.474541752,0,0,-1.328532236,-2.359972678,1.019791667,0,1,1,0,1,NA
8491,"brand","second",2,0,"low",2,-2.967413442,0,1,-1.328532236,-2.359972678,1.019791667,0,1,1,NA,1,1
8491,"rep","third",3,1,"high",6,1.953156823,0,1,-1.328532236,-2.359972678,1.019791667,0,1,1,0,NA,1
8492,"rep","first",1,1,"high",5,0.953156823,1,0,1.338134431,0.973360656,-0.605208333,0,1,1,0,NA,1
8492,"pop","second",2,1,"high",4,-0.525458248,1,1,1.338134431,0.973360656,-0.605208333,0,1,1,0,1,NA
8492,"brand","third",3,0,"low",3,-1.967413442,1,1,1.338134431,0.973360656,-0.605208333,0,1,1,NA,1,1
8493,"pop","first",1,1,"high",5,0.474541752,1,0,0.004801097,-0.359972678,-1.355208333,0,1,0,0,0,NA
8493,"rep","second",2,0,"low",2,-2.046843177,1,1,0.004801097,-0.359972678,-1.355208333,0,1,0,0,NA,1
8493,"brand","third",3,0,"low",6,1.032586558,1,1,0.004801097,-0.359972678,-1.355208333,0,1,0,NA,0,1
8494,"brand","first",1,1,"high",7,2.032586558,1,0,-0.661865569,-0.026639344,-0.355208333,1,0,0,NA,0,0
8494,"rep","second",2,0,"low",5,0.953156823,1,1,-0.661865569,-0.026639344,-0.355208333,1,0,0,1,NA,0
8494,"pop","third",3,0,"low",5,0.474541752,1,1,-0.661865569,-0.026639344,-0.355208333,1,0,0,1,0,NA
8495,"brand","first",1,1,"high",6,1.032586558,1,0,1.338134431,1.640027322,-0.230208333,1,0,0,NA,0,0
8495,"rep","second",2,0,"low",2,-2.046843177,1,1,1.338134431,1.640027322,-0.230208333,1,0,0,1,NA,0
8495,"pop","third",3,0,"low",2,-2.525458248,1,1,1.338134431,1.640027322,-0.230208333,1,0,0,1,0,NA
8496,"rep","first",1,0,"low",3,-1.046843177,1,0,1.671467764,1.306693989,1.144791667,1,1,0,1,NA,1
8496,"pop","second",2,1,"high",4,-0.525458248,1,1,1.671467764,1.306693989,1.144791667,1,1,0,1,0,NA
8496,"brand","third",3,1,"high",6,1.032586558,1,1,1.671467764,1.306693989,1.144791667,1,1,0,NA,0,1
8497,"pop","first",1,0,"low",6,1.474541752,1,0,1.004801097,1.306693989,1.644791667,1,0,1,1,1,NA
8497,"rep","second",2,1,"high",2,-2.046843177,1,1,1.004801097,1.306693989,1.644791667,1,0,1,1,NA,0
8497,"brand","third",3,1,"high",5,0.032586558,1,1,1.004801097,1.306693989,1.644791667,1,0,1,NA,1,0
8498,"pop","first",1,1,"high",1,-3.525458248,0,0,-0.328532236,2.306693989,0.894791667,1,1,1,1,1,NA
8498,"rep","second",2,1,"high",1,-3.046843177,1,1,-0.328532236,2.306693989,0.894791667,1,1,1,1,NA,1
8498,"brand","third",3,1,"high",7,2.032586558,1,1,-0.328532236,2.306693989,0.894791667,1,1,1,NA,1,1
8499,"rep","first",1,1,"high",6,1.953156823,1,0,0.004801097,-1.359972678,0.019791667,1,1,1,1,NA,1
8499,"brand","second",2,1,"high",7,2.032586558,1,1,0.004801097,-1.359972678,0.019791667,1,1,1,NA,1,1
8499,"pop","third",3,1,"high",7,2.474541752,1,1,0.004801097,-1.359972678,0.019791667,1,1,1,1,1,NA
