lfdn,i,y_i,x_i,man_check_i,inv_app_mc,inv_dl_mc,inv_cat_mc,n,y_i_mc,i_name,n_name,x_i_name
6943,1,2,0,1,0.004801097,0.640027322,0.019791667,3,-2.046843177,rep,third,low
6943,2,4,1,1,0.004801097,0.640027322,0.019791667,2,-0.525458248,pop,second,high
6943,3,5,1,1,0.004801097,0.640027322,0.019791667,1,0.032586558,brand,first,high
7945,1,5,1,1,0.671467764,-0.026639344,-0.105208333,1,0.953156823,rep,first,high
7945,2,2,0,1,0.671467764,-0.026639344,-0.105208333,3,-2.525458248,pop,third,low
7945,3,4,1,1,0.671467764,-0.026639344,-0.105208333,2,-0.967413442,brand,second,high
7946,1,3,0,1,-0.661865569,0.306693989,0.144791667,2,-1.046843177,rep,second,low
7946,2,6,1,1,-0.661865569,0.306693989,0.144791667,3,1.474541752,pop,third,high
7946,3,6,0,1,-0.661865569,0.306693989,0.144791667,1,1.032586558,brand,first,low
7947,1,2,0,0,1.671467764,-1.359972678,0.394791667,2,-2.046843177,rep,second,low
7947,2,7,1,1,1.671467764,-1.359972678,0.394791667,3,2.474541752,pop,third,high
7947,3,6,1,0,1.671467764,-1.359972678,0.394791667,1,1.032586558,brand,first,high
7948,1,2,1,1,1.671467764,0.973360656,0.269791667,2,-2.046843177,rep,second,high
7948,2,4,0,1,1.671467764,0.973360656,0.269791667,1,-0.525458248,pop,first,low
7948,3,4,1,1,1.671467764,0.973360656,0.269791667,3,-0.967413442,brand,third,high
7949,1,2,0,1,1.338134431,-0.693306011,2.519791667,3,-2.046843177,rep,third,low
7949,2,5,0,1,1.338134431,-0.693306011,2.519791667,1,0.474541752,pop,first,low
7949,3,6,1,1,1.338134431,-0.693306011,2.519791667,2,1.032586558,brand,second,high
7950,1,6,1,1,0.004801097,-0.026639344,-0.230208333,2,1.953156823,rep,second,high
7950,2,5,1,1,0.004801097,-0.026639344,-0.230208333,1,0.474541752,pop,first,high
7950,3,2,0,0,0.004801097,-0.026639344,-0.230208333,3,-2.967413442,brand,third,low
7951,1,6,1,0,0.671467764,0.640027322,-0.605208333,3,1.953156823,rep,third,high
7951,2,3,0,0,0.671467764,0.640027322,-0.605208333,2,-1.525458248,pop,second,low
7951,3,6,1,1,0.671467764,0.640027322,-0.605208333,1,1.032586558,brand,first,high
7952,1,6,0,1,1.338134431,0.640027322,0.769791667,3,1.953156823,rep,third,low
7952,2,5,0,0,1.338134431,0.640027322,0.769791667,1,0.474541752,pop,first,low
7952,3,7,0,1,1.338134431,0.640027322,0.769791667,2,2.032586558,brand,second,low
7953,1,6,1,0,1.004801097,1.306693989,2.394791667,2,1.953156823,rep,second,high
7953,2,6,1,0,1.004801097,1.306693989,2.394791667,3,1.474541752,pop,third,high
7953,3,7,1,1,1.004801097,1.306693989,2.394791667,1,2.032586558,brand,first,high
7954,1,4,0,1,0.004801097,-1.693306011,0.769791667,3,-0.046843177,rep,third,low
7954,2,5,1,1,0.004801097,-1.693306011,0.769791667,2,0.474541752,pop,second,high
7954,3,4,0,1,0.004801097,-1.693306011,0.769791667,1,-0.967413442,brand,first,low
7955,1,6,1,1,-1.328532236,0.973360656,0.894791667,3,1.953156823,rep,third,high
7955,2,2,0,1,-1.328532236,0.973360656,0.894791667,1,-2.525458248,pop,first,low
7955,3,1,0,1,-1.328532236,0.973360656,0.894791667,2,-3.967413442,brand,second,low
7956,1,4,0,0,0.004801097,-0.693306011,-0.355208333,3,-0.046843177,rep,third,low
7956,2,4,0,0,0.004801097,-0.693306011,-0.355208333,2,-0.525458248,pop,second,low
7956,3,4,1,1,0.004801097,-0.693306011,-0.355208333,1,-0.967413442,brand,first,high
7957,1,5,1,1,1.338134431,1.973360656,-0.855208333,3,0.953156823,rep,third,high
7957,2,7,1,1,1.338134431,1.973360656,-0.855208333,2,2.474541752,pop,second,high
7957,3,7,1,0,1.338134431,1.973360656,-0.855208333,1,2.032586558,brand,first,high
7958,1,6,1,1,-1.328532236,-0.359972678,0.644791667,1,1.953156823,rep,first,high
7958,2,6,0,1,-1.328532236,-0.359972678,0.644791667,3,1.474541752,pop,third,low
7958,3,6,0,1,-1.328532236,-0.359972678,0.644791667,2,1.032586558,brand,second,low
7959,1,5,0,1,-0.328532236,-0.359972678,0.519791667,1,0.953156823,rep,first,low
7959,2,2,1,0,-0.328532236,-0.359972678,0.519791667,3,-2.525458248,pop,third,high
7959,3,3,0,1,-0.328532236,-0.359972678,0.519791667,2,-1.967413442,brand,second,low
7960,1,4,1,0,-0.661865569,-0.359972678,-0.605208333,3,-0.046843177,rep,third,high
7960,2,4,1,1,-0.661865569,-0.359972678,-0.605208333,2,-0.525458248,pop,second,high
7960,3,4,1,1,-0.661865569,-0.359972678,-0.605208333,1,-0.967413442,brand,first,high
7961,1,5,0,1,0.004801097,0.306693989,0.519791667,1,0.953156823,rep,first,low
7961,2,6,0,1,0.004801097,0.306693989,0.519791667,2,1.474541752,pop,second,low
7961,3,7,0,1,0.004801097,0.306693989,0.519791667,3,2.032586558,brand,third,low
7963,1,1,0,1,0.004801097,1.306693989,-0.480208333,3,-3.046843177,rep,third,low
7963,2,2,1,1,0.004801097,1.306693989,-0.480208333,2,-2.525458248,pop,second,high
7963,3,6,1,1,0.004801097,1.306693989,-0.480208333,1,1.032586558,brand,first,high
7965,1,4,1,1,0.004801097,-0.359972678,-1.105208333,3,-0.046843177,rep,third,high
7965,2,4,1,1,0.004801097,-0.359972678,-1.105208333,1,-0.525458248,pop,first,high
7965,3,4,1,1,0.004801097,-0.359972678,-1.105208333,2,-0.967413442,brand,second,high
7966,1,6,1,1,0.004801097,0.973360656,-0.355208333,1,1.953156823,rep,first,high
7966,2,3,1,0,0.004801097,0.973360656,-0.355208333,3,-1.525458248,pop,third,high
7966,3,5,1,0,0.004801097,0.973360656,-0.355208333,2,0.032586558,brand,second,high
7967,1,4,1,1,1.004801097,-1.359972678,-0.855208333,2,-0.046843177,rep,second,high
7967,2,5,1,0,1.004801097,-1.359972678,-0.855208333,3,0.474541752,pop,third,high
7967,3,7,1,1,1.004801097,-1.359972678,-0.855208333,1,2.032586558,brand,first,high
7969,1,4,1,1,-2.328532236,-1.026639344,-1.105208333,3,-0.046843177,rep,third,high
7969,2,4,1,0,-2.328532236,-1.026639344,-1.105208333,1,-0.525458248,pop,first,high
7969,3,6,0,1,-2.328532236,-1.026639344,-1.105208333,2,1.032586558,brand,second,low
7970,1,1,1,1,1.671467764,0.306693989,-1.230208333,2,-3.046843177,rep,second,high
7970,2,5,1,0,1.671467764,0.306693989,-1.230208333,3,0.474541752,pop,third,high
7970,3,7,1,1,1.671467764,0.306693989,-1.230208333,1,2.032586558,brand,first,high
7971,1,1,0,1,-5.328532236,-4.693306011,-0.355208333,1,-3.046843177,rep,first,low
7971,2,5,0,0,-5.328532236,-4.693306011,-0.355208333,3,0.474541752,pop,third,low
7971,3,4,1,1,-5.328532236,-4.693306011,-0.355208333,2,-0.967413442,brand,second,high
7972,1,3,1,0,-0.995198903,0.306693989,-0.730208333,2,-1.046843177,rep,second,high
7972,2,5,0,0,-0.995198903,0.306693989,-0.730208333,1,0.474541752,pop,first,low
7972,3,4,0,1,-0.995198903,0.306693989,-0.730208333,3,-0.967413442,brand,third,low
7974,1,2,1,1,0.338134431,1.306693989,1.894791667,3,-2.046843177,rep,third,high
7974,2,4,1,1,0.338134431,1.306693989,1.894791667,2,-0.525458248,pop,second,high
7974,3,7,1,1,0.338134431,1.306693989,1.894791667,1,2.032586558,brand,first,high
7975,1,4,0,1,1.004801097,1.306693989,1.519791667,2,-0.046843177,rep,second,low
7975,2,7,1,1,1.004801097,1.306693989,1.519791667,3,2.474541752,pop,third,high
7975,3,6,0,0,1.004801097,1.306693989,1.519791667,1,1.032586558,brand,first,low
7976,1,4,1,0,0.004801097,-0.026639344,1.519791667,3,-0.046843177,rep,third,high
7976,2,6,1,0,0.004801097,-0.026639344,1.519791667,1,1.474541752,pop,first,high
7976,3,7,1,1,0.004801097,-0.026639344,1.519791667,2,2.032586558,brand,second,high
7977,1,4,1,0,-2.661865569,-1.026639344,0.144791667,3,-0.046843177,rep,third,high
7977,2,4,1,1,-2.661865569,-1.026639344,0.144791667,1,-0.525458248,pop,first,high
7977,3,4,1,0,-2.661865569,-1.026639344,0.144791667,2,-0.967413442,brand,second,high
7978,1,3,1,1,-0.328532236,-0.359972678,-0.605208333,1,-1.046843177,rep,first,high
7978,2,2,1,0,-0.328532236,-0.359972678,-0.605208333,3,-2.525458248,pop,third,high
7978,3,5,1,0,-0.328532236,-0.359972678,-0.605208333,2,0.032586558,brand,second,high
7979,1,3,0,1,0.004801097,1.973360656,-0.480208333,3,-1.046843177,rep,third,low
7979,2,4,1,1,0.004801097,1.973360656,-0.480208333,1,-0.525458248,pop,first,high
7979,3,4,0,1,0.004801097,1.973360656,-0.480208333,2,-0.967413442,brand,second,low
7980,1,5,0,1,0.338134431,-0.026639344,-0.605208333,3,0.953156823,rep,third,low
7980,2,6,1,0,0.338134431,-0.026639344,-0.605208333,1,1.474541752,pop,first,high
7980,3,6,0,1,0.338134431,-0.026639344,-0.605208333,2,1.032586558,brand,second,low
7981,1,4,1,1,1.338134431,-1.359972678,2.519791667,3,-0.046843177,rep,third,high
7981,2,3,0,1,1.338134431,-1.359972678,2.519791667,1,-1.525458248,pop,first,low
7981,3,1,1,0,1.338134431,-1.359972678,2.519791667,2,-3.967413442,brand,second,high
7982,1,7,1,1,0.671467764,-0.693306011,-0.105208333,1,2.953156823,rep,first,high
7982,2,6,0,1,0.671467764,-0.693306011,-0.105208333,3,1.474541752,pop,third,low
7982,3,6,1,1,0.671467764,-0.693306011,-0.105208333,2,1.032586558,brand,second,high
7983,1,2,0,1,0.671467764,0.306693989,1.519791667,3,-2.046843177,rep,third,low
7983,2,4,0,1,0.671467764,0.306693989,1.519791667,1,-0.525458248,pop,first,low
7983,3,6,1,1,0.671467764,0.306693989,1.519791667,2,1.032586558,brand,second,high
7984,1,3,1,1,-2.661865569,-0.026639344,0.894791667,3,-1.046843177,rep,third,high
7984,2,5,0,0,-2.661865569,-0.026639344,0.894791667,2,0.474541752,pop,second,low
7984,3,6,1,1,-2.661865569,-0.026639344,0.894791667,1,1.032586558,brand,first,high
7985,1,3,0,1,0.338134431,-1.359972678,0.644791667,3,-1.046843177,rep,third,low
7985,2,7,0,1,0.338134431,-1.359972678,0.644791667,1,2.474541752,pop,first,low
7985,3,6,0,1,0.338134431,-1.359972678,0.644791667,2,1.032586558,brand,second,low
7987,1,6,0,1,0.004801097,0.306693989,-0.230208333,3,1.953156823,rep,third,low
7987,2,5,0,1,0.004801097,0.306693989,-0.230208333,1,0.474541752,pop,first,low
7987,3,6,0,1,0.004801097,0.306693989,-0.230208333,2,1.032586558,brand,second,low
7988,1,6,0,1,0.671467764,0.973360656,0.519791667,3,1.953156823,rep,third,low
7988,2,6,0,1,0.671467764,0.973360656,0.519791667,2,1.474541752,pop,second,low
7988,3,5,0,1,0.671467764,0.973360656,0.519791667,1,0.032586558,brand,first,low
7989,1,6,0,0,1.338134431,-0.359972678,-1.980208333,2,1.953156823,rep,second,low
7989,2,6,1,0,1.338134431,-0.359972678,-1.980208333,3,1.474541752,pop,third,high
7989,3,6,1,1,1.338134431,-0.359972678,-1.980208333,1,1.032586558,brand,first,high
7990,1,2,0,1,-2.328532236,-0.693306011,-1.605208333,1,-2.046843177,rep,first,low
7990,2,6,0,1,-2.328532236,-0.693306011,-1.605208333,3,1.474541752,pop,third,low
7990,3,5,0,0,-2.328532236,-0.693306011,-1.605208333,2,0.032586558,brand,second,low
7991,1,4,1,1,-0.995198903,-0.693306011,-0.105208333,1,-0.046843177,rep,first,high
7991,2,5,1,1,-0.995198903,-0.693306011,-0.105208333,2,0.474541752,pop,second,high
7991,3,4,1,0,-0.995198903,-0.693306011,-0.105208333,3,-0.967413442,brand,third,high
7992,1,4,1,1,-0.328532236,-0.359972678,0.144791667,3,-0.046843177,rep,third,high
7992,2,4,1,1,-0.328532236,-0.359972678,0.144791667,2,-0.525458248,pop,second,high
7992,3,5,1,1,-0.328532236,-0.359972678,0.144791667,1,0.032586558,brand,first,high
7993,1,3,0,1,0.004801097,-0.026639344,0.269791667,2,-1.046843177,rep,second,low
7993,2,3,1,1,0.004801097,-0.026639344,0.269791667,1,-1.525458248,pop,first,high
7993,3,4,0,1,0.004801097,-0.026639344,0.269791667,3,-0.967413442,brand,third,low
7994,1,6,0,1,0.671467764,0.973360656,-0.230208333,2,1.953156823,rep,second,low
7994,2,6,0,1,0.671467764,0.973360656,-0.230208333,1,1.474541752,pop,first,low
7994,3,6,1,1,0.671467764,0.973360656,-0.230208333,3,1.032586558,brand,third,high
7995,1,5,1,1,0.004801097,1.640027322,-0.605208333,1,0.953156823,rep,first,high
7995,2,6,0,0,0.004801097,1.640027322,-0.605208333,3,1.474541752,pop,third,low
7995,3,7,1,1,0.004801097,1.640027322,-0.605208333,2,2.032586558,brand,second,high
7996,1,1,1,1,0.004801097,-3.693306011,-0.480208333,3,-3.046843177,rep,third,high
7996,2,7,0,0,0.004801097,-3.693306011,-0.480208333,2,2.474541752,pop,second,low
7996,3,7,1,1,0.004801097,-3.693306011,-0.480208333,1,2.032586558,brand,first,high
7997,1,6,0,0,-1.995198903,-0.359972678,0.019791667,2,1.953156823,rep,second,low
7997,2,6,0,0,-1.995198903,-0.359972678,0.019791667,1,1.474541752,pop,first,low
7997,3,6,1,0,-1.995198903,-0.359972678,0.019791667,3,1.032586558,brand,third,high
7998,1,4,1,1,0.338134431,-0.359972678,-0.605208333,3,-0.046843177,rep,third,high
7998,2,4,1,1,0.338134431,-0.359972678,-0.605208333,1,-0.525458248,pop,first,high
7998,3,4,1,0,0.338134431,-0.359972678,-0.605208333,2,-0.967413442,brand,second,high
7999,1,6,1,1,0.671467764,0.973360656,-0.480208333,1,1.953156823,rep,first,high
7999,2,3,1,0,0.671467764,0.973360656,-0.480208333,2,-1.525458248,pop,second,high
7999,3,7,1,1,0.671467764,0.973360656,-0.480208333,3,2.032586558,brand,third,high
8001,1,2,1,0,-1.661865569,-1.693306011,-4.480208333,2,-2.046843177,rep,second,high
8001,2,3,1,1,-1.661865569,-1.693306011,-4.480208333,3,-1.525458248,pop,third,high
8001,3,4,1,1,-1.661865569,-1.693306011,-4.480208333,1,-0.967413442,brand,first,high
8002,1,4,0,1,0.671467764,-0.026639344,0.519791667,1,-0.046843177,rep,first,low
8002,2,4,0,1,0.671467764,-0.026639344,0.519791667,3,-0.525458248,pop,third,low
8002,3,4,0,1,0.671467764,-0.026639344,0.519791667,2,-0.967413442,brand,second,low
8003,1,4,1,0,-2.661865569,-0.693306011,-1.105208333,3,-0.046843177,rep,third,high
8003,2,4,0,0,-2.661865569,-0.693306011,-1.105208333,2,-0.525458248,pop,second,low
8003,3,4,1,0,-2.661865569,-0.693306011,-1.105208333,1,-0.967413442,brand,first,high
8004,1,5,1,0,-0.661865569,-0.359972678,0.019791667,1,0.953156823,rep,first,high
8004,2,4,1,0,-0.661865569,-0.359972678,0.019791667,3,-0.525458248,pop,third,high
8004,3,6,1,1,-0.661865569,-0.359972678,0.019791667,2,1.032586558,brand,second,high
8005,1,2,0,0,0.338134431,-0.693306011,0.769791667,3,-2.046843177,rep,third,low
8005,2,5,0,0,0.338134431,-0.693306011,0.769791667,2,0.474541752,pop,second,low
8005,3,4,0,1,0.338134431,-0.693306011,0.769791667,1,-0.967413442,brand,first,low
8006,1,4,0,1,-2.328532236,1.306693989,0.769791667,2,-0.046843177,rep,second,low
8006,2,4,0,0,-2.328532236,1.306693989,0.769791667,3,-0.525458248,pop,third,low
8006,3,4,1,0,-2.328532236,1.306693989,0.769791667,1,-0.967413442,brand,first,high
8007,1,4,1,0,-0.995198903,0.640027322,-0.105208333,3,-0.046843177,rep,third,high
8007,2,7,1,0,-0.995198903,0.640027322,-0.105208333,1,2.474541752,pop,first,high
8007,3,5,0,1,-0.995198903,0.640027322,-0.105208333,2,0.032586558,brand,second,low
8008,1,6,0,0,1.338134431,2.306693989,-1.980208333,1,1.953156823,rep,first,low
8008,2,6,0,0,1.338134431,2.306693989,-1.980208333,2,1.474541752,pop,second,low
8008,3,2,0,0,1.338134431,2.306693989,-1.980208333,3,-2.967413442,brand,third,low
8010,1,4,1,0,-0.661865569,-1.359972678,-0.480208333,1,-0.046843177,rep,first,high
8010,2,5,1,1,-0.661865569,-1.359972678,-0.480208333,2,0.474541752,pop,second,high
8010,3,3,0,0,-0.661865569,-1.359972678,-0.480208333,3,-1.967413442,brand,third,low
8011,1,7,1,1,-0.328532236,2.306693989,-1.230208333,2,2.953156823,rep,second,high
8011,2,7,1,0,-0.328532236,2.306693989,-1.230208333,1,2.474541752,pop,first,high
8011,3,7,0,0,-0.328532236,2.306693989,-1.230208333,3,2.032586558,brand,third,low
8012,1,7,0,0,-0.328532236,2.306693989,-1.230208333,2,2.953156823,rep,second,low
8012,2,7,1,0,-0.328532236,2.306693989,-1.230208333,1,2.474541752,pop,first,high
8012,3,7,0,1,-0.328532236,2.306693989,-1.230208333,3,2.032586558,brand,third,low
8013,1,7,0,0,-0.328532236,2.306693989,-1.230208333,3,2.953156823,rep,third,low
8013,2,7,0,1,-0.328532236,2.306693989,-1.230208333,2,2.474541752,pop,second,low
8013,3,7,0,1,-0.328532236,2.306693989,-1.230208333,1,2.032586558,brand,first,low
8014,1,4,0,1,0.004801097,-1.026639344,-0.355208333,3,-0.046843177,rep,third,low
8014,2,4,1,1,0.004801097,-1.026639344,-0.355208333,1,-0.525458248,pop,first,high
8014,3,4,1,1,0.004801097,-1.026639344,-0.355208333,2,-0.967413442,brand,second,high
8015,1,5,0,1,-1.661865569,0.640027322,-1.230208333,3,0.953156823,rep,third,low
8015,2,4,1,1,-1.661865569,0.640027322,-1.230208333,2,-0.525458248,pop,second,high
8015,3,4,0,0,-1.661865569,0.640027322,-1.230208333,1,-0.967413442,brand,first,low
8016,1,4,0,1,-0.661865569,-0.359972678,-1.230208333,1,-0.046843177,rep,first,low
8016,2,4,0,1,-0.661865569,-0.359972678,-1.230208333,2,-0.525458248,pop,second,low
8016,3,4,0,1,-0.661865569,-0.359972678,-1.230208333,3,-0.967413442,brand,third,low
8017,1,6,0,0,0.004801097,0.640027322,0.394791667,1,1.953156823,rep,first,low
8017,2,3,1,1,0.004801097,0.640027322,0.394791667,3,-1.525458248,pop,third,high
8017,3,5,1,0,0.004801097,0.640027322,0.394791667,2,0.032586558,brand,second,high
8018,1,3,0,1,-0.328532236,-0.026639344,0.144791667,3,-1.046843177,rep,third,low
8018,2,4,0,1,-0.328532236,-0.026639344,0.144791667,2,-0.525458248,pop,second,low
8018,3,6,1,0,-0.328532236,-0.026639344,0.144791667,1,1.032586558,brand,first,high
8019,1,5,0,1,0.338134431,-0.693306011,0.394791667,1,0.953156823,rep,first,low
8019,2,6,0,0,0.338134431,-0.693306011,0.394791667,3,1.474541752,pop,third,low
8019,3,5,0,0,0.338134431,-0.693306011,0.394791667,2,0.032586558,brand,second,low
8020,1,5,0,1,1.338134431,-1.359972678,1.019791667,3,0.953156823,rep,third,low
8020,2,7,1,0,1.338134431,-1.359972678,1.019791667,2,2.474541752,pop,second,high
8020,3,7,1,1,1.338134431,-1.359972678,1.019791667,1,2.032586558,brand,first,high
8021,1,5,0,1,0.671467764,0.973360656,0.144791667,3,0.953156823,rep,third,low
8021,2,6,0,1,0.671467764,0.973360656,0.144791667,1,1.474541752,pop,first,low
8021,3,5,0,0,0.671467764,0.973360656,0.144791667,2,0.032586558,brand,second,low
8023,1,6,1,1,0.004801097,-0.693306011,-0.105208333,2,1.953156823,rep,second,high
8023,2,6,0,1,0.004801097,-0.693306011,-0.105208333,1,1.474541752,pop,first,low
8023,3,6,1,0,0.004801097,-0.693306011,-0.105208333,3,1.032586558,brand,third,high
8024,1,2,0,0,0.338134431,-1.693306011,0.144791667,3,-2.046843177,rep,third,low
8024,2,2,0,0,0.338134431,-1.693306011,0.144791667,2,-2.525458248,pop,second,low
8024,3,4,0,0,0.338134431,-1.693306011,0.144791667,1,-0.967413442,brand,first,low
8026,1,3,1,1,1.338134431,-2.693306011,-1.355208333,2,-1.046843177,rep,second,high
8026,2,1,0,1,1.338134431,-2.693306011,-1.355208333,3,-3.525458248,pop,third,low
8026,3,7,1,1,1.338134431,-2.693306011,-1.355208333,1,2.032586558,brand,first,high
8027,1,6,1,1,1.004801097,-1.359972678,-0.355208333,1,1.953156823,rep,first,high
8027,2,2,0,1,1.004801097,-1.359972678,-0.355208333,3,-2.525458248,pop,third,low
8027,3,2,0,1,1.004801097,-1.359972678,-0.355208333,2,-2.967413442,brand,second,low
8028,1,3,1,1,0.671467764,-1.026639344,-0.605208333,2,-1.046843177,rep,second,high
8028,2,7,1,1,0.671467764,-1.026639344,-0.605208333,3,2.474541752,pop,third,high
8028,3,6,1,1,0.671467764,-1.026639344,-0.605208333,1,1.032586558,brand,first,high
8029,1,4,1,0,-0.328532236,1.306693989,-0.480208333,2,-0.046843177,rep,second,high
8029,2,4,0,0,-0.328532236,1.306693989,-0.480208333,1,-0.525458248,pop,first,low
8029,3,4,1,0,-0.328532236,1.306693989,-0.480208333,3,-0.967413442,brand,third,high
8030,1,7,1,1,0.338134431,0.640027322,0.019791667,2,2.953156823,rep,second,high
8030,2,5,1,1,0.338134431,0.640027322,0.019791667,1,0.474541752,pop,first,high
8030,3,6,1,0,0.338134431,0.640027322,0.019791667,3,1.032586558,brand,third,high
8031,1,4,1,1,-0.661865569,-0.359972678,0.394791667,3,-0.046843177,rep,third,high
8031,2,7,0,1,-0.661865569,-0.359972678,0.394791667,2,2.474541752,pop,second,low
8031,3,5,0,0,-0.661865569,-0.359972678,0.394791667,1,0.032586558,brand,first,low
8032,1,3,0,1,-0.661865569,1.306693989,-0.480208333,3,-1.046843177,rep,third,low
8032,2,5,1,1,-0.661865569,1.306693989,-0.480208333,1,0.474541752,pop,first,high
8032,3,7,1,1,-0.661865569,1.306693989,-0.480208333,2,2.032586558,brand,second,high
8033,1,7,1,1,0.671467764,-0.693306011,-1.355208333,3,2.953156823,rep,third,high
8033,2,6,1,0,0.671467764,-0.693306011,-1.355208333,1,1.474541752,pop,first,high
8033,3,6,0,0,0.671467764,-0.693306011,-1.355208333,2,1.032586558,brand,second,low
8034,1,3,1,1,1.004801097,0.306693989,-1.855208333,3,-1.046843177,rep,third,high
8034,2,3,0,1,1.004801097,0.306693989,-1.855208333,1,-1.525458248,pop,first,low
8034,3,6,1,1,1.004801097,0.306693989,-1.855208333,2,1.032586558,brand,second,high
8036,1,6,1,1,0.671467764,-0.359972678,0.144791667,3,1.953156823,rep,third,high
8036,2,6,1,1,0.671467764,-0.359972678,0.144791667,2,1.474541752,pop,second,high
8036,3,6,1,1,0.671467764,-0.359972678,0.144791667,1,1.032586558,brand,first,high
8037,1,5,1,1,-0.995198903,-0.693306011,0.144791667,1,0.953156823,rep,first,high
8037,2,4,0,1,-0.995198903,-0.693306011,0.144791667,3,-0.525458248,pop,third,low
8037,3,6,1,1,-0.995198903,-0.693306011,0.144791667,2,1.032586558,brand,second,high
8038,1,5,0,0,-1.661865569,2.306693989,0.019791667,3,0.953156823,rep,third,low
8038,2,2,0,0,-1.661865569,2.306693989,0.019791667,2,-2.525458248,pop,second,low
8038,3,6,1,1,-1.661865569,2.306693989,0.019791667,1,1.032586558,brand,first,high
8039,1,2,1,1,-0.995198903,2.306693989,-0.855208333,2,-2.046843177,rep,second,high
8039,2,1,1,0,-0.995198903,2.306693989,-0.855208333,1,-3.525458248,pop,first,high
8039,3,2,1,1,-0.995198903,2.306693989,-0.855208333,3,-2.967413442,brand,third,high
8040,1,2,1,0,-0.995198903,-1.693306011,0.269791667,2,-2.046843177,rep,second,high
8040,2,4,0,0,-0.995198903,-1.693306011,0.269791667,3,-0.525458248,pop,third,low
8040,3,6,1,1,-0.995198903,-1.693306011,0.269791667,1,1.032586558,brand,first,high
8041,1,5,0,1,0.004801097,0.973360656,1.519791667,2,0.953156823,rep,second,low
8041,2,4,1,1,0.004801097,0.973360656,1.519791667,3,-0.525458248,pop,third,high
8041,3,5,0,1,0.004801097,0.973360656,1.519791667,1,0.032586558,brand,first,low
8042,1,2,0,0,-0.328532236,0.973360656,-1.605208333,3,-2.046843177,rep,third,low
8042,2,4,1,1,-0.328532236,0.973360656,-1.605208333,2,-0.525458248,pop,second,high
8042,3,3,1,1,-0.328532236,0.973360656,-1.605208333,1,-1.967413442,brand,first,high
8043,1,2,1,0,-0.661865569,-2.359972678,-0.355208333,3,-2.046843177,rep,third,high
8043,2,6,0,0,-0.661865569,-2.359972678,-0.355208333,1,1.474541752,pop,first,low
8043,3,7,1,1,-0.661865569,-2.359972678,-0.355208333,2,2.032586558,brand,second,high
8044,1,7,1,1,0.004801097,-1.359972678,0.144791667,3,2.953156823,rep,third,high
8044,2,6,1,1,0.004801097,-1.359972678,0.144791667,1,1.474541752,pop,first,high
8044,3,6,1,0,0.004801097,-1.359972678,0.144791667,2,1.032586558,brand,second,high
8045,1,5,1,1,-0.328532236,0.973360656,-0.105208333,2,0.953156823,rep,second,high
8045,2,4,0,1,-0.328532236,0.973360656,-0.105208333,1,-0.525458248,pop,first,low
8045,3,4,0,0,-0.328532236,0.973360656,-0.105208333,3,-0.967413442,brand,third,low
8046,1,6,1,1,-0.661865569,0.973360656,-1.855208333,2,1.953156823,rep,second,high
8046,2,5,1,1,-0.661865569,0.973360656,-1.855208333,1,0.474541752,pop,first,high
8046,3,6,0,0,-0.661865569,0.973360656,-1.855208333,3,1.032586558,brand,third,low
8047,1,1,0,1,-1.328532236,1.973360656,-0.605208333,3,-3.046843177,rep,third,low
8047,2,1,0,1,-1.328532236,1.973360656,-0.605208333,1,-3.525458248,pop,first,low
8047,3,5,1,1,-1.328532236,1.973360656,-0.605208333,2,0.032586558,brand,second,high
8049,1,5,0,1,-0.995198903,0.640027322,-0.730208333,3,0.953156823,rep,third,low
8049,2,6,0,1,-0.995198903,0.640027322,-0.730208333,1,1.474541752,pop,first,low
8049,3,7,1,1,-0.995198903,0.640027322,-0.730208333,2,2.032586558,brand,second,high
8050,1,4,0,1,0.338134431,-0.359972678,-0.980208333,1,-0.046843177,rep,first,low
8050,2,4,1,0,0.338134431,-0.359972678,-0.980208333,3,-0.525458248,pop,third,high
8050,3,4,1,0,0.338134431,-0.359972678,-0.980208333,2,-0.967413442,brand,second,high
8052,1,4,1,1,0.338134431,-1.693306011,-1.480208333,2,-0.046843177,rep,second,high
8052,2,3,0,0,0.338134431,-1.693306011,-1.480208333,1,-1.525458248,pop,first,low
8052,3,6,1,1,0.338134431,-1.693306011,-1.480208333,3,1.032586558,brand,third,high
8054,1,1,0,1,-0.995198903,-1.026639344,-0.105208333,2,-3.046843177,rep,second,low
8054,2,2,0,1,-0.995198903,-1.026639344,-0.105208333,1,-2.525458248,pop,first,low
8054,3,5,1,1,-0.995198903,-1.026639344,-0.105208333,3,0.032586558,brand,third,high
8055,1,7,1,1,0.004801097,0.306693989,0.144791667,3,2.953156823,rep,third,high
8055,2,5,0,0,0.004801097,0.306693989,0.144791667,1,0.474541752,pop,first,low
8055,3,6,0,1,0.004801097,0.306693989,0.144791667,2,1.032586558,brand,second,low
8056,1,6,0,1,0.004801097,1.640027322,1.269791667,3,1.953156823,rep,third,low
8056,2,6,1,1,0.004801097,1.640027322,1.269791667,1,1.474541752,pop,first,high
8056,3,6,0,0,0.004801097,1.640027322,1.269791667,2,1.032586558,brand,second,low
8057,1,2,1,1,-0.661865569,1.640027322,-1.355208333,2,-2.046843177,rep,second,high
8057,2,2,0,1,-0.661865569,1.640027322,-1.355208333,3,-2.525458248,pop,third,low
8057,3,2,0,0,-0.661865569,1.640027322,-1.355208333,1,-2.967413442,brand,first,low
8058,1,6,1,0,0.671467764,2.306693989,-0.855208333,1,1.953156823,rep,first,high
8058,2,2,1,1,0.671467764,2.306693989,-0.855208333,3,-2.525458248,pop,third,high
8058,3,5,1,1,0.671467764,2.306693989,-0.855208333,2,0.032586558,brand,second,high
8059,1,2,1,1,0.004801097,-1.359972678,0.019791667,1,-2.046843177,rep,first,high
8059,2,4,0,1,0.004801097,-1.359972678,0.019791667,2,-0.525458248,pop,second,low
8059,3,3,0,1,0.004801097,-1.359972678,0.019791667,3,-1.967413442,brand,third,low
8060,1,1,1,0,-0.995198903,-1.359972678,-1.605208333,2,-3.046843177,rep,second,high
8060,2,1,0,0,-0.995198903,-1.359972678,-1.605208333,1,-3.525458248,pop,first,low
8060,3,6,1,1,-0.995198903,-1.359972678,-1.605208333,3,1.032586558,brand,third,high
8061,1,2,1,1,0.338134431,-0.026639344,-0.230208333,1,-2.046843177,rep,first,high
8061,2,2,1,1,0.338134431,-0.026639344,-0.230208333,2,-2.525458248,pop,second,high
8061,3,2,0,1,0.338134431,-0.026639344,-0.230208333,3,-2.967413442,brand,third,low
8062,1,2,0,1,-0.661865569,-1.026639344,0.019791667,2,-2.046843177,rep,second,low
8062,2,5,0,1,-0.661865569,-1.026639344,0.019791667,1,0.474541752,pop,first,low
8062,3,7,1,1,-0.661865569,-1.026639344,0.019791667,3,2.032586558,brand,third,high
8064,1,2,0,1,0.671467764,-1.026639344,0.644791667,2,-2.046843177,rep,second,low
8064,2,6,1,1,0.671467764,-1.026639344,0.644791667,1,1.474541752,pop,first,high
8064,3,7,1,1,0.671467764,-1.026639344,0.644791667,3,2.032586558,brand,third,high
8065,1,4,0,0,1.338134431,-1.693306011,-1.105208333,3,-0.046843177,rep,third,low
8065,2,6,1,1,1.338134431,-1.693306011,-1.105208333,1,1.474541752,pop,first,high
8065,3,3,0,1,1.338134431,-1.693306011,-1.105208333,2,-1.967413442,brand,second,low
8066,1,5,1,1,0.338134431,0.640027322,0.894791667,2,0.953156823,rep,second,high
8066,2,4,1,1,0.338134431,0.640027322,0.894791667,1,-0.525458248,pop,first,high
8066,3,7,0,1,0.338134431,0.640027322,0.894791667,3,2.032586558,brand,third,low
8067,1,3,0,0,1.004801097,0.306693989,-0.605208333,1,-1.046843177,rep,first,low
8067,2,3,0,0,1.004801097,0.306693989,-0.605208333,3,-1.525458248,pop,third,low
8067,3,3,0,0,1.004801097,0.306693989,-0.605208333,2,-1.967413442,brand,second,low
8069,1,3,0,1,0.004801097,0.973360656,-0.480208333,1,-1.046843177,rep,first,low
8069,2,4,1,0,0.004801097,0.973360656,-0.480208333,2,-0.525458248,pop,second,high
8069,3,6,1,1,0.004801097,0.973360656,-0.480208333,3,1.032586558,brand,third,high
8070,1,2,1,1,-1.661865569,-0.026639344,-0.230208333,3,-2.046843177,rep,third,high
8070,2,6,0,1,-1.661865569,-0.026639344,-0.230208333,1,1.474541752,pop,first,low
8070,3,4,0,0,-1.661865569,-0.026639344,-0.230208333,2,-0.967413442,brand,second,low
8071,1,3,0,0,-0.995198903,-1.026639344,-0.480208333,2,-1.046843177,rep,second,low
8071,2,4,1,0,-0.995198903,-1.026639344,-0.480208333,3,-0.525458248,pop,third,high
8071,3,7,1,1,-0.995198903,-1.026639344,-0.480208333,1,2.032586558,brand,first,high
8072,1,4,0,0,-1.328532236,0.306693989,-0.105208333,3,-0.046843177,rep,third,low
8072,2,5,0,1,-1.328532236,0.306693989,-0.105208333,2,0.474541752,pop,second,low
8072,3,5,1,1,-1.328532236,0.306693989,-0.105208333,1,0.032586558,brand,first,high
8073,1,3,1,1,1.004801097,-1.359972678,0.144791667,2,-1.046843177,rep,second,high
8073,2,5,0,0,1.004801097,-1.359972678,0.144791667,3,0.474541752,pop,third,low
8073,3,3,0,0,1.004801097,-1.359972678,0.144791667,1,-1.967413442,brand,first,low
8074,1,2,1,0,-2.995198903,-1.693306011,1.644791667,1,-2.046843177,rep,first,high
8074,2,2,1,0,-2.995198903,-1.693306011,1.644791667,3,-2.525458248,pop,third,high
8074,3,3,0,0,-2.995198903,-1.693306011,1.644791667,2,-1.967413442,brand,second,low
8075,1,2,0,1,0.671467764,0.306693989,0.644791667,2,-2.046843177,rep,second,low
8075,2,4,1,1,0.671467764,0.306693989,0.644791667,3,-0.525458248,pop,third,high
8075,3,2,0,1,0.671467764,0.306693989,0.644791667,1,-2.967413442,brand,first,low
8076,1,1,0,1,-0.328532236,-0.693306011,-0.980208333,2,-3.046843177,rep,second,low
8076,2,4,1,0,-0.328532236,-0.693306011,-0.980208333,1,-0.525458248,pop,first,high
8076,3,3,0,1,-0.328532236,-0.693306011,-0.980208333,3,-1.967413442,brand,third,low
8077,1,5,1,1,0.671467764,1.306693989,0.269791667,2,0.953156823,rep,second,high
8077,2,7,0,1,0.671467764,1.306693989,0.269791667,1,2.474541752,pop,first,low
8077,3,7,1,1,0.671467764,1.306693989,0.269791667,3,2.032586558,brand,third,high
8078,1,3,0,1,0.671467764,0.306693989,1.894791667,3,-1.046843177,rep,third,low
8078,2,5,0,1,0.671467764,0.306693989,1.894791667,1,0.474541752,pop,first,low
8078,3,6,0,0,0.671467764,0.306693989,1.894791667,2,1.032586558,brand,second,low
8080,1,3,1,1,0.671467764,0.306693989,0.894791667,2,-1.046843177,rep,second,high
8080,2,1,1,1,0.671467764,0.306693989,0.894791667,1,-3.525458248,pop,first,high
8080,3,5,0,1,0.671467764,0.306693989,0.894791667,3,0.032586558,brand,third,low
8081,1,3,1,1,-0.661865569,-0.693306011,0.269791667,3,-1.046843177,rep,third,high
8081,2,3,1,0,-0.661865569,-0.693306011,0.269791667,2,-1.525458248,pop,second,high
8081,3,5,1,1,-0.661865569,-0.693306011,0.269791667,1,0.032586558,brand,first,high
8083,1,7,1,1,0.671467764,-3.693306011,0.019791667,3,2.953156823,rep,third,high
8083,2,7,1,1,0.671467764,-3.693306011,0.019791667,2,2.474541752,pop,second,high
8083,3,7,1,0,0.671467764,-3.693306011,0.019791667,1,2.032586558,brand,first,high
8084,1,2,1,1,1.004801097,1.640027322,-0.730208333,3,-2.046843177,rep,third,high
8084,2,1,0,1,1.004801097,1.640027322,-0.730208333,2,-3.525458248,pop,second,low
8084,3,1,0,1,1.004801097,1.640027322,-0.730208333,1,-3.967413442,brand,first,low
8085,1,5,0,1,0.671467764,0.640027322,-0.355208333,3,0.953156823,rep,third,low
8085,2,7,0,1,0.671467764,0.640027322,-0.355208333,1,2.474541752,pop,first,low
8085,3,6,0,0,0.671467764,0.640027322,-0.355208333,2,1.032586558,brand,second,low
8086,1,2,0,1,1.004801097,0.973360656,1.144791667,1,-2.046843177,rep,first,low
8086,2,5,1,1,1.004801097,0.973360656,1.144791667,2,0.474541752,pop,second,high
8086,3,2,0,0,1.004801097,0.973360656,1.144791667,3,-2.967413442,brand,third,low
8087,1,5,1,1,-0.661865569,-0.693306011,0.019791667,3,0.953156823,rep,third,high
8087,2,5,1,0,-0.661865569,-0.693306011,0.019791667,1,0.474541752,pop,first,high
8087,3,6,1,1,-0.661865569,-0.693306011,0.019791667,2,1.032586558,brand,second,high
8088,1,6,1,0,1.004801097,1.306693989,-0.355208333,1,1.953156823,rep,first,high
8088,2,3,1,0,1.004801097,1.306693989,-0.355208333,3,-1.525458248,pop,third,high
8088,3,4,0,1,1.004801097,1.306693989,-0.355208333,2,-0.967413442,brand,second,low
8089,1,5,1,0,-1.328532236,-0.359972678,1.894791667,1,0.953156823,rep,first,high
8089,2,6,0,0,-1.328532236,-0.359972678,1.894791667,3,1.474541752,pop,third,low
8089,3,7,1,1,-1.328532236,-0.359972678,1.894791667,2,2.032586558,brand,second,high
8090,1,1,1,1,0.004801097,0.973360656,1.519791667,1,-3.046843177,rep,first,high
8090,2,2,1,0,0.004801097,0.973360656,1.519791667,2,-2.525458248,pop,second,high
8090,3,5,1,1,0.004801097,0.973360656,1.519791667,3,0.032586558,brand,third,high
8091,1,6,1,1,-1.328532236,-1.359972678,0.644791667,1,1.953156823,rep,first,high
8091,2,5,1,1,-1.328532236,-1.359972678,0.644791667,3,0.474541752,pop,third,high
8091,3,3,0,1,-1.328532236,-1.359972678,0.644791667,2,-1.967413442,brand,second,low
8092,1,5,0,0,-2.328532236,-1.026639344,0.394791667,3,0.953156823,rep,third,low
8092,2,4,0,1,-2.328532236,-1.026639344,0.394791667,2,-0.525458248,pop,second,low
8092,3,3,0,1,-2.328532236,-1.026639344,0.394791667,1,-1.967413442,brand,first,low
8093,1,6,1,1,0.338134431,-0.693306011,0.644791667,3,1.953156823,rep,third,high
8093,2,7,1,1,0.338134431,-0.693306011,0.644791667,1,2.474541752,pop,first,high
8093,3,7,1,1,0.338134431,-0.693306011,0.644791667,2,2.032586558,brand,second,high
8094,1,5,1,1,-1.995198903,-0.026639344,1.519791667,2,0.953156823,rep,second,high
8094,2,5,1,1,-1.995198903,-0.026639344,1.519791667,1,0.474541752,pop,first,high
8094,3,5,0,0,-1.995198903,-0.026639344,1.519791667,3,0.032586558,brand,third,low
8095,1,4,1,1,-0.328532236,-0.026639344,-1.480208333,3,-0.046843177,rep,third,high
8095,2,2,1,1,-0.328532236,-0.026639344,-1.480208333,1,-2.525458248,pop,first,high
8095,3,6,0,0,-0.328532236,-0.026639344,-1.480208333,2,1.032586558,brand,second,low
8096,1,2,0,1,0.004801097,0.640027322,-1.855208333,2,-2.046843177,rep,second,low
8096,2,3,1,1,0.004801097,0.640027322,-1.855208333,1,-1.525458248,pop,first,high
8096,3,5,1,1,0.004801097,0.640027322,-1.855208333,3,0.032586558,brand,third,high
8097,1,4,0,1,-1.328532236,-0.359972678,0.269791667,3,-0.046843177,rep,third,low
8097,2,5,0,1,-1.328532236,-0.359972678,0.269791667,2,0.474541752,pop,second,low
8097,3,6,0,0,-1.328532236,-0.359972678,0.269791667,1,1.032586558,brand,first,low
8098,1,4,0,1,-0.995198903,-2.693306011,0.019791667,1,-0.046843177,rep,first,low
8098,2,6,1,0,-0.995198903,-2.693306011,0.019791667,3,1.474541752,pop,third,high
8098,3,6,0,0,-0.995198903,-2.693306011,0.019791667,2,1.032586558,brand,second,low
8099,1,6,0,0,-0.661865569,-1.359972678,0.894791667,1,1.953156823,rep,first,low
8099,2,6,0,0,-0.661865569,-1.359972678,0.894791667,3,1.474541752,pop,third,low
8099,3,6,0,1,-0.661865569,-1.359972678,0.894791667,2,1.032586558,brand,second,low
8100,1,3,0,1,0.671467764,-1.693306011,0.769791667,3,-1.046843177,rep,third,low
8100,2,6,0,1,0.671467764,-1.693306011,0.769791667,2,1.474541752,pop,second,low
8100,3,7,1,1,0.671467764,-1.693306011,0.769791667,1,2.032586558,brand,first,high
8101,1,2,1,0,-0.995198903,-2.026639344,0.769791667,1,-2.046843177,rep,first,high
8101,2,3,1,0,-0.995198903,-2.026639344,0.769791667,2,-1.525458248,pop,second,high
8101,3,4,0,1,-0.995198903,-2.026639344,0.769791667,3,-0.967413442,brand,third,low
8102,1,3,0,1,-0.328532236,-0.026639344,-1.105208333,3,-1.046843177,rep,third,low
8102,2,4,1,1,-0.328532236,-0.026639344,-1.105208333,1,-0.525458248,pop,first,high
8102,3,5,1,0,-0.328532236,-0.026639344,-1.105208333,2,0.032586558,brand,second,high
8103,1,6,1,1,0.004801097,-1.359972678,-0.230208333,2,1.953156823,rep,second,high
8103,2,4,1,0,0.004801097,-1.359972678,-0.230208333,3,-0.525458248,pop,third,high
8103,3,7,1,1,0.004801097,-1.359972678,-0.230208333,1,2.032586558,brand,first,high
8104,1,3,1,1,0.671467764,0.306693989,0.019791667,3,-1.046843177,rep,third,high
8104,2,3,1,1,0.671467764,0.306693989,0.019791667,1,-1.525458248,pop,first,high
8104,3,5,1,1,0.671467764,0.306693989,0.019791667,2,0.032586558,brand,second,high
8106,1,3,0,0,-2.661865569,-2.693306011,0.394791667,3,-1.046843177,rep,third,low
8106,2,6,0,1,-2.661865569,-2.693306011,0.394791667,2,1.474541752,pop,second,low
8106,3,2,0,1,-2.661865569,-2.693306011,0.394791667,1,-2.967413442,brand,first,low
8107,1,6,1,1,-0.328532236,-0.026639344,-0.730208333,2,1.953156823,rep,second,high
8107,2,5,1,0,-0.328532236,-0.026639344,-0.730208333,3,0.474541752,pop,third,high
8107,3,6,1,1,-0.328532236,-0.026639344,-0.730208333,1,1.032586558,brand,first,high
8108,1,4,0,1,-0.661865569,0.973360656,0.519791667,1,-0.046843177,rep,first,low
8108,2,5,0,1,-0.661865569,0.973360656,0.519791667,2,0.474541752,pop,second,low
8108,3,6,1,1,-0.661865569,0.973360656,0.519791667,3,1.032586558,brand,third,high
8109,1,5,1,1,-0.328532236,0.973360656,0.644791667,3,0.953156823,rep,third,high
8109,2,3,1,1,-0.328532236,0.973360656,0.644791667,2,-1.525458248,pop,second,high
8109,3,4,1,1,-0.328532236,0.973360656,0.644791667,1,-0.967413442,brand,first,high
8110,1,2,1,1,-0.328532236,-0.026639344,0.519791667,1,-2.046843177,rep,first,high
8110,2,4,0,0,-0.328532236,-0.026639344,0.519791667,2,-0.525458248,pop,second,low
8110,3,3,1,1,-0.328532236,-0.026639344,0.519791667,3,-1.967413442,brand,third,high
8111,1,5,1,1,0.338134431,2.306693989,0.894791667,2,0.953156823,rep,second,high
8111,2,5,1,1,0.338134431,2.306693989,0.894791667,3,0.474541752,pop,third,high
8111,3,2,0,1,0.338134431,2.306693989,0.894791667,1,-2.967413442,brand,first,low
8113,1,5,1,1,0.671467764,0.973360656,0.519791667,3,0.953156823,rep,third,high
8113,2,5,1,1,0.671467764,0.973360656,0.519791667,2,0.474541752,pop,second,high
8113,3,7,1,1,0.671467764,0.973360656,0.519791667,1,2.032586558,brand,first,high
8114,1,2,0,1,0.004801097,1.306693989,-0.605208333,1,-2.046843177,rep,first,low
8114,2,5,1,1,0.004801097,1.306693989,-0.605208333,2,0.474541752,pop,second,high
8114,3,4,1,1,0.004801097,1.306693989,-0.605208333,3,-0.967413442,brand,third,high
8115,1,2,0,1,-1.328532236,-2.359972678,-0.855208333,3,-2.046843177,rep,third,low
8115,2,5,1,1,-1.328532236,-2.359972678,-0.855208333,1,0.474541752,pop,first,high
8115,3,6,1,0,-1.328532236,-2.359972678,-0.855208333,2,1.032586558,brand,second,high
8116,1,7,1,1,0.671467764,-0.026639344,-2.105208333,3,2.953156823,rep,third,high
8116,2,6,0,1,0.671467764,-0.026639344,-2.105208333,1,1.474541752,pop,first,low
8116,3,5,0,0,0.671467764,-0.026639344,-2.105208333,2,0.032586558,brand,second,low
8117,1,3,1,0,-0.661865569,-0.359972678,-3.105208333,3,-1.046843177,rep,third,high
8117,2,2,0,1,-0.661865569,-0.359972678,-3.105208333,1,-2.525458248,pop,first,low
8117,3,6,1,1,-0.661865569,-0.359972678,-3.105208333,2,1.032586558,brand,second,high
8118,1,3,0,1,-0.328532236,-1.359972678,-0.355208333,1,-1.046843177,rep,first,low
8118,2,2,0,1,-0.328532236,-1.359972678,-0.355208333,2,-2.525458248,pop,second,low
8118,3,5,1,1,-0.328532236,-1.359972678,-0.355208333,3,0.032586558,brand,third,high
8119,1,5,1,1,-0.995198903,0.306693989,2.269791667,1,0.953156823,rep,first,high
8119,2,5,0,0,-0.995198903,0.306693989,2.269791667,2,0.474541752,pop,second,low
8119,3,5,0,0,-0.995198903,0.306693989,2.269791667,3,0.032586558,brand,third,low
8120,1,7,1,1,0.671467764,-0.026639344,1.269791667,3,2.953156823,rep,third,high
8120,2,6,0,0,0.671467764,-0.026639344,1.269791667,1,1.474541752,pop,first,low
8120,3,5,1,0,0.671467764,-0.026639344,1.269791667,2,0.032586558,brand,second,high
8121,1,2,0,1,-1.328532236,1.306693989,1.394791667,1,-2.046843177,rep,first,low
8121,2,3,0,1,-1.328532236,1.306693989,1.394791667,3,-1.525458248,pop,third,low
8121,3,5,0,0,-1.328532236,1.306693989,1.394791667,2,0.032586558,brand,second,low
8123,1,2,0,1,-0.328532236,-0.026639344,-1.480208333,3,-2.046843177,rep,third,low
8123,2,4,1,0,-0.328532236,-0.026639344,-1.480208333,2,-0.525458248,pop,second,high
8123,3,4,0,1,-0.328532236,-0.026639344,-1.480208333,1,-0.967413442,brand,first,low
8124,1,1,0,1,-0.661865569,-0.026639344,-0.355208333,1,-3.046843177,rep,first,low
8124,2,6,1,1,-0.661865569,-0.026639344,-0.355208333,2,1.474541752,pop,second,high
8124,3,4,0,0,-0.661865569,-0.026639344,-0.355208333,3,-0.967413442,brand,third,low
8125,1,1,0,1,0.004801097,-1.693306011,0.394791667,3,-3.046843177,rep,third,low
8125,2,7,1,0,0.004801097,-1.693306011,0.394791667,1,2.474541752,pop,first,high
8125,3,7,0,1,0.004801097,-1.693306011,0.394791667,2,2.032586558,brand,second,low
8126,1,3,0,1,1.671467764,-0.359972678,-2.480208333,2,-1.046843177,rep,second,low
8126,2,6,1,1,1.671467764,-0.359972678,-2.480208333,3,1.474541752,pop,third,high
8126,3,6,1,1,1.671467764,-0.359972678,-2.480208333,1,1.032586558,brand,first,high
8127,1,6,1,1,-1.328532236,0.306693989,0.144791667,1,1.953156823,rep,first,high
8127,2,5,0,1,-1.328532236,0.306693989,0.144791667,3,0.474541752,pop,third,low
8127,3,5,0,1,-1.328532236,0.306693989,0.144791667,2,0.032586558,brand,second,low
8128,1,5,0,1,1.338134431,-1.026639344,1.769791667,3,0.953156823,rep,third,low
8128,2,3,1,1,1.338134431,-1.026639344,1.769791667,2,-1.525458248,pop,second,high
8128,3,3,0,0,1.338134431,-1.026639344,1.769791667,1,-1.967413442,brand,first,low
8129,1,3,0,1,1.338134431,0.973360656,-0.480208333,1,-1.046843177,rep,first,low
8129,2,2,0,1,1.338134431,0.973360656,-0.480208333,3,-2.525458248,pop,third,low
8129,3,7,1,1,1.338134431,0.973360656,-0.480208333,2,2.032586558,brand,second,high
8130,1,3,1,1,0.338134431,1.306693989,0.644791667,3,-1.046843177,rep,third,high
8130,2,5,1,1,0.338134431,1.306693989,0.644791667,1,0.474541752,pop,first,high
8130,3,3,0,1,0.338134431,1.306693989,0.644791667,2,-1.967413442,brand,second,low
8131,1,4,1,1,0.671467764,0.306693989,-1.105208333,1,-0.046843177,rep,first,high
8131,2,3,1,1,0.671467764,0.306693989,-1.105208333,2,-1.525458248,pop,second,high
8131,3,3,0,1,0.671467764,0.306693989,-1.105208333,3,-1.967413442,brand,third,low
8132,1,5,0,0,0.338134431,-0.359972678,-1.230208333,1,0.953156823,rep,first,low
8132,2,5,0,0,0.338134431,-0.359972678,-1.230208333,3,0.474541752,pop,third,low
8132,3,5,0,1,0.338134431,-0.359972678,-1.230208333,2,0.032586558,brand,second,low
8133,1,5,0,0,-0.661865569,0.973360656,0.644791667,2,0.953156823,rep,second,low
8133,2,3,1,0,-0.661865569,0.973360656,0.644791667,1,-1.525458248,pop,first,high
8133,3,6,0,1,-0.661865569,0.973360656,0.644791667,3,1.032586558,brand,third,low
8134,1,7,1,1,0.004801097,-2.693306011,-0.730208333,2,2.953156823,rep,second,high
8134,2,6,1,0,0.004801097,-2.693306011,-0.730208333,3,1.474541752,pop,third,high
8134,3,5,0,1,0.004801097,-2.693306011,-0.730208333,1,0.032586558,brand,first,low
8136,1,1,0,1,0.004801097,-0.693306011,0.394791667,1,-3.046843177,rep,first,low
8136,2,2,0,0,0.004801097,-0.693306011,0.394791667,3,-2.525458248,pop,third,low
8136,3,4,1,1,0.004801097,-0.693306011,0.394791667,2,-0.967413442,brand,second,high
8137,1,3,0,1,0.004801097,1.306693989,-1.730208333,1,-1.046843177,rep,first,low
8137,2,4,0,1,0.004801097,1.306693989,-1.730208333,2,-0.525458248,pop,second,low
8137,3,5,1,1,0.004801097,1.306693989,-1.730208333,3,0.032586558,brand,third,high
8138,1,6,1,1,-0.328532236,-0.026639344,0.769791667,3,1.953156823,rep,third,high
8138,2,4,0,1,-0.328532236,-0.026639344,0.769791667,2,-0.525458248,pop,second,low
8138,3,6,1,1,-0.328532236,-0.026639344,0.769791667,1,1.032586558,brand,first,high
8139,1,2,1,1,-1.661865569,-0.693306011,-0.105208333,2,-2.046843177,rep,second,high
8139,2,3,1,1,-1.661865569,-0.693306011,-0.105208333,3,-1.525458248,pop,third,high
8139,3,3,0,0,-1.661865569,-0.693306011,-0.105208333,1,-1.967413442,brand,first,low
8140,1,2,0,1,0.338134431,-1.026639344,-0.480208333,1,-2.046843177,rep,first,low
8140,2,5,0,1,0.338134431,-1.026639344,-0.480208333,2,0.474541752,pop,second,low
8140,3,6,0,0,0.338134431,-1.026639344,-0.480208333,3,1.032586558,brand,third,low
8141,1,3,0,0,-0.995198903,0.640027322,0.519791667,3,-1.046843177,rep,third,low
8141,2,4,1,0,-0.995198903,0.640027322,0.519791667,1,-0.525458248,pop,first,high
8141,3,6,1,1,-0.995198903,0.640027322,0.519791667,2,1.032586558,brand,second,high
8142,1,5,0,0,-2.995198903,-1.693306011,-1.730208333,3,0.953156823,rep,third,low
8142,2,5,0,0,-2.995198903,-1.693306011,-1.730208333,1,0.474541752,pop,first,low
8142,3,5,0,0,-2.995198903,-1.693306011,-1.730208333,2,0.032586558,brand,second,low
8143,1,2,0,1,-1.328532236,-1.026639344,-0.355208333,2,-2.046843177,rep,second,low
8143,2,4,0,0,-1.328532236,-1.026639344,-0.355208333,3,-0.525458248,pop,third,low
8143,3,5,1,1,-1.328532236,-1.026639344,-0.355208333,1,0.032586558,brand,first,high
8145,1,5,1,1,1.004801097,-0.026639344,0.644791667,1,0.953156823,rep,first,high
8145,2,5,1,1,1.004801097,-0.026639344,0.644791667,3,0.474541752,pop,third,high
8145,3,6,1,1,1.004801097,-0.026639344,0.644791667,2,1.032586558,brand,second,high
8146,1,5,0,1,0.338134431,-0.026639344,0.894791667,2,0.953156823,rep,second,low
8146,2,5,1,1,0.338134431,-0.026639344,0.894791667,1,0.474541752,pop,first,high
8146,3,5,0,1,0.338134431,-0.026639344,0.894791667,3,0.032586558,brand,third,low
8147,1,3,1,1,1.671467764,0.640027322,-2.230208333,2,-1.046843177,rep,second,high
8147,2,1,0,1,1.671467764,0.640027322,-2.230208333,3,-3.525458248,pop,third,low
8147,3,5,0,0,1.671467764,0.640027322,-2.230208333,1,0.032586558,brand,first,low
8148,1,4,0,0,-0.995198903,-0.359972678,-0.730208333,3,-0.046843177,rep,third,low
8148,2,3,0,0,-0.995198903,-0.359972678,-0.730208333,2,-1.525458248,pop,second,low
8148,3,5,0,1,-0.995198903,-0.359972678,-0.730208333,1,0.032586558,brand,first,low
8149,1,2,1,1,-5.328532236,0.640027322,-2.730208333,1,-2.046843177,rep,first,high
8149,2,4,0,0,-5.328532236,0.640027322,-2.730208333,2,-0.525458248,pop,second,low
8149,3,4,1,0,-5.328532236,0.640027322,-2.730208333,3,-0.967413442,brand,third,high
8150,1,5,1,1,1.004801097,-0.359972678,1.394791667,2,0.953156823,rep,second,high
8150,2,5,1,0,1.004801097,-0.359972678,1.394791667,1,0.474541752,pop,first,high
8150,3,3,0,0,1.004801097,-0.359972678,1.394791667,3,-1.967413442,brand,third,low
8151,1,4,0,1,-5.328532236,1.973360656,-3.480208333,3,-0.046843177,rep,third,low
8151,2,4,1,1,-5.328532236,1.973360656,-3.480208333,1,-0.525458248,pop,first,high
8151,3,4,0,1,-5.328532236,1.973360656,-3.480208333,2,-0.967413442,brand,second,low
8152,1,2,0,1,-0.328532236,-0.359972678,-0.355208333,1,-2.046843177,rep,first,low
8152,2,2,0,1,-0.328532236,-0.359972678,-0.355208333,2,-2.525458248,pop,second,low
8152,3,1,1,1,-0.328532236,-0.359972678,-0.355208333,3,-3.967413442,brand,third,high
8153,1,2,0,1,0.004801097,-3.693306011,1.519791667,3,-2.046843177,rep,third,low
8153,2,4,0,0,0.004801097,-3.693306011,1.519791667,2,-0.525458248,pop,second,low
8153,3,4,1,0,0.004801097,-3.693306011,1.519791667,1,-0.967413442,brand,first,high
8156,1,2,0,1,-1.328532236,-2.026639344,-2.855208333,3,-2.046843177,rep,third,low
8156,2,5,0,1,-1.328532236,-2.026639344,-2.855208333,1,0.474541752,pop,first,low
8156,3,5,0,0,-1.328532236,-2.026639344,-2.855208333,2,0.032586558,brand,second,low
8158,1,5,0,1,-1.328532236,-1.026639344,0.019791667,1,0.953156823,rep,first,low
8158,2,4,1,1,-1.328532236,-1.026639344,0.019791667,3,-0.525458248,pop,third,high
8158,3,7,0,0,-1.328532236,-1.026639344,0.019791667,2,2.032586558,brand,second,low
8159,1,4,1,1,0.671467764,1.640027322,0.019791667,2,-0.046843177,rep,second,high
8159,2,3,0,0,0.671467764,1.640027322,0.019791667,3,-1.525458248,pop,third,low
8159,3,5,0,0,0.671467764,1.640027322,0.019791667,1,0.032586558,brand,first,low
8160,1,7,0,1,0.004801097,-1.693306011,-0.355208333,2,2.953156823,rep,second,low
8160,2,6,0,0,0.004801097,-1.693306011,-0.355208333,1,1.474541752,pop,first,low
8160,3,4,0,1,0.004801097,-1.693306011,-0.355208333,3,-0.967413442,brand,third,low
8161,1,2,0,1,-1.328532236,-0.026639344,0.269791667,3,-2.046843177,rep,third,low
8161,2,3,0,1,-1.328532236,-0.026639344,0.269791667,2,-1.525458248,pop,second,low
8161,3,5,1,0,-1.328532236,-0.026639344,0.269791667,1,0.032586558,brand,first,high
8162,1,7,0,1,0.671467764,-0.359972678,1.394791667,3,2.953156823,rep,third,low
8162,2,7,1,1,0.671467764,-0.359972678,1.394791667,1,2.474541752,pop,first,high
8162,3,7,0,1,0.671467764,-0.359972678,1.394791667,2,2.032586558,brand,second,low
8165,1,3,1,0,-0.661865569,0.973360656,-1.230208333,2,-1.046843177,rep,second,high
8165,2,3,0,0,-0.661865569,0.973360656,-1.230208333,1,-1.525458248,pop,first,low
8165,3,3,0,0,-0.661865569,0.973360656,-1.230208333,3,-1.967413442,brand,third,low
8166,1,4,0,1,1.004801097,1.640027322,0.394791667,2,-0.046843177,rep,second,low
8166,2,4,1,1,1.004801097,1.640027322,0.394791667,3,-0.525458248,pop,third,high
8166,3,2,0,1,1.004801097,1.640027322,0.394791667,1,-2.967413442,brand,first,low
8167,1,5,1,1,0.671467764,-0.693306011,1.144791667,1,0.953156823,rep,first,high
8167,2,2,0,1,0.671467764,-0.693306011,1.144791667,2,-2.525458248,pop,second,low
8167,3,5,1,0,0.671467764,-0.693306011,1.144791667,3,0.032586558,brand,third,high
8168,1,4,0,1,0.004801097,-1.693306011,-0.730208333,1,-0.046843177,rep,first,low
8168,2,3,1,0,0.004801097,-1.693306011,-0.730208333,2,-1.525458248,pop,second,high
8168,3,3,1,0,0.004801097,-1.693306011,-0.730208333,3,-1.967413442,brand,third,high
8169,1,6,0,1,-1.328532236,-1.693306011,1.019791667,2,1.953156823,rep,second,low
8169,2,6,1,0,-1.328532236,-1.693306011,1.019791667,1,1.474541752,pop,first,high
8169,3,6,1,1,-1.328532236,-1.693306011,1.019791667,3,1.032586558,brand,third,high
8170,1,3,0,1,1.004801097,0.306693989,1.019791667,3,-1.046843177,rep,third,low
8170,2,3,0,1,1.004801097,0.306693989,1.019791667,2,-1.525458248,pop,second,low
8170,3,6,1,0,1.004801097,0.306693989,1.019791667,1,1.032586558,brand,first,high
8172,1,3,1,1,1.671467764,0.973360656,1.269791667,1,-1.046843177,rep,first,high
8172,2,3,1,0,1.671467764,0.973360656,1.269791667,3,-1.525458248,pop,third,high
8172,3,2,0,1,1.671467764,0.973360656,1.269791667,2,-2.967413442,brand,second,low
8173,1,2,1,1,-1.995198903,1.306693989,-0.355208333,1,-2.046843177,rep,first,high
8173,2,2,0,1,-1.995198903,1.306693989,-0.355208333,2,-2.525458248,pop,second,low
8173,3,4,0,1,-1.995198903,1.306693989,-0.355208333,3,-0.967413442,brand,third,low
8174,1,1,1,0,-0.995198903,-0.026639344,0.144791667,1,-3.046843177,rep,first,high
8174,2,1,1,0,-0.995198903,-0.026639344,0.144791667,3,-3.525458248,pop,third,high
8174,3,1,0,1,-0.995198903,-0.026639344,0.144791667,2,-3.967413442,brand,second,low
8176,1,5,1,0,-0.328532236,-0.693306011,1.269791667,3,0.953156823,rep,third,high
8176,2,3,1,0,-0.328532236,-0.693306011,1.269791667,2,-1.525458248,pop,second,high
8176,3,5,0,1,-0.328532236,-0.693306011,1.269791667,1,0.032586558,brand,first,low
8177,1,5,0,1,1.671467764,-1.693306011,1.519791667,2,0.953156823,rep,second,low
8177,2,6,0,1,1.671467764,-1.693306011,1.519791667,1,1.474541752,pop,first,low
8177,3,7,0,1,1.671467764,-1.693306011,1.519791667,3,2.032586558,brand,third,low
8178,1,3,0,1,-0.661865569,-2.026639344,-1.855208333,3,-1.046843177,rep,third,low
8178,2,6,1,1,-0.661865569,-2.026639344,-1.855208333,1,1.474541752,pop,first,high
8178,3,7,1,1,-0.661865569,-2.026639344,-1.855208333,2,2.032586558,brand,second,high
8179,1,5,1,1,0.338134431,-0.359972678,-1.855208333,2,0.953156823,rep,second,high
8179,2,3,0,0,0.338134431,-0.359972678,-1.855208333,3,-1.525458248,pop,third,low
8179,3,6,1,1,0.338134431,-0.359972678,-1.855208333,1,1.032586558,brand,first,high
8180,1,4,1,1,0.338134431,0.973360656,1.394791667,1,-0.046843177,rep,first,high
8180,2,6,1,1,0.338134431,0.973360656,1.394791667,3,1.474541752,pop,third,high
8180,3,5,1,1,0.338134431,0.973360656,1.394791667,2,0.032586558,brand,second,high
8182,1,4,0,0,1.004801097,0.973360656,-0.105208333,3,-0.046843177,rep,third,low
8182,2,5,1,0,1.004801097,0.973360656,-0.105208333,1,0.474541752,pop,first,high
8182,3,6,1,1,1.004801097,0.973360656,-0.105208333,2,1.032586558,brand,second,high
8183,1,5,0,1,0.004801097,-2.026639344,0.769791667,3,0.953156823,rep,third,low
8183,2,6,1,0,0.004801097,-2.026639344,0.769791667,1,1.474541752,pop,first,high
8183,3,7,1,1,0.004801097,-2.026639344,0.769791667,2,2.032586558,brand,second,high
8185,1,3,1,1,1.004801097,1.640027322,0.144791667,1,-1.046843177,rep,first,high
8185,2,1,0,0,1.004801097,1.640027322,0.144791667,3,-3.525458248,pop,third,low
8185,3,5,1,1,1.004801097,1.640027322,0.144791667,2,0.032586558,brand,second,high
8186,1,1,0,1,0.338134431,-1.359972678,-0.355208333,1,-3.046843177,rep,first,low
8186,2,2,1,1,0.338134431,-1.359972678,-0.355208333,2,-2.525458248,pop,second,high
8186,3,5,0,1,0.338134431,-1.359972678,-0.355208333,3,0.032586558,brand,third,low
8187,1,2,0,1,-1.661865569,0.306693989,-0.730208333,3,-2.046843177,rep,third,low
8187,2,2,1,0,-1.661865569,0.306693989,-0.730208333,2,-2.525458248,pop,second,high
8187,3,4,1,1,-1.661865569,0.306693989,-0.730208333,1,-0.967413442,brand,first,high
8188,1,4,0,1,0.671467764,-0.693306011,1.894791667,3,-0.046843177,rep,third,low
8188,2,7,0,0,0.671467764,-0.693306011,1.894791667,1,2.474541752,pop,first,low
8188,3,7,1,1,0.671467764,-0.693306011,1.894791667,2,2.032586558,brand,second,high
8189,1,2,1,1,0.338134431,1.306693989,-0.105208333,3,-2.046843177,rep,third,high
8189,2,5,0,1,0.338134431,1.306693989,-0.105208333,1,0.474541752,pop,first,low
8189,3,6,1,1,0.338134431,1.306693989,-0.105208333,2,1.032586558,brand,second,high
8190,1,5,0,1,0.671467764,-2.693306011,0.519791667,2,0.953156823,rep,second,low
8190,2,4,0,1,0.671467764,-2.693306011,0.519791667,3,-0.525458248,pop,third,low
8190,3,7,0,0,0.671467764,-2.693306011,0.519791667,1,2.032586558,brand,first,low
8191,1,2,0,1,1.338134431,1.640027322,2.019791667,2,-2.046843177,rep,second,low
8191,2,4,0,0,1.338134431,1.640027322,2.019791667,3,-0.525458248,pop,third,low
8191,3,5,0,1,1.338134431,1.640027322,2.019791667,1,0.032586558,brand,first,low
8194,1,3,0,1,0.671467764,1.973360656,1.894791667,1,-1.046843177,rep,first,low
8194,2,4,0,1,0.671467764,1.973360656,1.894791667,2,-0.525458248,pop,second,low
8194,3,5,0,0,0.671467764,1.973360656,1.894791667,3,0.032586558,brand,third,low
8195,1,6,0,0,-0.661865569,1.306693989,1.019791667,1,1.953156823,rep,first,low
8195,2,5,0,1,-0.661865569,1.306693989,1.019791667,2,0.474541752,pop,second,low
8195,3,7,1,1,-0.661865569,1.306693989,1.019791667,3,2.032586558,brand,third,high
8196,1,4,1,1,-0.661865569,-1.359972678,-0.230208333,1,-0.046843177,rep,first,high
8196,2,2,1,1,-0.661865569,-1.359972678,-0.230208333,2,-2.525458248,pop,second,high
8196,3,5,1,1,-0.661865569,-1.359972678,-0.230208333,3,0.032586558,brand,third,high
8198,1,4,0,1,0.338134431,0.306693989,0.144791667,3,-0.046843177,rep,third,low
8198,2,6,0,1,0.338134431,0.306693989,0.144791667,1,1.474541752,pop,first,low
8198,3,6,0,1,0.338134431,0.306693989,0.144791667,2,1.032586558,brand,second,low
8199,1,2,0,1,-0.328532236,2.306693989,-1.730208333,3,-2.046843177,rep,third,low
8199,2,2,1,0,-0.328532236,2.306693989,-1.730208333,2,-2.525458248,pop,second,high
8199,3,4,0,1,-0.328532236,2.306693989,-1.730208333,1,-0.967413442,brand,first,low
8200,1,4,0,0,0.338134431,2.306693989,-4.480208333,2,-0.046843177,rep,second,low
8200,2,5,1,0,0.338134431,2.306693989,-4.480208333,1,0.474541752,pop,first,high
8200,3,4,1,0,0.338134431,2.306693989,-4.480208333,3,-0.967413442,brand,third,high
8201,1,2,0,1,-1.328532236,0.973360656,0.519791667,3,-2.046843177,rep,third,low
8201,2,4,0,1,-1.328532236,0.973360656,0.519791667,2,-0.525458248,pop,second,low
8201,3,7,1,1,-1.328532236,0.973360656,0.519791667,1,2.032586558,brand,first,high
8202,1,5,1,1,-1.328532236,-0.026639344,-0.355208333,2,0.953156823,rep,second,high
8202,2,5,1,1,-1.328532236,-0.026639344,-0.355208333,3,0.474541752,pop,third,high
8202,3,5,0,0,-1.328532236,-0.026639344,-0.355208333,1,0.032586558,brand,first,low
8203,1,3,1,0,-0.328532236,-1.026639344,-1.980208333,2,-1.046843177,rep,second,high
8203,2,5,1,0,-0.328532236,-1.026639344,-1.980208333,1,0.474541752,pop,first,high
8203,3,6,0,1,-0.328532236,-1.026639344,-1.980208333,3,1.032586558,brand,third,low
8205,1,6,0,1,1.004801097,-0.026639344,0.019791667,1,1.953156823,rep,first,low
8205,2,4,0,1,1.004801097,-0.026639344,0.019791667,3,-0.525458248,pop,third,low
8205,3,7,1,1,1.004801097,-0.026639344,0.019791667,2,2.032586558,brand,second,high
8206,1,5,1,1,0.338134431,-0.693306011,-0.355208333,1,0.953156823,rep,first,high
8206,2,4,1,1,0.338134431,-0.693306011,-0.355208333,3,-0.525458248,pop,third,high
8206,3,4,1,1,0.338134431,-0.693306011,-0.355208333,2,-0.967413442,brand,second,high
8207,1,7,1,1,0.338134431,-0.026639344,-0.230208333,3,2.953156823,rep,third,high
8207,2,6,0,1,0.338134431,-0.026639344,-0.230208333,1,1.474541752,pop,first,low
8207,3,7,0,1,0.338134431,-0.026639344,-0.230208333,2,2.032586558,brand,second,low
8208,1,1,0,1,1.338134431,-0.359972678,-0.230208333,3,-3.046843177,rep,third,low
8208,2,4,0,0,1.338134431,-0.359972678,-0.230208333,1,-0.525458248,pop,first,low
8208,3,4,1,1,1.338134431,-0.359972678,-0.230208333,2,-0.967413442,brand,second,high
8209,1,2,0,1,0.671467764,-0.026639344,0.894791667,2,-2.046843177,rep,second,low
8209,2,2,0,1,0.671467764,-0.026639344,0.894791667,1,-2.525458248,pop,first,low
8209,3,6,1,1,0.671467764,-0.026639344,0.894791667,3,1.032586558,brand,third,high
8210,1,5,0,1,-0.328532236,0.306693989,-0.230208333,1,0.953156823,rep,first,low
8210,2,3,0,1,-0.328532236,0.306693989,-0.230208333,3,-1.525458248,pop,third,low
8210,3,5,0,1,-0.328532236,0.306693989,-0.230208333,2,0.032586558,brand,second,low
8211,1,2,1,1,-0.661865569,-1.693306011,-0.730208333,1,-2.046843177,rep,first,high
8211,2,2,1,1,-0.661865569,-1.693306011,-0.730208333,2,-2.525458248,pop,second,high
8211,3,2,0,1,-0.661865569,-1.693306011,-0.730208333,3,-2.967413442,brand,third,low
8212,1,6,1,1,-0.328532236,-1.693306011,0.019791667,1,1.953156823,rep,first,high
8212,2,3,0,1,-0.328532236,-1.693306011,0.019791667,3,-1.525458248,pop,third,low
8212,3,6,1,0,-0.328532236,-1.693306011,0.019791667,2,1.032586558,brand,second,high
8213,1,5,1,0,-0.661865569,-1.359972678,-0.855208333,2,0.953156823,rep,second,high
8213,2,4,0,1,-0.661865569,-1.359972678,-0.855208333,1,-0.525458248,pop,first,low
8213,3,6,0,1,-0.661865569,-1.359972678,-0.855208333,3,1.032586558,brand,third,low
8214,1,5,1,1,1.671467764,-2.693306011,1.644791667,3,0.953156823,rep,third,high
8214,2,7,0,0,1.671467764,-2.693306011,1.644791667,1,2.474541752,pop,first,low
8214,3,7,1,1,1.671467764,-2.693306011,1.644791667,2,2.032586558,brand,second,high
8215,1,3,0,1,0.671467764,-1.026639344,-0.105208333,3,-1.046843177,rep,third,low
8215,2,5,1,1,0.671467764,-1.026639344,-0.105208333,2,0.474541752,pop,second,high
8215,3,4,0,0,0.671467764,-1.026639344,-0.105208333,1,-0.967413442,brand,first,low
8216,1,5,1,0,1.004801097,-1.026639344,0.519791667,3,0.953156823,rep,third,high
8216,2,3,0,1,1.004801097,-1.026639344,0.519791667,1,-1.525458248,pop,first,low
8216,3,5,1,1,1.004801097,-1.026639344,0.519791667,2,0.032586558,brand,second,high
8217,1,7,1,0,1.671467764,0.306693989,1.019791667,3,2.953156823,rep,third,high
8217,2,7,1,1,1.671467764,0.306693989,1.019791667,1,2.474541752,pop,first,high
8217,3,7,0,1,1.671467764,0.306693989,1.019791667,2,2.032586558,brand,second,low
8219,1,5,0,1,-0.995198903,-1.026639344,-0.105208333,1,0.953156823,rep,first,low
8219,2,4,1,0,-0.995198903,-1.026639344,-0.105208333,2,-0.525458248,pop,second,high
8219,3,4,1,0,-0.995198903,-1.026639344,-0.105208333,3,-0.967413442,brand,third,high
8220,1,6,1,1,1.338134431,0.306693989,2.144791667,2,1.953156823,rep,second,high
8220,2,5,0,0,1.338134431,0.306693989,2.144791667,3,0.474541752,pop,third,low
8220,3,5,0,1,1.338134431,0.306693989,2.144791667,1,0.032586558,brand,first,low
8221,1,2,1,1,-5.328532236,-0.026639344,-1.480208333,1,-2.046843177,rep,first,high
8221,2,5,0,0,-5.328532236,-0.026639344,-1.480208333,3,0.474541752,pop,third,low
8221,3,3,1,0,-5.328532236,-0.026639344,-1.480208333,2,-1.967413442,brand,second,high
8222,1,4,1,0,0.671467764,0.640027322,0.269791667,3,-0.046843177,rep,third,high
8222,2,6,1,1,0.671467764,0.640027322,0.269791667,1,1.474541752,pop,first,high
8222,3,4,0,1,0.671467764,0.640027322,0.269791667,2,-0.967413442,brand,second,low
8223,1,6,1,1,0.004801097,-1.026639344,-0.230208333,2,1.953156823,rep,second,high
8223,2,3,1,1,0.004801097,-1.026639344,-0.230208333,3,-1.525458248,pop,third,high
8223,3,3,1,1,0.004801097,-1.026639344,-0.230208333,1,-1.967413442,brand,first,high
8224,1,1,0,0,-0.661865569,1.306693989,1.894791667,2,-3.046843177,rep,second,low
8224,2,1,0,0,-0.661865569,1.306693989,1.894791667,3,-3.525458248,pop,third,low
8224,3,1,0,1,-0.661865569,1.306693989,1.894791667,1,-3.967413442,brand,first,low
8225,1,6,1,1,-1.328532236,-2.693306011,0.519791667,3,1.953156823,rep,third,high
8225,2,7,0,0,-1.328532236,-2.693306011,0.519791667,1,2.474541752,pop,first,low
8225,3,5,0,1,-1.328532236,-2.693306011,0.519791667,2,0.032586558,brand,second,low
8226,1,2,0,1,0.671467764,0.640027322,0.144791667,3,-2.046843177,rep,third,low
8226,2,5,1,1,0.671467764,0.640027322,0.144791667,1,0.474541752,pop,first,high
8226,3,6,1,1,0.671467764,0.640027322,0.144791667,2,1.032586558,brand,second,high
8227,1,3,0,1,0.671467764,-2.359972678,-1.605208333,1,-1.046843177,rep,first,low
8227,2,4,0,1,0.671467764,-2.359972678,-1.605208333,2,-0.525458248,pop,second,low
8227,3,6,1,1,0.671467764,-2.359972678,-1.605208333,3,1.032586558,brand,third,high
8228,1,6,1,1,-1.328532236,1.973360656,0.769791667,1,1.953156823,rep,first,high
8228,2,4,1,0,-1.328532236,1.973360656,0.769791667,3,-0.525458248,pop,third,high
8228,3,3,0,1,-1.328532236,1.973360656,0.769791667,2,-1.967413442,brand,second,low
8229,1,5,1,1,0.004801097,-1.359972678,-1.105208333,3,0.953156823,rep,third,high
8229,2,5,0,1,0.004801097,-1.359972678,-1.105208333,1,0.474541752,pop,first,low
8229,3,7,1,1,0.004801097,-1.359972678,-1.105208333,2,2.032586558,brand,second,high
8230,1,5,1,1,1.004801097,0.640027322,1.019791667,1,0.953156823,rep,first,high
8230,2,5,1,0,1.004801097,0.640027322,1.019791667,2,0.474541752,pop,second,high
8230,3,3,0,1,1.004801097,0.640027322,1.019791667,3,-1.967413442,brand,third,low
8231,1,2,1,1,0.004801097,-0.026639344,0.019791667,2,-2.046843177,rep,second,high
8231,2,2,0,1,0.004801097,-0.026639344,0.019791667,3,-2.525458248,pop,third,low
8231,3,2,0,1,0.004801097,-0.026639344,0.019791667,1,-2.967413442,brand,first,low
8232,1,2,0,1,-1.661865569,-0.359972678,0.769791667,3,-2.046843177,rep,third,low
8232,2,3,0,1,-1.661865569,-0.359972678,0.769791667,1,-1.525458248,pop,first,low
8232,3,5,0,0,-1.661865569,-0.359972678,0.769791667,2,0.032586558,brand,second,low
8233,1,4,0,0,1.671467764,0.306693989,0.269791667,2,-0.046843177,rep,second,low
8233,2,5,0,0,1.671467764,0.306693989,0.269791667,1,0.474541752,pop,first,low
8233,3,7,1,1,1.671467764,0.306693989,0.269791667,3,2.032586558,brand,third,high
8234,1,3,0,0,1.671467764,2.306693989,-1.480208333,2,-1.046843177,rep,second,low
8234,2,4,1,0,1.671467764,2.306693989,-1.480208333,3,-0.525458248,pop,third,high
8234,3,3,1,1,1.671467764,2.306693989,-1.480208333,1,-1.967413442,brand,first,high
8236,1,4,0,0,1.004801097,-1.693306011,-0.730208333,1,-0.046843177,rep,first,low
8236,2,4,0,1,1.004801097,-1.693306011,-0.730208333,2,-0.525458248,pop,second,low
8236,3,6,1,1,1.004801097,-1.693306011,-0.730208333,3,1.032586558,brand,third,high
8237,1,1,0,1,0.338134431,-1.026639344,0.269791667,3,-3.046843177,rep,third,low
8237,2,3,1,1,0.338134431,-1.026639344,0.269791667,1,-1.525458248,pop,first,high
8237,3,1,0,1,0.338134431,-1.026639344,0.269791667,2,-3.967413442,brand,second,low
8238,1,5,1,0,-0.661865569,0.306693989,-0.355208333,1,0.953156823,rep,first,high
8238,2,4,1,0,-0.661865569,0.306693989,-0.355208333,3,-0.525458248,pop,third,high
8238,3,5,0,1,-0.661865569,0.306693989,-0.355208333,2,0.032586558,brand,second,low
8239,1,4,0,0,1.004801097,0.973360656,1.269791667,2,-0.046843177,rep,second,low
8239,2,4,0,0,1.004801097,0.973360656,1.269791667,1,-0.525458248,pop,first,low
8239,3,5,0,1,1.004801097,0.973360656,1.269791667,3,0.032586558,brand,third,low
8240,1,5,1,1,0.338134431,2.306693989,0.144791667,1,0.953156823,rep,first,high
8240,2,5,1,0,0.338134431,2.306693989,0.144791667,3,0.474541752,pop,third,high
8240,3,5,1,1,0.338134431,2.306693989,0.144791667,2,0.032586558,brand,second,high
8241,1,3,0,1,-0.661865569,-0.359972678,-4.480208333,3,-1.046843177,rep,third,low
8241,2,6,1,1,-0.661865569,-0.359972678,-4.480208333,1,1.474541752,pop,first,high
8241,3,4,0,1,-0.661865569,-0.359972678,-4.480208333,2,-0.967413442,brand,second,low
8243,1,7,0,1,-2.328532236,1.306693989,0.394791667,2,2.953156823,rep,second,low
8243,2,7,1,0,-2.328532236,1.306693989,0.394791667,1,2.474541752,pop,first,high
8243,3,4,0,1,-2.328532236,1.306693989,0.394791667,3,-0.967413442,brand,third,low
8244,1,5,1,1,-1.328532236,-0.026639344,-0.980208333,2,0.953156823,rep,second,high
8244,2,6,1,1,-1.328532236,-0.026639344,-0.980208333,3,1.474541752,pop,third,high
8244,3,6,1,0,-1.328532236,-0.026639344,-0.980208333,1,1.032586558,brand,first,high
8245,1,4,1,0,-0.995198903,-1.359972678,0.144791667,1,-0.046843177,rep,first,high
8245,2,3,1,1,-0.995198903,-1.359972678,0.144791667,2,-1.525458248,pop,second,high
8245,3,6,1,0,-0.995198903,-1.359972678,0.144791667,3,1.032586558,brand,third,high
8246,1,7,1,1,1.004801097,0.640027322,-4.480208333,1,2.953156823,rep,first,high
8246,2,7,0,1,1.004801097,0.640027322,-4.480208333,3,2.474541752,pop,third,low
8246,3,7,1,1,1.004801097,0.640027322,-4.480208333,2,2.032586558,brand,second,high
8247,1,5,1,1,1.338134431,1.306693989,0.894791667,2,0.953156823,rep,second,high
8247,2,7,0,0,1.338134431,1.306693989,0.894791667,3,2.474541752,pop,third,low
8247,3,6,0,1,1.338134431,1.306693989,0.894791667,1,1.032586558,brand,first,low
8248,1,1,0,1,1.671467764,1.640027322,2.394791667,2,-3.046843177,rep,second,low
8248,2,5,1,1,1.671467764,1.640027322,2.394791667,1,0.474541752,pop,first,high
8248,3,6,1,0,1.671467764,1.640027322,2.394791667,3,1.032586558,brand,third,high
8249,1,7,0,0,-0.661865569,-0.359972678,1.144791667,3,2.953156823,rep,third,low
8249,2,4,0,1,-0.661865569,-0.359972678,1.144791667,1,-0.525458248,pop,first,low
8249,3,7,1,1,-0.661865569,-0.359972678,1.144791667,2,2.032586558,brand,second,high
8250,1,6,0,0,0.338134431,-2.359972678,-0.355208333,1,1.953156823,rep,first,low
8250,2,4,1,1,0.338134431,-2.359972678,-0.355208333,3,-0.525458248,pop,third,high
8250,3,7,1,1,0.338134431,-2.359972678,-0.355208333,2,2.032586558,brand,second,high
8251,1,2,0,1,1.004801097,-2.026639344,-0.855208333,3,-2.046843177,rep,third,low
8251,2,3,1,1,1.004801097,-2.026639344,-0.855208333,1,-1.525458248,pop,first,high
8251,3,3,0,1,1.004801097,-2.026639344,-0.855208333,2,-1.967413442,brand,second,low
8252,1,4,1,1,-1.328532236,1.306693989,-0.605208333,1,-0.046843177,rep,first,high
8252,2,4,1,0,-1.328532236,1.306693989,-0.605208333,2,-0.525458248,pop,second,high
8252,3,4,1,1,-1.328532236,1.306693989,-0.605208333,3,-0.967413442,brand,third,high
8253,1,6,0,0,-2.328532236,-0.026639344,0.019791667,2,1.953156823,rep,second,low
8253,2,6,1,1,-2.328532236,-0.026639344,0.019791667,1,1.474541752,pop,first,high
8253,3,5,1,0,-2.328532236,-0.026639344,0.019791667,3,0.032586558,brand,third,high
8254,1,2,1,1,1.338134431,-0.359972678,-3.105208333,3,-2.046843177,rep,third,high
8254,2,3,1,1,1.338134431,-0.359972678,-3.105208333,2,-1.525458248,pop,second,high
8254,3,2,0,1,1.338134431,-0.359972678,-3.105208333,1,-2.967413442,brand,first,low
8255,1,5,0,1,-0.328532236,-0.026639344,0.144791667,2,0.953156823,rep,second,low
8255,2,6,1,1,-0.328532236,-0.026639344,0.144791667,3,1.474541752,pop,third,high
8255,3,5,1,0,-0.328532236,-0.026639344,0.144791667,1,0.032586558,brand,first,high
8256,1,7,0,0,-1.661865569,-0.693306011,-0.480208333,3,2.953156823,rep,third,low
8256,2,4,0,0,-1.661865569,-0.693306011,-0.480208333,1,-0.525458248,pop,first,low
8256,3,4,1,1,-1.661865569,-0.693306011,-0.480208333,2,-0.967413442,brand,second,high
8257,1,4,0,0,0.004801097,0.973360656,1.019791667,2,-0.046843177,rep,second,low
8257,2,6,1,1,0.004801097,0.973360656,1.019791667,1,1.474541752,pop,first,high
8257,3,6,1,1,0.004801097,0.973360656,1.019791667,3,1.032586558,brand,third,high
8259,1,2,0,0,0.338134431,1.973360656,-1.355208333,1,-2.046843177,rep,first,low
8259,2,5,1,1,0.338134431,1.973360656,-1.355208333,2,0.474541752,pop,second,high
8259,3,4,0,1,0.338134431,1.973360656,-1.355208333,3,-0.967413442,brand,third,low
8260,1,2,0,1,0.338134431,-0.359972678,-2.730208333,3,-2.046843177,rep,third,low
8260,2,5,0,0,0.338134431,-0.359972678,-2.730208333,1,0.474541752,pop,first,low
8260,3,5,0,1,0.338134431,-0.359972678,-2.730208333,2,0.032586558,brand,second,low
8261,1,6,0,1,-0.328532236,0.306693989,0.894791667,2,1.953156823,rep,second,low
8261,2,4,0,1,-0.328532236,0.306693989,0.894791667,3,-0.525458248,pop,third,low
8261,3,5,0,1,-0.328532236,0.306693989,0.894791667,1,0.032586558,brand,first,low
8262,1,5,1,1,-1.661865569,-0.693306011,-0.105208333,2,0.953156823,rep,second,high
8262,2,5,1,1,-1.661865569,-0.693306011,-0.105208333,3,0.474541752,pop,third,high
8262,3,5,0,0,-1.661865569,-0.693306011,-0.105208333,1,0.032586558,brand,first,low
8263,1,4,1,1,0.671467764,-1.359972678,-0.480208333,3,-0.046843177,rep,third,high
8263,2,5,0,1,0.671467764,-1.359972678,-0.480208333,2,0.474541752,pop,second,low
8263,3,7,1,1,0.671467764,-1.359972678,-0.480208333,1,2.032586558,brand,first,high
8264,1,5,1,1,1.671467764,2.306693989,1.394791667,1,0.953156823,rep,first,high
8264,2,6,0,1,1.671467764,2.306693989,1.394791667,3,1.474541752,pop,third,low
8264,3,6,1,1,1.671467764,2.306693989,1.394791667,2,1.032586558,brand,second,high
8265,1,4,0,0,-1.995198903,1.306693989,-0.355208333,3,-0.046843177,rep,third,low
8265,2,4,1,0,-1.995198903,1.306693989,-0.355208333,2,-0.525458248,pop,second,high
8265,3,4,0,1,-1.995198903,1.306693989,-0.355208333,1,-0.967413442,brand,first,low
8266,1,6,0,1,-3.661865569,-0.693306011,0.144791667,1,1.953156823,rep,first,low
8266,2,5,1,1,-3.661865569,-0.693306011,0.144791667,2,0.474541752,pop,second,high
8266,3,5,0,0,-3.661865569,-0.693306011,0.144791667,3,0.032586558,brand,third,low
8267,1,2,0,1,0.338134431,1.640027322,-4.480208333,2,-2.046843177,rep,second,low
8267,2,3,0,0,0.338134431,1.640027322,-4.480208333,3,-1.525458248,pop,third,low
8267,3,3,0,0,0.338134431,1.640027322,-4.480208333,1,-1.967413442,brand,first,low
8268,1,2,0,1,1.338134431,0.306693989,-0.355208333,3,-2.046843177,rep,third,low
8268,2,5,0,0,1.338134431,0.306693989,-0.355208333,2,0.474541752,pop,second,low
8268,3,5,0,1,1.338134431,0.306693989,-0.355208333,1,0.032586558,brand,first,low
8269,1,3,1,1,1.004801097,1.640027322,0.019791667,2,-1.046843177,rep,second,high
8269,2,4,1,0,1.004801097,1.640027322,0.019791667,1,-0.525458248,pop,first,high
8269,3,3,0,1,1.004801097,1.640027322,0.019791667,3,-1.967413442,brand,third,low
8270,1,4,0,1,1.004801097,0.306693989,-0.730208333,2,-0.046843177,rep,second,low
8270,2,5,1,0,1.004801097,0.306693989,-0.730208333,3,0.474541752,pop,third,high
8270,3,6,1,1,1.004801097,0.306693989,-0.730208333,1,1.032586558,brand,first,high
8271,1,1,0,1,0.671467764,2.306693989,2.519791667,3,-3.046843177,rep,third,low
8271,2,6,1,1,0.671467764,2.306693989,2.519791667,1,1.474541752,pop,first,high
8271,3,2,1,1,0.671467764,2.306693989,2.519791667,2,-2.967413442,brand,second,high
8272,1,4,1,1,0.338134431,-3.693306011,-0.355208333,2,-0.046843177,rep,second,high
8272,2,4,1,1,0.338134431,-3.693306011,-0.355208333,1,-0.525458248,pop,first,high
8272,3,4,0,1,0.338134431,-3.693306011,-0.355208333,3,-0.967413442,brand,third,low
8273,1,5,1,0,0.338134431,0.306693989,0.019791667,2,0.953156823,rep,second,high
8273,2,5,1,0,0.338134431,0.306693989,0.019791667,1,0.474541752,pop,first,high
8273,3,6,1,1,0.338134431,0.306693989,0.019791667,3,1.032586558,brand,third,high
8274,1,5,0,1,-1.661865569,-0.026639344,0.894791667,1,0.953156823,rep,first,low
8274,2,4,1,1,-1.661865569,-0.026639344,0.894791667,3,-0.525458248,pop,third,high
8274,3,6,1,0,-1.661865569,-0.026639344,0.894791667,2,1.032586558,brand,second,high
8275,1,4,0,1,1.004801097,1.306693989,1.644791667,1,-0.046843177,rep,first,low
8275,2,5,0,0,1.004801097,1.306693989,1.644791667,2,0.474541752,pop,second,low
8275,3,7,0,1,1.004801097,1.306693989,1.644791667,3,2.032586558,brand,third,low
8276,1,5,1,1,0.338134431,0.306693989,-1.105208333,3,0.953156823,rep,third,high
8276,2,4,0,1,0.338134431,0.306693989,-1.105208333,2,-0.525458248,pop,second,low
8276,3,5,1,1,0.338134431,0.306693989,-1.105208333,1,0.032586558,brand,first,high
8278,1,4,0,1,1.004801097,-0.359972678,-4.480208333,2,-0.046843177,rep,second,low
8278,2,4,1,1,1.004801097,-0.359972678,-4.480208333,3,-0.525458248,pop,third,high
8278,3,4,0,0,1.004801097,-0.359972678,-4.480208333,1,-0.967413442,brand,first,low
8279,1,2,0,1,0.338134431,-1.026639344,-0.230208333,3,-2.046843177,rep,third,low
8279,2,6,0,1,0.338134431,-1.026639344,-0.230208333,2,1.474541752,pop,second,low
8279,3,5,0,1,0.338134431,-1.026639344,-0.230208333,1,0.032586558,brand,first,low
8281,1,4,0,1,-1.328532236,0.640027322,0.394791667,1,-0.046843177,rep,first,low
8281,2,6,0,1,-1.328532236,0.640027322,0.394791667,2,1.474541752,pop,second,low
8281,3,7,1,1,-1.328532236,0.640027322,0.394791667,3,2.032586558,brand,third,high
8282,1,3,0,1,0.004801097,-1.026639344,-1.730208333,3,-1.046843177,rep,third,low
8282,2,4,0,1,0.004801097,-1.026639344,-1.730208333,2,-0.525458248,pop,second,low
8282,3,5,1,1,0.004801097,-1.026639344,-1.730208333,1,0.032586558,brand,first,high
8283,1,4,1,1,-0.661865569,-1.026639344,-1.105208333,3,-0.046843177,rep,third,high
8283,2,4,1,1,-0.661865569,-1.026639344,-1.105208333,1,-0.525458248,pop,first,high
8283,3,4,0,0,-0.661865569,-1.026639344,-1.105208333,2,-0.967413442,brand,second,low
8284,1,2,0,1,-1.328532236,1.306693989,-0.480208333,1,-2.046843177,rep,first,low
8284,2,4,0,0,-1.328532236,1.306693989,-0.480208333,2,-0.525458248,pop,second,low
8284,3,5,1,1,-1.328532236,1.306693989,-0.480208333,3,0.032586558,brand,third,high
8285,1,6,0,1,0.671467764,2.306693989,-0.480208333,2,1.953156823,rep,second,low
8285,2,5,0,0,0.671467764,2.306693989,-0.480208333,1,0.474541752,pop,first,low
8285,3,2,0,1,0.671467764,2.306693989,-0.480208333,3,-2.967413442,brand,third,low
8287,1,2,0,0,1.004801097,-2.026639344,-2.230208333,1,-2.046843177,rep,first,low
8287,2,2,0,0,1.004801097,-2.026639344,-2.230208333,3,-2.525458248,pop,third,low
8287,3,2,0,1,1.004801097,-2.026639344,-2.230208333,2,-2.967413442,brand,second,low
8288,1,5,1,1,1.004801097,-1.693306011,1.019791667,2,0.953156823,rep,second,high
8288,2,3,1,1,1.004801097,-1.693306011,1.019791667,3,-1.525458248,pop,third,high
8288,3,4,0,1,1.004801097,-1.693306011,1.019791667,1,-0.967413442,brand,first,low
8289,1,3,0,1,1.671467764,1.306693989,-4.480208333,1,-1.046843177,rep,first,low
8289,2,4,0,1,1.671467764,1.306693989,-4.480208333,2,-0.525458248,pop,second,low
8289,3,6,1,0,1.671467764,1.306693989,-4.480208333,3,1.032586558,brand,third,high
8290,1,1,0,1,0.671467764,1.973360656,-0.355208333,2,-3.046843177,rep,second,low
8290,2,2,0,1,0.671467764,1.973360656,-0.355208333,3,-2.525458248,pop,third,low
8290,3,6,1,1,0.671467764,1.973360656,-0.355208333,1,1.032586558,brand,first,high
8291,1,2,0,1,1.671467764,2.306693989,-0.480208333,3,-2.046843177,rep,third,low
8291,2,5,0,1,1.671467764,2.306693989,-0.480208333,2,0.474541752,pop,second,low
8291,3,4,0,0,1.671467764,2.306693989,-0.480208333,1,-0.967413442,brand,first,low
8292,1,6,1,0,1.004801097,1.640027322,1.269791667,1,1.953156823,rep,first,high
8292,2,5,1,0,1.004801097,1.640027322,1.269791667,3,0.474541752,pop,third,high
8292,3,6,0,0,1.004801097,1.640027322,1.269791667,2,1.032586558,brand,second,low
8293,1,2,0,1,-0.661865569,-0.693306011,-0.480208333,2,-2.046843177,rep,second,low
8293,2,3,0,1,-0.661865569,-0.693306011,-0.480208333,1,-1.525458248,pop,first,low
8293,3,2,0,1,-0.661865569,-0.693306011,-0.480208333,3,-2.967413442,brand,third,low
8294,1,4,1,1,0.004801097,-0.026639344,-0.730208333,1,-0.046843177,rep,first,high
8294,2,3,0,1,0.004801097,-0.026639344,-0.730208333,2,-1.525458248,pop,second,low
8294,3,4,1,1,0.004801097,-0.026639344,-0.730208333,3,-0.967413442,brand,third,high
8295,1,1,0,0,0.338134431,1.306693989,-2.105208333,3,-3.046843177,rep,third,low
8295,2,2,0,0,0.338134431,1.306693989,-2.105208333,2,-2.525458248,pop,second,low
8295,3,1,0,1,0.338134431,1.306693989,-2.105208333,1,-3.967413442,brand,first,low
8296,1,6,1,1,1.338134431,0.306693989,-0.355208333,2,1.953156823,rep,second,high
8296,2,4,1,1,1.338134431,0.306693989,-0.355208333,3,-0.525458248,pop,third,high
8296,3,6,1,1,1.338134431,0.306693989,-0.355208333,1,1.032586558,brand,first,high
8297,1,2,0,0,1.338134431,1.306693989,1.394791667,1,-2.046843177,rep,first,low
8297,2,3,0,1,1.338134431,1.306693989,1.394791667,3,-1.525458248,pop,third,low
8297,3,6,0,1,1.338134431,1.306693989,1.394791667,2,1.032586558,brand,second,low
8298,1,1,1,1,-0.328532236,0.306693989,0.269791667,1,-3.046843177,rep,first,high
8298,2,2,1,1,-0.328532236,0.306693989,0.269791667,2,-2.525458248,pop,second,high
8298,3,5,1,1,-0.328532236,0.306693989,0.269791667,3,0.032586558,brand,third,high
8300,1,2,0,1,-0.661865569,-1.026639344,1.769791667,3,-2.046843177,rep,third,low
8300,2,5,1,0,-0.661865569,-1.026639344,1.769791667,1,0.474541752,pop,first,high
8300,3,7,1,1,-0.661865569,-1.026639344,1.769791667,2,2.032586558,brand,second,high
8301,1,1,0,1,-1.328532236,0.306693989,-0.480208333,3,-3.046843177,rep,third,low
8301,2,2,1,1,-1.328532236,0.306693989,-0.480208333,1,-2.525458248,pop,first,high
8301,3,3,0,0,-1.328532236,0.306693989,-0.480208333,2,-1.967413442,brand,second,low
8302,1,2,1,1,0.338134431,-0.693306011,-0.230208333,1,-2.046843177,rep,first,high
8302,2,5,0,0,0.338134431,-0.693306011,-0.230208333,3,0.474541752,pop,third,low
8302,3,3,0,1,0.338134431,-0.693306011,-0.230208333,2,-1.967413442,brand,second,low
8303,1,2,1,0,-1.328532236,-1.026639344,-4.480208333,1,-2.046843177,rep,first,high
8303,2,5,0,0,-1.328532236,-1.026639344,-4.480208333,2,0.474541752,pop,second,low
8303,3,5,0,1,-1.328532236,-1.026639344,-4.480208333,3,0.032586558,brand,third,low
8304,1,7,0,0,-0.661865569,-3.026639344,-1.980208333,1,2.953156823,rep,first,low
8304,2,7,1,0,-0.661865569,-3.026639344,-1.980208333,2,2.474541752,pop,second,high
8304,3,7,0,0,-0.661865569,-3.026639344,-1.980208333,3,2.032586558,brand,third,low
8305,1,4,1,0,-0.661865569,-1.693306011,-1.730208333,3,-0.046843177,rep,third,high
8305,2,5,0,1,-0.661865569,-1.693306011,-1.730208333,1,0.474541752,pop,first,low
8305,3,4,0,0,-0.661865569,-1.693306011,-1.730208333,2,-0.967413442,brand,second,low
8306,1,6,0,1,0.338134431,-0.359972678,0.769791667,1,1.953156823,rep,first,low
8306,2,4,0,1,0.338134431,-0.359972678,0.769791667,3,-0.525458248,pop,third,low
8306,3,5,0,0,0.338134431,-0.359972678,0.769791667,2,0.032586558,brand,second,low
8307,1,4,1,1,-0.328532236,0.640027322,1.019791667,3,-0.046843177,rep,third,high
8307,2,4,1,1,-0.328532236,0.640027322,1.019791667,1,-0.525458248,pop,first,high
8307,3,6,1,1,-0.328532236,0.640027322,1.019791667,2,1.032586558,brand,second,high
8308,1,7,0,1,0.338134431,0.306693989,-2.605208333,2,2.953156823,rep,second,low
8308,2,7,1,0,0.338134431,0.306693989,-2.605208333,3,2.474541752,pop,third,high
8308,3,7,0,0,0.338134431,0.306693989,-2.605208333,1,2.032586558,brand,first,low
8309,1,6,1,1,0.338134431,1.640027322,2.019791667,3,1.953156823,rep,third,high
8309,2,5,0,0,0.338134431,1.640027322,2.019791667,2,0.474541752,pop,second,low
8309,3,6,1,0,0.338134431,1.640027322,2.019791667,1,1.032586558,brand,first,high
8310,1,5,0,1,0.338134431,0.306693989,-0.105208333,2,0.953156823,rep,second,low
8310,2,6,1,1,0.338134431,0.306693989,-0.105208333,1,1.474541752,pop,first,high
8310,3,6,1,1,0.338134431,0.306693989,-0.105208333,3,1.032586558,brand,third,high
8312,1,4,1,0,0.338134431,0.973360656,1.144791667,3,-0.046843177,rep,third,high
8312,2,5,0,0,0.338134431,0.973360656,1.144791667,1,0.474541752,pop,first,low
8312,3,5,1,1,0.338134431,0.973360656,1.144791667,2,0.032586558,brand,second,high
8314,1,4,1,1,0.004801097,0.306693989,-2.480208333,1,-0.046843177,rep,first,high
8314,2,4,1,0,0.004801097,0.306693989,-2.480208333,2,-0.525458248,pop,second,high
8314,3,4,0,1,0.004801097,0.306693989,-2.480208333,3,-0.967413442,brand,third,low
8315,1,6,0,0,1.671467764,0.306693989,2.519791667,1,1.953156823,rep,first,low
8315,2,5,0,1,1.671467764,0.306693989,2.519791667,2,0.474541752,pop,second,low
8315,3,6,1,0,1.671467764,0.306693989,2.519791667,3,1.032586558,brand,third,high
8316,1,1,0,1,-2.995198903,-2.693306011,0.519791667,3,-3.046843177,rep,third,low
8316,2,5,1,1,-2.995198903,-2.693306011,0.519791667,2,0.474541752,pop,second,high
8316,3,1,0,0,-2.995198903,-2.693306011,0.519791667,1,-3.967413442,brand,first,low
8317,1,1,1,1,-0.328532236,-0.359972678,-1.230208333,1,-3.046843177,rep,first,high
8317,2,6,0,1,-0.328532236,-0.359972678,-1.230208333,3,1.474541752,pop,third,low
8317,3,5,0,1,-0.328532236,-0.359972678,-1.230208333,2,0.032586558,brand,second,low
8318,1,5,0,1,1.671467764,-1.026639344,0.269791667,1,0.953156823,rep,first,low
8318,2,6,1,1,1.671467764,-1.026639344,0.269791667,3,1.474541752,pop,third,high
8318,3,5,1,0,1.671467764,-1.026639344,0.269791667,2,0.032586558,brand,second,high
8319,1,5,1,1,-1.661865569,0.640027322,0.019791667,3,0.953156823,rep,third,high
8319,2,4,0,0,-1.661865569,0.640027322,0.019791667,2,-0.525458248,pop,second,low
8319,3,4,1,0,-1.661865569,0.640027322,0.019791667,1,-0.967413442,brand,first,high
8320,1,4,1,0,1.338134431,0.973360656,2.019791667,3,-0.046843177,rep,third,high
8320,2,6,1,0,1.338134431,0.973360656,2.019791667,2,1.474541752,pop,second,high
8320,3,5,0,1,1.338134431,0.973360656,2.019791667,1,0.032586558,brand,first,low
8321,1,6,1,1,1.671467764,0.973360656,-0.105208333,3,1.953156823,rep,third,high
8321,2,6,1,0,1.671467764,0.973360656,-0.105208333,1,1.474541752,pop,first,high
8321,3,6,0,0,1.671467764,0.973360656,-0.105208333,2,1.032586558,brand,second,low
8322,1,1,0,1,0.004801097,1.640027322,0.519791667,2,-3.046843177,rep,second,low
8322,2,3,1,1,0.004801097,1.640027322,0.519791667,1,-1.525458248,pop,first,high
8322,3,3,1,0,0.004801097,1.640027322,0.519791667,3,-1.967413442,brand,third,high
8323,1,6,1,1,1.338134431,1.306693989,1.144791667,3,1.953156823,rep,third,high
8323,2,7,0,1,1.338134431,1.306693989,1.144791667,2,2.474541752,pop,second,low
8323,3,6,1,0,1.338134431,1.306693989,1.144791667,1,1.032586558,brand,first,high
8324,1,5,1,1,-0.661865569,-1.693306011,-0.355208333,1,0.953156823,rep,first,high
8324,2,3,1,0,-0.661865569,-1.693306011,-0.355208333,2,-1.525458248,pop,second,high
8324,3,6,0,0,-0.661865569,-1.693306011,-0.355208333,3,1.032586558,brand,third,low
8325,1,6,0,0,1.671467764,-0.359972678,1.269791667,2,1.953156823,rep,second,low
8325,2,3,1,1,1.671467764,-0.359972678,1.269791667,3,-1.525458248,pop,third,high
8325,3,5,0,1,1.671467764,-0.359972678,1.269791667,1,0.032586558,brand,first,low
8327,1,4,1,1,0.004801097,0.973360656,0.519791667,3,-0.046843177,rep,third,high
8327,2,4,1,1,0.004801097,0.973360656,0.519791667,2,-0.525458248,pop,second,high
8327,3,4,0,1,0.004801097,0.973360656,0.519791667,1,-0.967413442,brand,first,low
8328,1,3,0,1,-1.995198903,-0.359972678,0.144791667,3,-1.046843177,rep,third,low
8328,2,7,1,1,-1.995198903,-0.359972678,0.144791667,2,2.474541752,pop,second,high
8328,3,6,1,0,-1.995198903,-0.359972678,0.144791667,1,1.032586558,brand,first,high
8329,1,4,0,1,-0.661865569,0.640027322,0.394791667,3,-0.046843177,rep,third,low
8329,2,4,0,0,-0.661865569,0.640027322,0.394791667,1,-0.525458248,pop,first,low
8329,3,6,1,0,-0.661865569,0.640027322,0.394791667,2,1.032586558,brand,second,high
8330,1,5,1,1,-0.328532236,0.306693989,-0.355208333,3,0.953156823,rep,third,high
8330,2,5,0,1,-0.328532236,0.306693989,-0.355208333,2,0.474541752,pop,second,low
8330,3,5,1,1,-0.328532236,0.306693989,-0.355208333,1,0.032586558,brand,first,high
8331,1,5,1,1,0.004801097,-0.693306011,1.269791667,1,0.953156823,rep,first,high
8331,2,5,1,1,0.004801097,-0.693306011,1.269791667,2,0.474541752,pop,second,high
8331,3,6,0,0,0.004801097,-0.693306011,1.269791667,3,1.032586558,brand,third,low
8332,1,2,0,0,-2.328532236,-1.693306011,-0.355208333,1,-2.046843177,rep,first,low
8332,2,1,1,0,-2.328532236,-1.693306011,-0.355208333,2,-3.525458248,pop,second,high
8332,3,7,1,0,-2.328532236,-1.693306011,-0.355208333,3,2.032586558,brand,third,high
8333,1,4,0,1,-1.328532236,-0.693306011,-0.480208333,1,-0.046843177,rep,first,low
8333,2,4,1,0,-1.328532236,-0.693306011,-0.480208333,2,-0.525458248,pop,second,high
8333,3,4,1,1,-1.328532236,-0.693306011,-0.480208333,3,-0.967413442,brand,third,high
8334,1,4,1,1,-1.661865569,1.640027322,-1.855208333,3,-0.046843177,rep,third,high
8334,2,4,1,1,-1.661865569,1.640027322,-1.855208333,1,-0.525458248,pop,first,high
8334,3,4,1,0,-1.661865569,1.640027322,-1.855208333,2,-0.967413442,brand,second,high
8335,1,5,0,1,0.004801097,-0.359972678,0.894791667,1,0.953156823,rep,first,low
8335,2,6,0,1,0.004801097,-0.359972678,0.894791667,3,1.474541752,pop,third,low
8335,3,7,1,0,0.004801097,-0.359972678,0.894791667,2,2.032586558,brand,second,high
8337,1,4,0,1,-0.995198903,-0.693306011,-1.355208333,3,-0.046843177,rep,third,low
8337,2,4,1,1,-0.995198903,-0.693306011,-1.355208333,2,-0.525458248,pop,second,high
8337,3,4,1,1,-0.995198903,-0.693306011,-1.355208333,1,-0.967413442,brand,first,high
8338,1,2,0,1,0.004801097,-1.359972678,0.644791667,2,-2.046843177,rep,second,low
8338,2,6,1,1,0.004801097,-1.359972678,0.644791667,1,1.474541752,pop,first,high
8338,3,6,1,0,0.004801097,-1.359972678,0.644791667,3,1.032586558,brand,third,high
8339,1,3,0,1,1.004801097,-1.693306011,0.519791667,2,-1.046843177,rep,second,low
8339,2,3,0,1,1.004801097,-1.693306011,0.519791667,3,-1.525458248,pop,third,low
8339,3,7,1,1,1.004801097,-1.693306011,0.519791667,1,2.032586558,brand,first,high
8340,1,6,0,0,1.338134431,2.306693989,1.519791667,1,1.953156823,rep,first,low
8340,2,4,0,0,1.338134431,2.306693989,1.519791667,3,-0.525458248,pop,third,low
8340,3,6,0,1,1.338134431,2.306693989,1.519791667,2,1.032586558,brand,second,low
8342,1,6,1,1,-0.661865569,-1.693306011,0.019791667,2,1.953156823,rep,second,high
8342,2,5,0,1,-0.661865569,-1.693306011,0.019791667,1,0.474541752,pop,first,low
8342,3,6,1,1,-0.661865569,-1.693306011,0.019791667,3,1.032586558,brand,third,high
8343,1,6,1,1,0.671467764,0.973360656,1.394791667,2,1.953156823,rep,second,high
8343,2,6,1,1,0.671467764,0.973360656,1.394791667,3,1.474541752,pop,third,high
8343,3,5,0,1,0.671467764,0.973360656,1.394791667,1,0.032586558,brand,first,low
8344,1,4,1,1,1.671467764,0.973360656,-4.480208333,2,-0.046843177,rep,second,high
8344,2,5,1,1,1.671467764,0.973360656,-4.480208333,3,0.474541752,pop,third,high
8344,3,7,0,0,1.671467764,0.973360656,-4.480208333,1,2.032586558,brand,first,low
8345,1,4,1,1,0.338134431,-1.026639344,-0.605208333,1,-0.046843177,rep,first,high
8345,2,4,1,0,0.338134431,-1.026639344,-0.605208333,3,-0.525458248,pop,third,high
8345,3,4,0,1,0.338134431,-1.026639344,-0.605208333,2,-0.967413442,brand,second,low
8347,1,5,0,1,-5.328532236,-1.026639344,-0.730208333,1,0.953156823,rep,first,low
8347,2,5,0,0,-5.328532236,-1.026639344,-0.730208333,2,0.474541752,pop,second,low
8347,3,5,1,1,-5.328532236,-1.026639344,-0.730208333,3,0.032586558,brand,third,high
8348,1,1,1,0,-1.328532236,1.306693989,-0.355208333,3,-3.046843177,rep,third,high
8348,2,1,1,0,-1.328532236,1.306693989,-0.355208333,2,-3.525458248,pop,second,high
8348,3,1,0,0,-1.328532236,1.306693989,-0.355208333,1,-3.967413442,brand,first,low
8349,1,2,0,1,-2.995198903,1.640027322,-1.980208333,3,-2.046843177,rep,third,low
8349,2,2,0,0,-2.995198903,1.640027322,-1.980208333,1,-2.525458248,pop,first,low
8349,3,3,1,1,-2.995198903,1.640027322,-1.980208333,2,-1.967413442,brand,second,high
8350,1,4,0,1,0.004801097,-0.359972678,-1.230208333,1,-0.046843177,rep,first,low
8350,2,5,0,1,0.004801097,-0.359972678,-1.230208333,2,0.474541752,pop,second,low
8350,3,6,1,0,0.004801097,-0.359972678,-1.230208333,3,1.032586558,brand,third,high
8351,1,4,1,1,-2.661865569,-1.026639344,-2.605208333,1,-0.046843177,rep,first,high
8351,2,2,1,0,-2.661865569,-1.026639344,-2.605208333,3,-2.525458248,pop,third,high
8351,3,7,1,1,-2.661865569,-1.026639344,-2.605208333,2,2.032586558,brand,second,high
8352,1,7,1,0,0.338134431,-0.359972678,1.019791667,1,2.953156823,rep,first,high
8352,2,7,0,0,0.338134431,-0.359972678,1.019791667,3,2.474541752,pop,third,low
8352,3,7,1,1,0.338134431,-0.359972678,1.019791667,2,2.032586558,brand,second,high
8353,1,5,0,1,0.004801097,0.306693989,-0.605208333,3,0.953156823,rep,third,low
8353,2,6,0,1,0.004801097,0.306693989,-0.605208333,2,1.474541752,pop,second,low
8353,3,7,0,0,0.004801097,0.306693989,-0.605208333,1,2.032586558,brand,first,low
8356,1,5,0,1,-0.661865569,-2.026639344,-0.230208333,3,0.953156823,rep,third,low
8356,2,5,0,1,-0.661865569,-2.026639344,-0.230208333,2,0.474541752,pop,second,low
8356,3,5,1,0,-0.661865569,-2.026639344,-0.230208333,1,0.032586558,brand,first,high
8357,1,3,0,1,-1.661865569,1.306693989,0.144791667,1,-1.046843177,rep,first,low
8357,2,2,1,1,-1.661865569,1.306693989,0.144791667,2,-2.525458248,pop,second,high
8357,3,5,0,0,-1.661865569,1.306693989,0.144791667,3,0.032586558,brand,third,low
8358,1,5,0,0,0.338134431,-1.693306011,0.769791667,1,0.953156823,rep,first,low
8358,2,7,0,0,0.338134431,-1.693306011,0.769791667,3,2.474541752,pop,third,low
8358,3,2,0,1,0.338134431,-1.693306011,0.769791667,2,-2.967413442,brand,second,low
8359,1,5,1,1,0.338134431,-0.359972678,0.769791667,1,0.953156823,rep,first,high
8359,2,5,0,1,0.338134431,-0.359972678,0.769791667,2,0.474541752,pop,second,low
8359,3,6,1,1,0.338134431,-0.359972678,0.769791667,3,1.032586558,brand,third,high
8360,1,5,1,1,0.004801097,-1.026639344,-0.355208333,3,0.953156823,rep,third,high
8360,2,6,0,0,0.004801097,-1.026639344,-0.355208333,1,1.474541752,pop,first,low
8360,3,5,0,0,0.004801097,-1.026639344,-0.355208333,2,0.032586558,brand,second,low
8361,1,1,0,1,0.671467764,0.640027322,-0.605208333,2,-3.046843177,rep,second,low
8361,2,1,0,1,0.671467764,0.640027322,-0.605208333,1,-3.525458248,pop,first,low
8361,3,1,0,1,0.671467764,0.640027322,-0.605208333,3,-3.967413442,brand,third,low
8362,1,5,1,1,0.004801097,-1.359972678,0.519791667,3,0.953156823,rep,third,high
8362,2,5,0,0,0.004801097,-1.359972678,0.519791667,1,0.474541752,pop,first,low
8362,3,5,0,1,0.004801097,-1.359972678,0.519791667,2,0.032586558,brand,second,low
8363,1,7,0,1,-0.328532236,0.306693989,-0.730208333,3,2.953156823,rep,third,low
8363,2,7,1,0,-0.328532236,0.306693989,-0.730208333,1,2.474541752,pop,first,high
8363,3,7,1,1,-0.328532236,0.306693989,-0.730208333,2,2.032586558,brand,second,high
8364,1,2,0,1,0.671467764,-1.026639344,-1.230208333,2,-2.046843177,rep,second,low
8364,2,3,0,0,0.671467764,-1.026639344,-1.230208333,1,-1.525458248,pop,first,low
8364,3,3,1,0,0.671467764,-1.026639344,-1.230208333,3,-1.967413442,brand,third,high
8366,1,5,0,0,0.671467764,-1.693306011,1.394791667,2,0.953156823,rep,second,low
8366,2,5,0,0,0.671467764,-1.693306011,1.394791667,1,0.474541752,pop,first,low
8366,3,5,1,1,0.671467764,-1.693306011,1.394791667,3,0.032586558,brand,third,high
8367,1,7,1,1,1.671467764,2.306693989,2.519791667,3,2.953156823,rep,third,high
8367,2,7,1,1,1.671467764,2.306693989,2.519791667,1,2.474541752,pop,first,high
8367,3,7,1,1,1.671467764,2.306693989,2.519791667,2,2.032586558,brand,second,high
8368,1,5,1,1,0.004801097,-0.693306011,-0.855208333,2,0.953156823,rep,second,high
8368,2,6,0,1,0.004801097,-0.693306011,-0.855208333,1,1.474541752,pop,first,low
8368,3,7,1,1,0.004801097,-0.693306011,-0.855208333,3,2.032586558,brand,third,high
8369,1,3,1,0,0.338134431,0.973360656,-1.605208333,1,-1.046843177,rep,first,high
8369,2,4,1,0,0.338134431,0.973360656,-1.605208333,3,-0.525458248,pop,third,high
8369,3,3,1,1,0.338134431,0.973360656,-1.605208333,2,-1.967413442,brand,second,high
8371,1,4,1,1,1.004801097,-0.693306011,-0.355208333,3,-0.046843177,rep,third,high
8371,2,6,0,1,1.004801097,-0.693306011,-0.355208333,2,1.474541752,pop,second,low
8371,3,6,1,1,1.004801097,-0.693306011,-0.355208333,1,1.032586558,brand,first,high
8372,1,5,0,1,1.338134431,1.973360656,-1.480208333,3,0.953156823,rep,third,low
8372,2,6,0,1,1.338134431,1.973360656,-1.480208333,1,1.474541752,pop,first,low
8372,3,6,0,1,1.338134431,1.973360656,-1.480208333,2,1.032586558,brand,second,low
8373,1,1,0,0,-0.661865569,-0.693306011,0.644791667,1,-3.046843177,rep,first,low
8373,2,1,1,0,-0.661865569,-0.693306011,0.644791667,2,-3.525458248,pop,second,high
8373,3,1,1,1,-0.661865569,-0.693306011,0.644791667,3,-3.967413442,brand,third,high
8374,1,4,0,1,-0.661865569,-1.693306011,-0.730208333,3,-0.046843177,rep,third,low
8374,2,7,0,0,-0.661865569,-1.693306011,-0.730208333,2,2.474541752,pop,second,low
8374,3,4,1,1,-0.661865569,-1.693306011,-0.730208333,1,-0.967413442,brand,first,high
8375,1,1,1,0,-2.995198903,2.306693989,-3.480208333,2,-3.046843177,rep,second,high
8375,2,1,1,0,-2.995198903,2.306693989,-3.480208333,1,-3.525458248,pop,first,high
8375,3,2,1,1,-2.995198903,2.306693989,-3.480208333,3,-2.967413442,brand,third,high
8376,1,5,1,1,-0.328532236,-4.693306011,1.894791667,3,0.953156823,rep,third,high
8376,2,4,0,1,-0.328532236,-4.693306011,1.894791667,1,-0.525458248,pop,first,low
8376,3,5,0,0,-0.328532236,-4.693306011,1.894791667,2,0.032586558,brand,second,low
8377,1,5,0,1,0.004801097,-2.359972678,0.644791667,1,0.953156823,rep,first,low
8377,2,5,0,1,0.004801097,-2.359972678,0.644791667,3,0.474541752,pop,third,low
8377,3,5,1,1,0.004801097,-2.359972678,0.644791667,2,0.032586558,brand,second,high
8378,1,6,1,1,-0.328532236,1.306693989,1.644791667,3,1.953156823,rep,third,high
8378,2,6,1,1,-0.328532236,1.306693989,1.644791667,2,1.474541752,pop,second,high
8378,3,6,1,0,-0.328532236,1.306693989,1.644791667,1,1.032586558,brand,first,high
8379,1,6,0,1,0.671467764,0.973360656,1.019791667,3,1.953156823,rep,third,low
8379,2,7,1,1,0.671467764,0.973360656,1.019791667,2,2.474541752,pop,second,high
8379,3,6,1,1,0.671467764,0.973360656,1.019791667,1,1.032586558,brand,first,high
8380,1,4,0,1,0.338134431,-1.693306011,0.019791667,1,-0.046843177,rep,first,low
8380,2,7,0,0,0.338134431,-1.693306011,0.019791667,3,2.474541752,pop,third,low
8380,3,6,0,1,0.338134431,-1.693306011,0.019791667,2,1.032586558,brand,second,low
8381,1,5,1,1,-0.995198903,0.306693989,0.519791667,3,0.953156823,rep,third,high
8381,2,4,0,0,-0.995198903,0.306693989,0.519791667,1,-0.525458248,pop,first,low
8381,3,5,0,1,-0.995198903,0.306693989,0.519791667,2,0.032586558,brand,second,low
8382,1,6,1,0,0.671467764,-0.693306011,-0.605208333,3,1.953156823,rep,third,high
8382,2,4,0,0,0.671467764,-0.693306011,-0.605208333,1,-0.525458248,pop,first,low
8382,3,5,1,1,0.671467764,-0.693306011,-0.605208333,2,0.032586558,brand,second,high
8383,1,6,1,1,0.004801097,-0.026639344,0.519791667,3,1.953156823,rep,third,high
8383,2,6,0,1,0.004801097,-0.026639344,0.519791667,1,1.474541752,pop,first,low
8383,3,7,0,1,0.004801097,-0.026639344,0.519791667,2,2.032586558,brand,second,low
8384,1,6,1,1,1.671467764,2.306693989,2.144791667,3,1.953156823,rep,third,high
8384,2,7,0,1,1.671467764,2.306693989,2.144791667,1,2.474541752,pop,first,low
8384,3,7,0,1,1.671467764,2.306693989,2.144791667,2,2.032586558,brand,second,low
8385,1,2,0,1,1.004801097,-0.359972678,1.394791667,2,-2.046843177,rep,second,low
8385,2,6,1,1,1.004801097,-0.359972678,1.394791667,3,1.474541752,pop,third,high
8385,3,4,0,1,1.004801097,-0.359972678,1.394791667,1,-0.967413442,brand,first,low
8386,1,6,1,1,-0.995198903,-0.026639344,-1.230208333,1,1.953156823,rep,first,high
8386,2,3,0,1,-0.995198903,-0.026639344,-1.230208333,3,-1.525458248,pop,third,low
8386,3,5,0,0,-0.995198903,-0.026639344,-1.230208333,2,0.032586558,brand,second,low
8387,1,4,1,1,-0.661865569,1.306693989,-1.605208333,3,-0.046843177,rep,third,high
8387,2,4,0,0,-0.661865569,1.306693989,-1.605208333,1,-0.525458248,pop,first,low
8387,3,6,1,1,-0.661865569,1.306693989,-1.605208333,2,1.032586558,brand,second,high
8389,1,4,0,1,-1.661865569,1.973360656,-4.480208333,2,-0.046843177,rep,second,low
8389,2,4,0,0,-1.661865569,1.973360656,-4.480208333,1,-0.525458248,pop,first,low
8389,3,4,1,1,-1.661865569,1.973360656,-4.480208333,3,-0.967413442,brand,third,high
8390,1,7,1,1,1.004801097,-2.026639344,0.519791667,3,2.953156823,rep,third,high
8390,2,6,0,1,1.004801097,-2.026639344,0.519791667,1,1.474541752,pop,first,low
8390,3,7,1,1,1.004801097,-2.026639344,0.519791667,2,2.032586558,brand,second,high
8391,1,4,0,0,-0.995198903,-1.693306011,-0.605208333,3,-0.046843177,rep,third,low
8391,2,4,0,0,-0.995198903,-1.693306011,-0.605208333,2,-0.525458248,pop,second,low
8391,3,4,1,1,-0.995198903,-1.693306011,-0.605208333,1,-0.967413442,brand,first,high
8392,1,6,1,1,0.671467764,-3.026639344,0.644791667,2,1.953156823,rep,second,high
8392,2,5,1,1,0.671467764,-3.026639344,0.644791667,1,0.474541752,pop,first,high
8392,3,6,1,0,0.671467764,-3.026639344,0.644791667,3,1.032586558,brand,third,high
8393,1,4,1,1,-0.328532236,0.640027322,0.644791667,3,-0.046843177,rep,third,high
8393,2,5,1,1,-0.328532236,0.640027322,0.644791667,1,0.474541752,pop,first,high
8393,3,4,1,1,-0.328532236,0.640027322,0.644791667,2,-0.967413442,brand,second,high
8394,1,4,0,0,1.004801097,1.640027322,1.894791667,1,-0.046843177,rep,first,low
8394,2,2,1,0,1.004801097,1.640027322,1.894791667,2,-2.525458248,pop,second,high
8394,3,4,0,0,1.004801097,1.640027322,1.894791667,3,-0.967413442,brand,third,low
8396,1,6,1,1,-0.328532236,0.306693989,0.019791667,3,1.953156823,rep,third,high
8396,2,3,0,1,-0.328532236,0.306693989,0.019791667,1,-1.525458248,pop,first,low
8396,3,5,1,1,-0.328532236,0.306693989,0.019791667,2,0.032586558,brand,second,high
8397,1,7,1,1,1.671467764,0.306693989,-0.480208333,3,2.953156823,rep,third,high
8397,2,7,0,1,1.671467764,0.306693989,-0.480208333,1,2.474541752,pop,first,low
8397,3,7,0,0,1.671467764,0.306693989,-0.480208333,2,2.032586558,brand,second,low
8398,1,5,0,1,0.338134431,-1.693306011,-0.105208333,2,0.953156823,rep,second,low
8398,2,6,0,0,0.338134431,-1.693306011,-0.105208333,1,1.474541752,pop,first,low
8398,3,7,1,1,0.338134431,-1.693306011,-0.105208333,3,2.032586558,brand,third,high
8399,1,6,1,1,-0.995198903,-4.693306011,-0.355208333,3,1.953156823,rep,third,high
8399,2,6,0,1,-0.995198903,-4.693306011,-0.355208333,1,1.474541752,pop,first,low
8399,3,6,0,1,-0.995198903,-4.693306011,-0.355208333,2,1.032586558,brand,second,low
8401,1,1,0,0,-1.328532236,2.306693989,-2.355208333,3,-3.046843177,rep,third,low
8401,2,1,0,0,-1.328532236,2.306693989,-2.355208333,1,-3.525458248,pop,first,low
8401,3,1,1,1,-1.328532236,2.306693989,-2.355208333,2,-3.967413442,brand,second,high
8402,1,1,1,0,0.671467764,1.306693989,1.144791667,3,-3.046843177,rep,third,high
8402,2,5,1,0,0.671467764,1.306693989,1.144791667,1,0.474541752,pop,first,high
8402,3,2,0,1,0.671467764,1.306693989,1.144791667,2,-2.967413442,brand,second,low
8403,1,4,1,1,-0.995198903,0.306693989,-0.605208333,1,-0.046843177,rep,first,high
8403,2,4,0,1,-0.995198903,0.306693989,-0.605208333,2,-0.525458248,pop,second,low
8403,3,4,0,0,-0.995198903,0.306693989,-0.605208333,3,-0.967413442,brand,third,low
8404,1,5,0,1,1.671467764,1.306693989,0.894791667,1,0.953156823,rep,first,low
8404,2,6,0,1,1.671467764,1.306693989,0.894791667,3,1.474541752,pop,third,low
8404,3,4,0,0,1.671467764,1.306693989,0.894791667,2,-0.967413442,brand,second,low
8405,1,6,0,1,0.004801097,-0.359972678,1.394791667,3,1.953156823,rep,third,low
8405,2,7,1,1,0.004801097,-0.359972678,1.394791667,1,2.474541752,pop,first,high
8405,3,6,1,1,0.004801097,-0.359972678,1.394791667,2,1.032586558,brand,second,high
8406,1,2,0,1,1.338134431,0.973360656,-0.230208333,3,-2.046843177,rep,third,low
8406,2,4,0,1,1.338134431,0.973360656,-0.230208333,1,-0.525458248,pop,first,low
8406,3,5,1,1,1.338134431,0.973360656,-0.230208333,2,0.032586558,brand,second,high
8407,1,4,1,0,-0.661865569,-1.026639344,-0.105208333,2,-0.046843177,rep,second,high
8407,2,5,1,0,-0.661865569,-1.026639344,-0.105208333,1,0.474541752,pop,first,high
8407,3,6,0,0,-0.661865569,-1.026639344,-0.105208333,3,1.032586558,brand,third,low
8408,1,2,1,0,0.671467764,-2.359972678,0.269791667,2,-2.046843177,rep,second,high
8408,2,5,0,0,0.671467764,-2.359972678,0.269791667,1,0.474541752,pop,first,low
8408,3,3,0,1,0.671467764,-2.359972678,0.269791667,3,-1.967413442,brand,third,low
8409,1,4,0,1,-0.661865569,0.306693989,-0.480208333,2,-0.046843177,rep,second,low
8409,2,4,1,1,-0.661865569,0.306693989,-0.480208333,1,-0.525458248,pop,first,high
8409,3,4,0,1,-0.661865569,0.306693989,-0.480208333,3,-0.967413442,brand,third,low
8410,1,6,0,1,1.004801097,0.306693989,0.894791667,2,1.953156823,rep,second,low
8410,2,5,0,1,1.004801097,0.306693989,0.894791667,1,0.474541752,pop,first,low
8410,3,4,0,0,1.004801097,0.306693989,0.894791667,3,-0.967413442,brand,third,low
8412,1,7,1,1,0.671467764,0.640027322,1.019791667,3,2.953156823,rep,third,high
8412,2,7,0,1,0.671467764,0.640027322,1.019791667,1,2.474541752,pop,first,low
8412,3,7,1,0,0.671467764,0.640027322,1.019791667,2,2.032586558,brand,second,high
8413,1,5,1,0,0.671467764,-0.359972678,1.644791667,2,0.953156823,rep,second,high
8413,2,5,0,1,0.671467764,-0.359972678,1.644791667,3,0.474541752,pop,third,low
8413,3,7,1,1,0.671467764,-0.359972678,1.644791667,1,2.032586558,brand,first,high
8414,1,6,1,1,1.004801097,2.306693989,0.769791667,2,1.953156823,rep,second,high
8414,2,6,1,1,1.004801097,2.306693989,0.769791667,1,1.474541752,pop,first,high
8414,3,7,1,0,1.004801097,2.306693989,0.769791667,3,2.032586558,brand,third,high
8415,1,4,1,0,1.004801097,0.973360656,-0.480208333,1,-0.046843177,rep,first,high
8415,2,2,1,0,1.004801097,0.973360656,-0.480208333,2,-2.525458248,pop,second,high
8415,3,2,1,0,1.004801097,0.973360656,-0.480208333,3,-2.967413442,brand,third,high
8419,1,5,1,1,-1.328532236,-0.359972678,-0.230208333,2,0.953156823,rep,second,high
8419,2,5,0,1,-1.328532236,-0.359972678,-0.230208333,1,0.474541752,pop,first,low
8419,3,4,0,0,-1.328532236,-0.359972678,-0.230208333,3,-0.967413442,brand,third,low
8420,1,7,1,1,0.671467764,0.306693989,1.019791667,2,2.953156823,rep,second,high
8420,2,7,0,0,0.671467764,0.306693989,1.019791667,3,2.474541752,pop,third,low
8420,3,7,1,1,0.671467764,0.306693989,1.019791667,1,2.032586558,brand,first,high
8421,1,6,1,1,-2.661865569,0.640027322,0.144791667,3,1.953156823,rep,third,high
8421,2,6,0,1,-2.661865569,0.640027322,0.144791667,2,1.474541752,pop,second,low
8421,3,5,0,0,-2.661865569,0.640027322,0.144791667,1,0.032586558,brand,first,low
8423,1,4,1,1,-1.661865569,-1.359972678,-1.480208333,1,-0.046843177,rep,first,high
8423,2,4,0,0,-1.661865569,-1.359972678,-1.480208333,2,-0.525458248,pop,second,low
8423,3,4,0,0,-1.661865569,-1.359972678,-1.480208333,3,-0.967413442,brand,third,low
8425,1,6,1,1,1.671467764,-0.693306011,0.519791667,1,1.953156823,rep,first,high
8425,2,6,1,1,1.671467764,-0.693306011,0.519791667,2,1.474541752,pop,second,high
8425,3,6,1,0,1.671467764,-0.693306011,0.519791667,3,1.032586558,brand,third,high
8427,1,4,1,0,-1.328532236,-0.359972678,0.019791667,2,-0.046843177,rep,second,high
8427,2,4,1,1,-1.328532236,-0.359972678,0.019791667,3,-0.525458248,pop,third,high
8427,3,5,1,1,-1.328532236,-0.359972678,0.019791667,1,0.032586558,brand,first,high
8428,1,4,0,0,0.338134431,0.306693989,-0.730208333,2,-0.046843177,rep,second,low
8428,2,4,0,1,0.338134431,0.306693989,-0.730208333,3,-0.525458248,pop,third,low
8428,3,4,1,0,0.338134431,0.306693989,-0.730208333,1,-0.967413442,brand,first,high
8429,1,5,0,0,0.671467764,0.973360656,-0.355208333,1,0.953156823,rep,first,low
8429,2,6,0,1,0.671467764,0.973360656,-0.355208333,3,1.474541752,pop,third,low
8429,3,6,1,1,0.671467764,0.973360656,-0.355208333,2,1.032586558,brand,second,high
8430,1,3,1,1,0.671467764,-0.693306011,-0.730208333,2,-1.046843177,rep,second,high
8430,2,7,1,1,0.671467764,-0.693306011,-0.730208333,1,2.474541752,pop,first,high
8430,3,4,0,1,0.671467764,-0.693306011,-0.730208333,3,-0.967413442,brand,third,low
8431,1,3,0,1,-0.328532236,0.640027322,2.144791667,3,-1.046843177,rep,third,low
8431,2,5,1,0,-0.328532236,0.640027322,2.144791667,1,0.474541752,pop,first,high
8431,3,5,0,0,-0.328532236,0.640027322,2.144791667,2,0.032586558,brand,second,low
8433,1,3,0,1,0.671467764,1.306693989,-1.105208333,3,-1.046843177,rep,third,low
8433,2,6,0,0,0.671467764,1.306693989,-1.105208333,2,1.474541752,pop,second,low
8433,3,6,1,1,0.671467764,1.306693989,-1.105208333,1,1.032586558,brand,first,high
8434,1,5,1,1,-1.328532236,-3.693306011,-0.980208333,3,0.953156823,rep,third,high
8434,2,3,1,0,-1.328532236,-3.693306011,-0.980208333,2,-1.525458248,pop,second,high
8434,3,6,1,1,-1.328532236,-3.693306011,-0.980208333,1,1.032586558,brand,first,high
8435,1,6,1,1,0.004801097,-2.026639344,0.269791667,3,1.953156823,rep,third,high
8435,2,7,1,1,0.004801097,-2.026639344,0.269791667,2,2.474541752,pop,second,high
8435,3,7,1,1,0.004801097,-2.026639344,0.269791667,1,2.032586558,brand,first,high
8437,1,4,0,1,1.671467764,0.306693989,0.269791667,3,-0.046843177,rep,third,low
8437,2,6,0,1,1.671467764,0.306693989,0.269791667,2,1.474541752,pop,second,low
8437,3,6,0,1,1.671467764,0.306693989,0.269791667,1,1.032586558,brand,first,low
8438,1,4,1,1,0.671467764,0.306693989,0.644791667,3,-0.046843177,rep,third,high
8438,2,4,1,1,0.671467764,0.306693989,0.644791667,2,-0.525458248,pop,second,high
8438,3,6,1,0,0.671467764,0.306693989,0.644791667,1,1.032586558,brand,first,high
8439,1,2,0,1,1.671467764,-0.693306011,0.144791667,1,-2.046843177,rep,first,low
8439,2,6,0,1,1.671467764,-0.693306011,0.144791667,3,1.474541752,pop,third,low
8439,3,6,0,1,1.671467764,-0.693306011,0.144791667,2,1.032586558,brand,second,low
8440,1,5,1,1,1.004801097,0.640027322,0.894791667,1,0.953156823,rep,first,high
8440,2,4,0,1,1.004801097,0.640027322,0.894791667,2,-0.525458248,pop,second,low
8440,3,5,0,1,1.004801097,0.640027322,0.894791667,3,0.032586558,brand,third,low
8441,1,1,1,1,-1.328532236,-0.693306011,-0.105208333,2,-3.046843177,rep,second,high
8441,2,3,1,0,-1.328532236,-0.693306011,-0.105208333,3,-1.525458248,pop,third,high
8441,3,1,1,0,-1.328532236,-0.693306011,-0.105208333,1,-3.967413442,brand,first,high
8442,1,4,0,1,1.671467764,1.973360656,0.269791667,1,-0.046843177,rep,first,low
8442,2,5,1,0,1.671467764,1.973360656,0.269791667,3,0.474541752,pop,third,high
8442,3,5,1,1,1.671467764,1.973360656,0.269791667,2,0.032586558,brand,second,high
8443,1,2,0,1,1.338134431,2.306693989,2.019791667,3,-2.046843177,rep,third,low
8443,2,6,1,1,1.338134431,2.306693989,2.019791667,1,1.474541752,pop,first,high
8443,3,1,0,1,1.338134431,2.306693989,2.019791667,2,-3.967413442,brand,second,low
8444,1,2,0,1,0.004801097,-1.359972678,-0.480208333,2,-2.046843177,rep,second,low
8444,2,4,1,0,0.004801097,-1.359972678,-0.480208333,1,-0.525458248,pop,first,high
8444,3,3,0,1,0.004801097,-1.359972678,-0.480208333,3,-1.967413442,brand,third,low
8445,1,4,0,0,1.338134431,-1.693306011,-1.230208333,3,-0.046843177,rep,third,low
8445,2,4,0,1,1.338134431,-1.693306011,-1.230208333,2,-0.525458248,pop,second,low
8445,3,6,1,1,1.338134431,-1.693306011,-1.230208333,1,1.032586558,brand,first,high
8446,1,5,0,1,-1.661865569,-1.693306011,-0.980208333,3,0.953156823,rep,third,low
8446,2,6,1,1,-1.661865569,-1.693306011,-0.980208333,2,1.474541752,pop,second,high
8446,3,6,0,1,-1.661865569,-1.693306011,-0.980208333,1,1.032586558,brand,first,low
8447,1,2,0,1,-0.661865569,0.306693989,0.769791667,3,-2.046843177,rep,third,low
8447,2,1,0,1,-0.661865569,0.306693989,0.769791667,1,-3.525458248,pop,first,low
8447,3,5,1,1,-0.661865569,0.306693989,0.769791667,2,0.032586558,brand,second,high
8448,1,5,0,1,1.004801097,1.306693989,0.644791667,2,0.953156823,rep,second,low
8448,2,4,0,0,1.004801097,1.306693989,0.644791667,3,-0.525458248,pop,third,low
8448,3,4,0,1,1.004801097,1.306693989,0.644791667,1,-0.967413442,brand,first,low
8449,1,7,1,1,0.004801097,1.973360656,0.269791667,3,2.953156823,rep,third,high
8449,2,6,0,1,0.004801097,1.973360656,0.269791667,1,1.474541752,pop,first,low
8449,3,6,0,0,0.004801097,1.973360656,0.269791667,2,1.032586558,brand,second,low
8450,1,7,1,1,0.004801097,1.640027322,-0.605208333,2,2.953156823,rep,second,high
8450,2,3,0,1,0.004801097,1.640027322,-0.605208333,3,-1.525458248,pop,third,low
8450,3,7,0,1,0.004801097,1.640027322,-0.605208333,1,2.032586558,brand,first,low
8451,1,5,1,1,0.004801097,-1.693306011,0.519791667,1,0.953156823,rep,first,high
8451,2,6,0,1,0.004801097,-1.693306011,0.519791667,3,1.474541752,pop,third,low
8451,3,5,0,1,0.004801097,-1.693306011,0.519791667,2,0.032586558,brand,second,low
8452,1,4,0,1,-0.328532236,-0.693306011,-0.980208333,2,-0.046843177,rep,second,low
8452,2,7,1,1,-0.328532236,-0.693306011,-0.980208333,1,2.474541752,pop,first,high
8452,3,6,0,0,-0.328532236,-0.693306011,-0.980208333,3,1.032586558,brand,third,low
8453,1,5,0,1,0.671467764,-0.026639344,0.144791667,1,0.953156823,rep,first,low
8453,2,5,1,1,0.671467764,-0.026639344,0.144791667,3,0.474541752,pop,third,high
8453,3,5,0,0,0.671467764,-0.026639344,0.144791667,2,0.032586558,brand,second,low
8454,1,6,1,1,-1.328532236,-0.693306011,0.269791667,2,1.953156823,rep,second,high
8454,2,7,1,1,-1.328532236,-0.693306011,0.269791667,3,2.474541752,pop,third,high
8454,3,7,1,1,-1.328532236,-0.693306011,0.269791667,1,2.032586558,brand,first,high
8455,1,4,1,1,0.338134431,1.973360656,-1.355208333,2,-0.046843177,rep,second,high
8455,2,5,0,0,0.338134431,1.973360656,-1.355208333,3,0.474541752,pop,third,low
8455,3,4,0,0,0.338134431,1.973360656,-1.355208333,1,-0.967413442,brand,first,low
8456,1,6,0,1,1.338134431,-1.026639344,0.394791667,1,1.953156823,rep,first,low
8456,2,7,1,1,1.338134431,-1.026639344,0.394791667,3,2.474541752,pop,third,high
8456,3,7,1,0,1.338134431,-1.026639344,0.394791667,2,2.032586558,brand,second,high
8457,1,3,0,0,0.671467764,-1.026639344,1.394791667,2,-1.046843177,rep,second,low
8457,2,6,1,1,0.671467764,-1.026639344,1.394791667,1,1.474541752,pop,first,high
8457,3,6,1,1,0.671467764,-1.026639344,1.394791667,3,1.032586558,brand,third,high
8458,1,5,1,1,0.671467764,0.973360656,-0.480208333,2,0.953156823,rep,second,high
8458,2,7,1,1,0.671467764,0.973360656,-0.480208333,1,2.474541752,pop,first,high
8458,3,5,0,1,0.671467764,0.973360656,-0.480208333,3,0.032586558,brand,third,low
8459,1,7,1,0,1.671467764,2.306693989,0.894791667,2,2.953156823,rep,second,high
8459,2,5,1,0,1.671467764,2.306693989,0.894791667,1,0.474541752,pop,first,high
8459,3,6,0,0,1.671467764,2.306693989,0.894791667,3,1.032586558,brand,third,low
8460,1,3,0,1,0.671467764,-0.359972678,1.269791667,2,-1.046843177,rep,second,low
8460,2,6,1,1,0.671467764,-0.359972678,1.269791667,1,1.474541752,pop,first,high
8460,3,6,0,1,0.671467764,-0.359972678,1.269791667,3,1.032586558,brand,third,low
8461,1,6,0,0,1.671467764,2.306693989,2.144791667,1,1.953156823,rep,first,low
8461,2,7,1,1,1.671467764,2.306693989,2.144791667,2,2.474541752,pop,second,high
8461,3,7,0,0,1.671467764,2.306693989,2.144791667,3,2.032586558,brand,third,low
8462,1,5,1,1,-1.328532236,-0.026639344,0.269791667,3,0.953156823,rep,third,high
8462,2,5,0,1,-1.328532236,-0.026639344,0.269791667,2,0.474541752,pop,second,low
8462,3,6,1,1,-1.328532236,-0.026639344,0.269791667,1,1.032586558,brand,first,high
8463,1,3,0,1,0.338134431,-0.026639344,1.394791667,3,-1.046843177,rep,third,low
8463,2,3,1,0,0.338134431,-0.026639344,1.394791667,2,-1.525458248,pop,second,high
8463,3,3,0,0,0.338134431,-0.026639344,1.394791667,1,-1.967413442,brand,first,low
8464,1,6,1,1,-0.661865569,0.640027322,0.644791667,2,1.953156823,rep,second,high
8464,2,6,0,1,-0.661865569,0.640027322,0.644791667,1,1.474541752,pop,first,low
8464,3,3,1,0,-0.661865569,0.640027322,0.644791667,3,-1.967413442,brand,third,high
8465,1,5,1,1,0.338134431,-1.359972678,0.519791667,1,0.953156823,rep,first,high
8465,2,4,0,1,0.338134431,-1.359972678,0.519791667,3,-0.525458248,pop,third,low
8465,3,6,1,1,0.338134431,-1.359972678,0.519791667,2,1.032586558,brand,second,high
8466,1,2,1,1,1.004801097,-1.693306011,0.894791667,1,-2.046843177,rep,first,high
8466,2,5,1,0,1.004801097,-1.693306011,0.894791667,2,0.474541752,pop,second,high
8466,3,5,0,1,1.004801097,-1.693306011,0.894791667,3,0.032586558,brand,third,low
8467,1,7,1,1,0.671467764,0.973360656,0.519791667,1,2.953156823,rep,first,high
8467,2,1,0,1,0.671467764,0.973360656,0.519791667,3,-3.525458248,pop,third,low
8467,3,3,1,0,0.671467764,0.973360656,0.519791667,2,-1.967413442,brand,second,high
8468,1,3,0,1,1.338134431,0.640027322,0.644791667,2,-1.046843177,rep,second,low
8468,2,7,1,1,1.338134431,0.640027322,0.644791667,1,2.474541752,pop,first,high
8468,3,4,0,0,1.338134431,0.640027322,0.644791667,3,-0.967413442,brand,third,low
8469,1,5,0,1,0.338134431,0.306693989,-4.480208333,2,0.953156823,rep,second,low
8469,2,2,0,1,0.338134431,0.306693989,-4.480208333,1,-2.525458248,pop,first,low
8469,3,6,0,0,0.338134431,0.306693989,-4.480208333,3,1.032586558,brand,third,low
8470,1,6,0,1,0.671467764,1.306693989,0.144791667,2,1.953156823,rep,second,low
8470,2,5,0,0,0.671467764,1.306693989,0.144791667,1,0.474541752,pop,first,low
8470,3,2,0,1,0.671467764,1.306693989,0.144791667,3,-2.967413442,brand,third,low
8471,1,3,0,1,-0.995198903,-1.026639344,-0.355208333,1,-1.046843177,rep,first,low
8471,2,3,0,0,-0.995198903,-1.026639344,-0.355208333,2,-1.525458248,pop,second,low
8471,3,2,1,1,-0.995198903,-1.026639344,-0.355208333,3,-2.967413442,brand,third,high
8472,1,2,1,1,0.004801097,-1.359972678,-0.230208333,3,-2.046843177,rep,third,high
8472,2,4,1,0,0.004801097,-1.359972678,-0.230208333,1,-0.525458248,pop,first,high
8472,3,3,0,1,0.004801097,-1.359972678,-0.230208333,2,-1.967413442,brand,second,low
8473,1,5,1,1,1.004801097,2.306693989,-1.230208333,1,0.953156823,rep,first,high
8473,2,7,0,1,1.004801097,2.306693989,-1.230208333,2,2.474541752,pop,second,low
8473,3,7,1,1,1.004801097,2.306693989,-1.230208333,3,2.032586558,brand,third,high
8474,1,3,1,1,0.338134431,0.640027322,-1.105208333,3,-1.046843177,rep,third,high
8474,2,5,1,0,0.338134431,0.640027322,-1.105208333,2,0.474541752,pop,second,high
8474,3,2,0,1,0.338134431,0.640027322,-1.105208333,1,-2.967413442,brand,first,low
8475,1,4,0,1,0.671467764,-2.693306011,-0.355208333,3,-0.046843177,rep,third,low
8475,2,4,1,0,0.671467764,-2.693306011,-0.355208333,2,-0.525458248,pop,second,high
8475,3,4,0,1,0.671467764,-2.693306011,-0.355208333,1,-0.967413442,brand,first,low
8476,1,3,0,1,-0.328532236,0.973360656,-0.480208333,3,-1.046843177,rep,third,low
8476,2,5,0,1,-0.328532236,0.973360656,-0.480208333,2,0.474541752,pop,second,low
8476,3,4,1,0,-0.328532236,0.973360656,-0.480208333,1,-0.967413442,brand,first,high
8477,1,5,0,1,-0.995198903,-1.026639344,-0.480208333,1,0.953156823,rep,first,low
8477,2,5,1,1,-0.995198903,-1.026639344,-0.480208333,3,0.474541752,pop,third,high
8477,3,3,1,1,-0.995198903,-1.026639344,-0.480208333,2,-1.967413442,brand,second,high
8478,1,5,0,1,0.004801097,1.306693989,0.019791667,2,0.953156823,rep,second,low
8478,2,6,1,0,0.004801097,1.306693989,0.019791667,3,1.474541752,pop,third,high
8478,3,2,0,0,0.004801097,1.306693989,0.019791667,1,-2.967413442,brand,first,low
8479,1,2,0,1,1.671467764,0.973360656,0.519791667,1,-2.046843177,rep,first,low
8479,2,5,1,1,1.671467764,0.973360656,0.519791667,2,0.474541752,pop,second,high
8479,3,4,0,0,1.671467764,0.973360656,0.519791667,3,-0.967413442,brand,third,low
8480,1,5,0,1,1.004801097,0.973360656,-0.730208333,1,0.953156823,rep,first,low
8480,2,4,0,0,1.004801097,0.973360656,-0.730208333,2,-0.525458248,pop,second,low
8480,3,7,1,1,1.004801097,0.973360656,-0.730208333,3,2.032586558,brand,third,high
8481,1,7,1,0,1.671467764,2.306693989,1.894791667,1,2.953156823,rep,first,high
8481,2,7,1,0,1.671467764,2.306693989,1.894791667,2,2.474541752,pop,second,high
8481,3,7,1,1,1.671467764,2.306693989,1.894791667,3,2.032586558,brand,third,high
8482,1,3,1,0,1.004801097,1.306693989,1.394791667,2,-1.046843177,rep,second,high
8482,2,5,1,0,1.004801097,1.306693989,1.394791667,3,0.474541752,pop,third,high
8482,3,1,0,1,1.004801097,1.306693989,1.394791667,1,-3.967413442,brand,first,low
8483,1,6,1,1,-0.995198903,0.640027322,-0.105208333,1,1.953156823,rep,first,high
8483,2,3,1,1,-0.995198903,0.640027322,-0.105208333,3,-1.525458248,pop,third,high
8483,3,6,1,1,-0.995198903,0.640027322,-0.105208333,2,1.032586558,brand,second,high
8484,1,2,0,1,0.671467764,-0.693306011,-0.230208333,3,-2.046843177,rep,third,low
8484,2,6,1,0,0.671467764,-0.693306011,-0.230208333,2,1.474541752,pop,second,high
8484,3,6,1,1,0.671467764,-0.693306011,-0.230208333,1,1.032586558,brand,first,high
8485,1,5,0,1,-0.328532236,1.306693989,-0.230208333,3,0.953156823,rep,third,low
8485,2,4,0,1,-0.328532236,1.306693989,-0.230208333,1,-0.525458248,pop,first,low
8485,3,5,1,0,-0.328532236,1.306693989,-0.230208333,2,0.032586558,brand,second,high
8486,1,1,0,0,-0.328532236,-0.359972678,-0.355208333,2,-3.046843177,rep,second,low
8486,2,5,1,0,-0.328532236,-0.359972678,-0.355208333,3,0.474541752,pop,third,high
8486,3,7,1,1,-0.328532236,-0.359972678,-0.355208333,1,2.032586558,brand,first,high
8487,1,4,0,1,0.004801097,0.640027322,0.269791667,3,-0.046843177,rep,third,low
8487,2,4,0,1,0.004801097,0.640027322,0.269791667,1,-0.525458248,pop,first,low
8487,3,4,0,1,0.004801097,0.640027322,0.269791667,2,-0.967413442,brand,second,low
8488,1,4,0,0,1.004801097,2.306693989,-0.105208333,3,-0.046843177,rep,third,low
8488,2,4,0,0,1.004801097,2.306693989,-0.105208333,1,-0.525458248,pop,first,low
8488,3,4,1,0,1.004801097,2.306693989,-0.105208333,2,-0.967413442,brand,second,high
8489,1,6,0,1,0.004801097,1.973360656,0.394791667,3,1.953156823,rep,third,low
8489,2,6,1,1,0.004801097,1.973360656,0.394791667,1,1.474541752,pop,first,high
8489,3,6,0,1,0.004801097,1.973360656,0.394791667,2,1.032586558,brand,second,low
8490,1,2,0,1,0.004801097,0.973360656,0.269791667,3,-2.046843177,rep,third,low
8490,2,5,1,1,0.004801097,0.973360656,0.269791667,2,0.474541752,pop,second,high
8490,3,6,0,1,0.004801097,0.973360656,0.269791667,1,1.032586558,brand,first,low
8491,1,6,1,0,-1.328532236,-2.359972678,1.019791667,3,1.953156823,rep,third,high
8491,2,5,1,0,-1.328532236,-2.359972678,1.019791667,1,0.474541752,pop,first,high
8491,3,2,0,0,-1.328532236,-2.359972678,1.019791667,2,-2.967413442,brand,second,low
8492,1,5,1,1,1.338134431,0.973360656,-0.605208333,1,0.953156823,rep,first,high
8492,2,4,1,1,1.338134431,0.973360656,-0.605208333,2,-0.525458248,pop,second,high
8492,3,3,0,1,1.338134431,0.973360656,-0.605208333,3,-1.967413442,brand,third,low
8493,1,2,0,1,0.004801097,-0.359972678,-1.355208333,2,-2.046843177,rep,second,low
8493,2,5,1,1,0.004801097,-0.359972678,-1.355208333,1,0.474541752,pop,first,high
8493,3,6,0,1,0.004801097,-0.359972678,-1.355208333,3,1.032586558,brand,third,low
8494,1,5,0,1,-0.661865569,-0.026639344,-0.355208333,2,0.953156823,rep,second,low
8494,2,5,0,1,-0.661865569,-0.026639344,-0.355208333,3,0.474541752,pop,third,low
8494,3,7,1,1,-0.661865569,-0.026639344,-0.355208333,1,2.032586558,brand,first,high
8495,1,2,0,1,1.338134431,1.640027322,-0.230208333,2,-2.046843177,rep,second,low
8495,2,2,0,1,1.338134431,1.640027322,-0.230208333,3,-2.525458248,pop,third,low
8495,3,6,1,1,1.338134431,1.640027322,-0.230208333,1,1.032586558,brand,first,high
8496,1,3,0,1,1.671467764,1.306693989,1.144791667,1,-1.046843177,rep,first,low
8496,2,4,1,1,1.671467764,1.306693989,1.144791667,2,-0.525458248,pop,second,high
8496,3,6,1,1,1.671467764,1.306693989,1.144791667,3,1.032586558,brand,third,high
8497,1,2,1,1,1.004801097,1.306693989,1.644791667,2,-2.046843177,rep,second,high
8497,2,6,0,1,1.004801097,1.306693989,1.644791667,1,1.474541752,pop,first,low
8497,3,5,1,1,1.004801097,1.306693989,1.644791667,3,0.032586558,brand,third,high
8498,1,1,1,1,-0.328532236,2.306693989,0.894791667,2,-3.046843177,rep,second,high
8498,2,1,1,0,-0.328532236,2.306693989,0.894791667,1,-3.525458248,pop,first,high
8498,3,7,1,1,-0.328532236,2.306693989,0.894791667,3,2.032586558,brand,third,high
8499,1,6,1,1,0.004801097,-1.359972678,0.019791667,1,1.953156823,rep,first,high
8499,2,7,1,1,0.004801097,-1.359972678,0.019791667,3,2.474541752,pop,third,high
8499,3,7,1,1,0.004801097,-1.359972678,0.019791667,2,2.032586558,brand,second,high
