lfdn,i,y_i,x_i,man_check_i,inv_app_mc,inv_dl_mc,inv_cat_mc,n,y_i_mc,i_name
6943,1,2,0,1,0.004801097,0.640027322,0.019791667,3,-2.046843177,rep
7945,1,5,1,1,0.671467764,-0.026639344,-0.105208333,1,0.953156823,rep
7946,1,3,0,1,-0.661865569,0.306693989,0.144791667,2,-1.046843177,rep
7947,1,2,0,0,1.671467764,-1.359972678,0.394791667,2,-2.046843177,rep
7948,1,2,1,1,1.671467764,0.973360656,0.269791667,2,-2.046843177,rep
7949,1,2,0,1,1.338134431,-0.693306011,2.519791667,3,-2.046843177,rep
7950,1,6,1,1,0.004801097,-0.026639344,-0.230208333,2,1.953156823,rep
7951,1,6,1,0,0.671467764,0.640027322,-0.605208333,3,1.953156823,rep
7952,1,6,0,1,1.338134431,0.640027322,0.769791667,3,1.953156823,rep
7953,1,6,1,0,1.004801097,1.306693989,2.394791667,2,1.953156823,rep
7954,1,4,0,1,0.004801097,-1.693306011,0.769791667,3,-0.046843177,rep
7955,1,6,1,1,-1.328532236,0.973360656,0.894791667,3,1.953156823,rep
7956,1,4,0,0,0.004801097,-0.693306011,-0.355208333,3,-0.046843177,rep
7957,1,5,1,1,1.338134431,1.973360656,-0.855208333,3,0.953156823,rep
7958,1,6,1,1,-1.328532236,-0.359972678,0.644791667,1,1.953156823,rep
7959,1,5,0,1,-0.328532236,-0.359972678,0.519791667,1,0.953156823,rep
7960,1,4,1,0,-0.661865569,-0.359972678,-0.605208333,3,-0.046843177,rep
7961,1,5,0,1,0.004801097,0.306693989,0.519791667,1,0.953156823,rep
7963,1,1,0,1,0.004801097,1.306693989,-0.480208333,3,-3.046843177,rep
7965,1,4,1,1,0.004801097,-0.359972678,-1.105208333,3,-0.046843177,rep
7966,1,6,1,1,0.004801097,0.973360656,-0.355208333,1,1.953156823,rep
7967,1,4,1,1,1.004801097,-1.359972678,-0.855208333,2,-0.046843177,rep
7969,1,4,1,1,-2.328532236,-1.026639344,-1.105208333,3,-0.046843177,rep
7970,1,1,1,1,1.671467764,0.306693989,-1.230208333,2,-3.046843177,rep
7971,1,1,0,1,-5.328532236,-4.693306011,-0.355208333,1,-3.046843177,rep
7972,1,3,1,0,-0.995198903,0.306693989,-0.730208333,2,-1.046843177,rep
7974,1,2,1,1,0.338134431,1.306693989,1.894791667,3,-2.046843177,rep
7975,1,4,0,1,1.004801097,1.306693989,1.519791667,2,-0.046843177,rep
7976,1,4,1,0,0.004801097,-0.026639344,1.519791667,3,-0.046843177,rep
7977,1,4,1,0,-2.661865569,-1.026639344,0.144791667,3,-0.046843177,rep
7978,1,3,1,1,-0.328532236,-0.359972678,-0.605208333,1,-1.046843177,rep
7979,1,3,0,1,0.004801097,1.973360656,-0.480208333,3,-1.046843177,rep
7980,1,5,0,1,0.338134431,-0.026639344,-0.605208333,3,0.953156823,rep
7981,1,4,1,1,1.338134431,-1.359972678,2.519791667,3,-0.046843177,rep
7982,1,7,1,1,0.671467764,-0.693306011,-0.105208333,1,2.953156823,rep
7983,1,2,0,1,0.671467764,0.306693989,1.519791667,3,-2.046843177,rep
7984,1,3,1,1,-2.661865569,-0.026639344,0.894791667,3,-1.046843177,rep
7985,1,3,0,1,0.338134431,-1.359972678,0.644791667,3,-1.046843177,rep
7987,1,6,0,1,0.004801097,0.306693989,-0.230208333,3,1.953156823,rep
7988,1,6,0,1,0.671467764,0.973360656,0.519791667,3,1.953156823,rep
7989,1,6,0,0,1.338134431,-0.359972678,-1.980208333,2,1.953156823,rep
7990,1,2,0,1,-2.328532236,-0.693306011,-1.605208333,1,-2.046843177,rep
7991,1,4,1,1,-0.995198903,-0.693306011,-0.105208333,1,-0.046843177,rep
7992,1,4,1,1,-0.328532236,-0.359972678,0.144791667,3,-0.046843177,rep
7993,1,3,0,1,0.004801097,-0.026639344,0.269791667,2,-1.046843177,rep
7994,1,6,0,1,0.671467764,0.973360656,-0.230208333,2,1.953156823,rep
7995,1,5,1,1,0.004801097,1.640027322,-0.605208333,1,0.953156823,rep
7996,1,1,1,1,0.004801097,-3.693306011,-0.480208333,3,-3.046843177,rep
7997,1,6,0,0,-1.995198903,-0.359972678,0.019791667,2,1.953156823,rep
7998,1,4,1,1,0.338134431,-0.359972678,-0.605208333,3,-0.046843177,rep
7999,1,6,1,1,0.671467764,0.973360656,-0.480208333,1,1.953156823,rep
8001,1,2,1,0,-1.661865569,-1.693306011,-4.480208333,2,-2.046843177,rep
8002,1,4,0,1,0.671467764,-0.026639344,0.519791667,1,-0.046843177,rep
8003,1,4,1,0,-2.661865569,-0.693306011,-1.105208333,3,-0.046843177,rep
8004,1,5,1,0,-0.661865569,-0.359972678,0.019791667,1,0.953156823,rep
8005,1,2,0,0,0.338134431,-0.693306011,0.769791667,3,-2.046843177,rep
8006,1,4,0,1,-2.328532236,1.306693989,0.769791667,2,-0.046843177,rep
8007,1,4,1,0,-0.995198903,0.640027322,-0.105208333,3,-0.046843177,rep
8008,1,6,0,0,1.338134431,2.306693989,-1.980208333,1,1.953156823,rep
8010,1,4,1,0,-0.661865569,-1.359972678,-0.480208333,1,-0.046843177,rep
8011,1,7,1,1,-0.328532236,2.306693989,-1.230208333,2,2.953156823,rep
8012,1,7,0,0,-0.328532236,2.306693989,-1.230208333,2,2.953156823,rep
8013,1,7,0,0,-0.328532236,2.306693989,-1.230208333,3,2.953156823,rep
8014,1,4,0,1,0.004801097,-1.026639344,-0.355208333,3,-0.046843177,rep
8015,1,5,0,1,-1.661865569,0.640027322,-1.230208333,3,0.953156823,rep
8016,1,4,0,1,-0.661865569,-0.359972678,-1.230208333,1,-0.046843177,rep
8017,1,6,0,0,0.004801097,0.640027322,0.394791667,1,1.953156823,rep
8018,1,3,0,1,-0.328532236,-0.026639344,0.144791667,3,-1.046843177,rep
8019,1,5,0,1,0.338134431,-0.693306011,0.394791667,1,0.953156823,rep
8020,1,5,0,1,1.338134431,-1.359972678,1.019791667,3,0.953156823,rep
8021,1,5,0,1,0.671467764,0.973360656,0.144791667,3,0.953156823,rep
8023,1,6,1,1,0.004801097,-0.693306011,-0.105208333,2,1.953156823,rep
8024,1,2,0,0,0.338134431,-1.693306011,0.144791667,3,-2.046843177,rep
8026,1,3,1,1,1.338134431,-2.693306011,-1.355208333,2,-1.046843177,rep
8027,1,6,1,1,1.004801097,-1.359972678,-0.355208333,1,1.953156823,rep
8028,1,3,1,1,0.671467764,-1.026639344,-0.605208333,2,-1.046843177,rep
8029,1,4,1,0,-0.328532236,1.306693989,-0.480208333,2,-0.046843177,rep
8030,1,7,1,1,0.338134431,0.640027322,0.019791667,2,2.953156823,rep
8031,1,4,1,1,-0.661865569,-0.359972678,0.394791667,3,-0.046843177,rep
8032,1,3,0,1,-0.661865569,1.306693989,-0.480208333,3,-1.046843177,rep
8033,1,7,1,1,0.671467764,-0.693306011,-1.355208333,3,2.953156823,rep
8034,1,3,1,1,1.004801097,0.306693989,-1.855208333,3,-1.046843177,rep
8036,1,6,1,1,0.671467764,-0.359972678,0.144791667,3,1.953156823,rep
8037,1,5,1,1,-0.995198903,-0.693306011,0.144791667,1,0.953156823,rep
8038,1,5,0,0,-1.661865569,2.306693989,0.019791667,3,0.953156823,rep
8039,1,2,1,1,-0.995198903,2.306693989,-0.855208333,2,-2.046843177,rep
8040,1,2,1,0,-0.995198903,-1.693306011,0.269791667,2,-2.046843177,rep
8041,1,5,0,1,0.004801097,0.973360656,1.519791667,2,0.953156823,rep
8042,1,2,0,0,-0.328532236,0.973360656,-1.605208333,3,-2.046843177,rep
8043,1,2,1,0,-0.661865569,-2.359972678,-0.355208333,3,-2.046843177,rep
8044,1,7,1,1,0.004801097,-1.359972678,0.144791667,3,2.953156823,rep
8045,1,5,1,1,-0.328532236,0.973360656,-0.105208333,2,0.953156823,rep
8046,1,6,1,1,-0.661865569,0.973360656,-1.855208333,2,1.953156823,rep
8047,1,1,0,1,-1.328532236,1.973360656,-0.605208333,3,-3.046843177,rep
8049,1,5,0,1,-0.995198903,0.640027322,-0.730208333,3,0.953156823,rep
8050,1,4,0,1,0.338134431,-0.359972678,-0.980208333,1,-0.046843177,rep
8052,1,4,1,1,0.338134431,-1.693306011,-1.480208333,2,-0.046843177,rep
8054,1,1,0,1,-0.995198903,-1.026639344,-0.105208333,2,-3.046843177,rep
8055,1,7,1,1,0.004801097,0.306693989,0.144791667,3,2.953156823,rep
8056,1,6,0,1,0.004801097,1.640027322,1.269791667,3,1.953156823,rep
8057,1,2,1,1,-0.661865569,1.640027322,-1.355208333,2,-2.046843177,rep
8058,1,6,1,0,0.671467764,2.306693989,-0.855208333,1,1.953156823,rep
8059,1,2,1,1,0.004801097,-1.359972678,0.019791667,1,-2.046843177,rep
8060,1,1,1,0,-0.995198903,-1.359972678,-1.605208333,2,-3.046843177,rep
8061,1,2,1,1,0.338134431,-0.026639344,-0.230208333,1,-2.046843177,rep
8062,1,2,0,1,-0.661865569,-1.026639344,0.019791667,2,-2.046843177,rep
8064,1,2,0,1,0.671467764,-1.026639344,0.644791667,2,-2.046843177,rep
8065,1,4,0,0,1.338134431,-1.693306011,-1.105208333,3,-0.046843177,rep
8066,1,5,1,1,0.338134431,0.640027322,0.894791667,2,0.953156823,rep
8067,1,3,0,0,1.004801097,0.306693989,-0.605208333,1,-1.046843177,rep
8069,1,3,0,1,0.004801097,0.973360656,-0.480208333,1,-1.046843177,rep
8070,1,2,1,1,-1.661865569,-0.026639344,-0.230208333,3,-2.046843177,rep
8071,1,3,0,0,-0.995198903,-1.026639344,-0.480208333,2,-1.046843177,rep
8072,1,4,0,0,-1.328532236,0.306693989,-0.105208333,3,-0.046843177,rep
8073,1,3,1,1,1.004801097,-1.359972678,0.144791667,2,-1.046843177,rep
8074,1,2,1,0,-2.995198903,-1.693306011,1.644791667,1,-2.046843177,rep
8075,1,2,0,1,0.671467764,0.306693989,0.644791667,2,-2.046843177,rep
8076,1,1,0,1,-0.328532236,-0.693306011,-0.980208333,2,-3.046843177,rep
8077,1,5,1,1,0.671467764,1.306693989,0.269791667,2,0.953156823,rep
8078,1,3,0,1,0.671467764,0.306693989,1.894791667,3,-1.046843177,rep
8080,1,3,1,1,0.671467764,0.306693989,0.894791667,2,-1.046843177,rep
8081,1,3,1,1,-0.661865569,-0.693306011,0.269791667,3,-1.046843177,rep
8083,1,7,1,1,0.671467764,-3.693306011,0.019791667,3,2.953156823,rep
8084,1,2,1,1,1.004801097,1.640027322,-0.730208333,3,-2.046843177,rep
8085,1,5,0,1,0.671467764,0.640027322,-0.355208333,3,0.953156823,rep
8086,1,2,0,1,1.004801097,0.973360656,1.144791667,1,-2.046843177,rep
8087,1,5,1,1,-0.661865569,-0.693306011,0.019791667,3,0.953156823,rep
8088,1,6,1,0,1.004801097,1.306693989,-0.355208333,1,1.953156823,rep
8089,1,5,1,0,-1.328532236,-0.359972678,1.894791667,1,0.953156823,rep
8090,1,1,1,1,0.004801097,0.973360656,1.519791667,1,-3.046843177,rep
8091,1,6,1,1,-1.328532236,-1.359972678,0.644791667,1,1.953156823,rep
8092,1,5,0,0,-2.328532236,-1.026639344,0.394791667,3,0.953156823,rep
8093,1,6,1,1,0.338134431,-0.693306011,0.644791667,3,1.953156823,rep
8094,1,5,1,1,-1.995198903,-0.026639344,1.519791667,2,0.953156823,rep
8095,1,4,1,1,-0.328532236,-0.026639344,-1.480208333,3,-0.046843177,rep
8096,1,2,0,1,0.004801097,0.640027322,-1.855208333,2,-2.046843177,rep
8097,1,4,0,1,-1.328532236,-0.359972678,0.269791667,3,-0.046843177,rep
8098,1,4,0,1,-0.995198903,-2.693306011,0.019791667,1,-0.046843177,rep
8099,1,6,0,0,-0.661865569,-1.359972678,0.894791667,1,1.953156823,rep
8100,1,3,0,1,0.671467764,-1.693306011,0.769791667,3,-1.046843177,rep
8101,1,2,1,0,-0.995198903,-2.026639344,0.769791667,1,-2.046843177,rep
8102,1,3,0,1,-0.328532236,-0.026639344,-1.105208333,3,-1.046843177,rep
8103,1,6,1,1,0.004801097,-1.359972678,-0.230208333,2,1.953156823,rep
8104,1,3,1,1,0.671467764,0.306693989,0.019791667,3,-1.046843177,rep
8106,1,3,0,0,-2.661865569,-2.693306011,0.394791667,3,-1.046843177,rep
8107,1,6,1,1,-0.328532236,-0.026639344,-0.730208333,2,1.953156823,rep
8108,1,4,0,1,-0.661865569,0.973360656,0.519791667,1,-0.046843177,rep
8109,1,5,1,1,-0.328532236,0.973360656,0.644791667,3,0.953156823,rep
8110,1,2,1,1,-0.328532236,-0.026639344,0.519791667,1,-2.046843177,rep
8111,1,5,1,1,0.338134431,2.306693989,0.894791667,2,0.953156823,rep
8113,1,5,1,1,0.671467764,0.973360656,0.519791667,3,0.953156823,rep
8114,1,2,0,1,0.004801097,1.306693989,-0.605208333,1,-2.046843177,rep
8115,1,2,0,1,-1.328532236,-2.359972678,-0.855208333,3,-2.046843177,rep
8116,1,7,1,1,0.671467764,-0.026639344,-2.105208333,3,2.953156823,rep
8117,1,3,1,0,-0.661865569,-0.359972678,-3.105208333,3,-1.046843177,rep
8118,1,3,0,1,-0.328532236,-1.359972678,-0.355208333,1,-1.046843177,rep
8119,1,5,1,1,-0.995198903,0.306693989,2.269791667,1,0.953156823,rep
8120,1,7,1,1,0.671467764,-0.026639344,1.269791667,3,2.953156823,rep
8121,1,2,0,1,-1.328532236,1.306693989,1.394791667,1,-2.046843177,rep
8123,1,2,0,1,-0.328532236,-0.026639344,-1.480208333,3,-2.046843177,rep
8124,1,1,0,1,-0.661865569,-0.026639344,-0.355208333,1,-3.046843177,rep
8125,1,1,0,1,0.004801097,-1.693306011,0.394791667,3,-3.046843177,rep
8126,1,3,0,1,1.671467764,-0.359972678,-2.480208333,2,-1.046843177,rep
8127,1,6,1,1,-1.328532236,0.306693989,0.144791667,1,1.953156823,rep
8128,1,5,0,1,1.338134431,-1.026639344,1.769791667,3,0.953156823,rep
8129,1,3,0,1,1.338134431,0.973360656,-0.480208333,1,-1.046843177,rep
8130,1,3,1,1,0.338134431,1.306693989,0.644791667,3,-1.046843177,rep
8131,1,4,1,1,0.671467764,0.306693989,-1.105208333,1,-0.046843177,rep
8132,1,5,0,0,0.338134431,-0.359972678,-1.230208333,1,0.953156823,rep
8133,1,5,0,0,-0.661865569,0.973360656,0.644791667,2,0.953156823,rep
8134,1,7,1,1,0.004801097,-2.693306011,-0.730208333,2,2.953156823,rep
8136,1,1,0,1,0.004801097,-0.693306011,0.394791667,1,-3.046843177,rep
8137,1,3,0,1,0.004801097,1.306693989,-1.730208333,1,-1.046843177,rep
8138,1,6,1,1,-0.328532236,-0.026639344,0.769791667,3,1.953156823,rep
8139,1,2,1,1,-1.661865569,-0.693306011,-0.105208333,2,-2.046843177,rep
8140,1,2,0,1,0.338134431,-1.026639344,-0.480208333,1,-2.046843177,rep
8141,1,3,0,0,-0.995198903,0.640027322,0.519791667,3,-1.046843177,rep
8142,1,5,0,0,-2.995198903,-1.693306011,-1.730208333,3,0.953156823,rep
8143,1,2,0,1,-1.328532236,-1.026639344,-0.355208333,2,-2.046843177,rep
8145,1,5,1,1,1.004801097,-0.026639344,0.644791667,1,0.953156823,rep
8146,1,5,0,1,0.338134431,-0.026639344,0.894791667,2,0.953156823,rep
8147,1,3,1,1,1.671467764,0.640027322,-2.230208333,2,-1.046843177,rep
8148,1,4,0,0,-0.995198903,-0.359972678,-0.730208333,3,-0.046843177,rep
8149,1,2,1,1,-5.328532236,0.640027322,-2.730208333,1,-2.046843177,rep
8150,1,5,1,1,1.004801097,-0.359972678,1.394791667,2,0.953156823,rep
8151,1,4,0,1,-5.328532236,1.973360656,-3.480208333,3,-0.046843177,rep
8152,1,2,0,1,-0.328532236,-0.359972678,-0.355208333,1,-2.046843177,rep
8153,1,2,0,1,0.004801097,-3.693306011,1.519791667,3,-2.046843177,rep
8156,1,2,0,1,-1.328532236,-2.026639344,-2.855208333,3,-2.046843177,rep
8158,1,5,0,1,-1.328532236,-1.026639344,0.019791667,1,0.953156823,rep
8159,1,4,1,1,0.671467764,1.640027322,0.019791667,2,-0.046843177,rep
8160,1,7,0,1,0.004801097,-1.693306011,-0.355208333,2,2.953156823,rep
8161,1,2,0,1,-1.328532236,-0.026639344,0.269791667,3,-2.046843177,rep
8162,1,7,0,1,0.671467764,-0.359972678,1.394791667,3,2.953156823,rep
8165,1,3,1,0,-0.661865569,0.973360656,-1.230208333,2,-1.046843177,rep
8166,1,4,0,1,1.004801097,1.640027322,0.394791667,2,-0.046843177,rep
8167,1,5,1,1,0.671467764,-0.693306011,1.144791667,1,0.953156823,rep
8168,1,4,0,1,0.004801097,-1.693306011,-0.730208333,1,-0.046843177,rep
8169,1,6,0,1,-1.328532236,-1.693306011,1.019791667,2,1.953156823,rep
8170,1,3,0,1,1.004801097,0.306693989,1.019791667,3,-1.046843177,rep
8172,1,3,1,1,1.671467764,0.973360656,1.269791667,1,-1.046843177,rep
8173,1,2,1,1,-1.995198903,1.306693989,-0.355208333,1,-2.046843177,rep
8174,1,1,1,0,-0.995198903,-0.026639344,0.144791667,1,-3.046843177,rep
8176,1,5,1,0,-0.328532236,-0.693306011,1.269791667,3,0.953156823,rep
8177,1,5,0,1,1.671467764,-1.693306011,1.519791667,2,0.953156823,rep
8178,1,3,0,1,-0.661865569,-2.026639344,-1.855208333,3,-1.046843177,rep
8179,1,5,1,1,0.338134431,-0.359972678,-1.855208333,2,0.953156823,rep
8180,1,4,1,1,0.338134431,0.973360656,1.394791667,1,-0.046843177,rep
8182,1,4,0,0,1.004801097,0.973360656,-0.105208333,3,-0.046843177,rep
8183,1,5,0,1,0.004801097,-2.026639344,0.769791667,3,0.953156823,rep
8185,1,3,1,1,1.004801097,1.640027322,0.144791667,1,-1.046843177,rep
8186,1,1,0,1,0.338134431,-1.359972678,-0.355208333,1,-3.046843177,rep
8187,1,2,0,1,-1.661865569,0.306693989,-0.730208333,3,-2.046843177,rep
8188,1,4,0,1,0.671467764,-0.693306011,1.894791667,3,-0.046843177,rep
8189,1,2,1,1,0.338134431,1.306693989,-0.105208333,3,-2.046843177,rep
8190,1,5,0,1,0.671467764,-2.693306011,0.519791667,2,0.953156823,rep
8191,1,2,0,1,1.338134431,1.640027322,2.019791667,2,-2.046843177,rep
8194,1,3,0,1,0.671467764,1.973360656,1.894791667,1,-1.046843177,rep
8195,1,6,0,0,-0.661865569,1.306693989,1.019791667,1,1.953156823,rep
8196,1,4,1,1,-0.661865569,-1.359972678,-0.230208333,1,-0.046843177,rep
8198,1,4,0,1,0.338134431,0.306693989,0.144791667,3,-0.046843177,rep
8199,1,2,0,1,-0.328532236,2.306693989,-1.730208333,3,-2.046843177,rep
8200,1,4,0,0,0.338134431,2.306693989,-4.480208333,2,-0.046843177,rep
8201,1,2,0,1,-1.328532236,0.973360656,0.519791667,3,-2.046843177,rep
8202,1,5,1,1,-1.328532236,-0.026639344,-0.355208333,2,0.953156823,rep
8203,1,3,1,0,-0.328532236,-1.026639344,-1.980208333,2,-1.046843177,rep
8205,1,6,0,1,1.004801097,-0.026639344,0.019791667,1,1.953156823,rep
8206,1,5,1,1,0.338134431,-0.693306011,-0.355208333,1,0.953156823,rep
8207,1,7,1,1,0.338134431,-0.026639344,-0.230208333,3,2.953156823,rep
8208,1,1,0,1,1.338134431,-0.359972678,-0.230208333,3,-3.046843177,rep
8209,1,2,0,1,0.671467764,-0.026639344,0.894791667,2,-2.046843177,rep
8210,1,5,0,1,-0.328532236,0.306693989,-0.230208333,1,0.953156823,rep
8211,1,2,1,1,-0.661865569,-1.693306011,-0.730208333,1,-2.046843177,rep
8212,1,6,1,1,-0.328532236,-1.693306011,0.019791667,1,1.953156823,rep
8213,1,5,1,0,-0.661865569,-1.359972678,-0.855208333,2,0.953156823,rep
8214,1,5,1,1,1.671467764,-2.693306011,1.644791667,3,0.953156823,rep
8215,1,3,0,1,0.671467764,-1.026639344,-0.105208333,3,-1.046843177,rep
8216,1,5,1,0,1.004801097,-1.026639344,0.519791667,3,0.953156823,rep
8217,1,7,1,0,1.671467764,0.306693989,1.019791667,3,2.953156823,rep
8219,1,5,0,1,-0.995198903,-1.026639344,-0.105208333,1,0.953156823,rep
8220,1,6,1,1,1.338134431,0.306693989,2.144791667,2,1.953156823,rep
8221,1,2,1,1,-5.328532236,-0.026639344,-1.480208333,1,-2.046843177,rep
8222,1,4,1,0,0.671467764,0.640027322,0.269791667,3,-0.046843177,rep
8223,1,6,1,1,0.004801097,-1.026639344,-0.230208333,2,1.953156823,rep
8224,1,1,0,0,-0.661865569,1.306693989,1.894791667,2,-3.046843177,rep
8225,1,6,1,1,-1.328532236,-2.693306011,0.519791667,3,1.953156823,rep
8226,1,2,0,1,0.671467764,0.640027322,0.144791667,3,-2.046843177,rep
8227,1,3,0,1,0.671467764,-2.359972678,-1.605208333,1,-1.046843177,rep
8228,1,6,1,1,-1.328532236,1.973360656,0.769791667,1,1.953156823,rep
8229,1,5,1,1,0.004801097,-1.359972678,-1.105208333,3,0.953156823,rep
8230,1,5,1,1,1.004801097,0.640027322,1.019791667,1,0.953156823,rep
8231,1,2,1,1,0.004801097,-0.026639344,0.019791667,2,-2.046843177,rep
8232,1,2,0,1,-1.661865569,-0.359972678,0.769791667,3,-2.046843177,rep
8233,1,4,0,0,1.671467764,0.306693989,0.269791667,2,-0.046843177,rep
8234,1,3,0,0,1.671467764,2.306693989,-1.480208333,2,-1.046843177,rep
8236,1,4,0,0,1.004801097,-1.693306011,-0.730208333,1,-0.046843177,rep
8237,1,1,0,1,0.338134431,-1.026639344,0.269791667,3,-3.046843177,rep
8238,1,5,1,0,-0.661865569,0.306693989,-0.355208333,1,0.953156823,rep
8239,1,4,0,0,1.004801097,0.973360656,1.269791667,2,-0.046843177,rep
8240,1,5,1,1,0.338134431,2.306693989,0.144791667,1,0.953156823,rep
8241,1,3,0,1,-0.661865569,-0.359972678,-4.480208333,3,-1.046843177,rep
8243,1,7,0,1,-2.328532236,1.306693989,0.394791667,2,2.953156823,rep
8244,1,5,1,1,-1.328532236,-0.026639344,-0.980208333,2,0.953156823,rep
8245,1,4,1,0,-0.995198903,-1.359972678,0.144791667,1,-0.046843177,rep
8246,1,7,1,1,1.004801097,0.640027322,-4.480208333,1,2.953156823,rep
8247,1,5,1,1,1.338134431,1.306693989,0.894791667,2,0.953156823,rep
8248,1,1,0,1,1.671467764,1.640027322,2.394791667,2,-3.046843177,rep
8249,1,7,0,0,-0.661865569,-0.359972678,1.144791667,3,2.953156823,rep
8250,1,6,0,0,0.338134431,-2.359972678,-0.355208333,1,1.953156823,rep
8251,1,2,0,1,1.004801097,-2.026639344,-0.855208333,3,-2.046843177,rep
8252,1,4,1,1,-1.328532236,1.306693989,-0.605208333,1,-0.046843177,rep
8253,1,6,0,0,-2.328532236,-0.026639344,0.019791667,2,1.953156823,rep
8254,1,2,1,1,1.338134431,-0.359972678,-3.105208333,3,-2.046843177,rep
8255,1,5,0,1,-0.328532236,-0.026639344,0.144791667,2,0.953156823,rep
8256,1,7,0,0,-1.661865569,-0.693306011,-0.480208333,3,2.953156823,rep
8257,1,4,0,0,0.004801097,0.973360656,1.019791667,2,-0.046843177,rep
8259,1,2,0,0,0.338134431,1.973360656,-1.355208333,1,-2.046843177,rep
8260,1,2,0,1,0.338134431,-0.359972678,-2.730208333,3,-2.046843177,rep
8261,1,6,0,1,-0.328532236,0.306693989,0.894791667,2,1.953156823,rep
8262,1,5,1,1,-1.661865569,-0.693306011,-0.105208333,2,0.953156823,rep
8263,1,4,1,1,0.671467764,-1.359972678,-0.480208333,3,-0.046843177,rep
8264,1,5,1,1,1.671467764,2.306693989,1.394791667,1,0.953156823,rep
8265,1,4,0,0,-1.995198903,1.306693989,-0.355208333,3,-0.046843177,rep
8266,1,6,0,1,-3.661865569,-0.693306011,0.144791667,1,1.953156823,rep
8267,1,2,0,1,0.338134431,1.640027322,-4.480208333,2,-2.046843177,rep
8268,1,2,0,1,1.338134431,0.306693989,-0.355208333,3,-2.046843177,rep
8269,1,3,1,1,1.004801097,1.640027322,0.019791667,2,-1.046843177,rep
8270,1,4,0,1,1.004801097,0.306693989,-0.730208333,2,-0.046843177,rep
8271,1,1,0,1,0.671467764,2.306693989,2.519791667,3,-3.046843177,rep
8272,1,4,1,1,0.338134431,-3.693306011,-0.355208333,2,-0.046843177,rep
8273,1,5,1,0,0.338134431,0.306693989,0.019791667,2,0.953156823,rep
8274,1,5,0,1,-1.661865569,-0.026639344,0.894791667,1,0.953156823,rep
8275,1,4,0,1,1.004801097,1.306693989,1.644791667,1,-0.046843177,rep
8276,1,5,1,1,0.338134431,0.306693989,-1.105208333,3,0.953156823,rep
8278,1,4,0,1,1.004801097,-0.359972678,-4.480208333,2,-0.046843177,rep
8279,1,2,0,1,0.338134431,-1.026639344,-0.230208333,3,-2.046843177,rep
8281,1,4,0,1,-1.328532236,0.640027322,0.394791667,1,-0.046843177,rep
8282,1,3,0,1,0.004801097,-1.026639344,-1.730208333,3,-1.046843177,rep
8283,1,4,1,1,-0.661865569,-1.026639344,-1.105208333,3,-0.046843177,rep
8284,1,2,0,1,-1.328532236,1.306693989,-0.480208333,1,-2.046843177,rep
8285,1,6,0,1,0.671467764,2.306693989,-0.480208333,2,1.953156823,rep
8287,1,2,0,0,1.004801097,-2.026639344,-2.230208333,1,-2.046843177,rep
8288,1,5,1,1,1.004801097,-1.693306011,1.019791667,2,0.953156823,rep
8289,1,3,0,1,1.671467764,1.306693989,-4.480208333,1,-1.046843177,rep
8290,1,1,0,1,0.671467764,1.973360656,-0.355208333,2,-3.046843177,rep
8291,1,2,0,1,1.671467764,2.306693989,-0.480208333,3,-2.046843177,rep
8292,1,6,1,0,1.004801097,1.640027322,1.269791667,1,1.953156823,rep
8293,1,2,0,1,-0.661865569,-0.693306011,-0.480208333,2,-2.046843177,rep
8294,1,4,1,1,0.004801097,-0.026639344,-0.730208333,1,-0.046843177,rep
8295,1,1,0,0,0.338134431,1.306693989,-2.105208333,3,-3.046843177,rep
8296,1,6,1,1,1.338134431,0.306693989,-0.355208333,2,1.953156823,rep
8297,1,2,0,0,1.338134431,1.306693989,1.394791667,1,-2.046843177,rep
8298,1,1,1,1,-0.328532236,0.306693989,0.269791667,1,-3.046843177,rep
8300,1,2,0,1,-0.661865569,-1.026639344,1.769791667,3,-2.046843177,rep
8301,1,1,0,1,-1.328532236,0.306693989,-0.480208333,3,-3.046843177,rep
8302,1,2,1,1,0.338134431,-0.693306011,-0.230208333,1,-2.046843177,rep
8303,1,2,1,0,-1.328532236,-1.026639344,-4.480208333,1,-2.046843177,rep
8304,1,7,0,0,-0.661865569,-3.026639344,-1.980208333,1,2.953156823,rep
8305,1,4,1,0,-0.661865569,-1.693306011,-1.730208333,3,-0.046843177,rep
8306,1,6,0,1,0.338134431,-0.359972678,0.769791667,1,1.953156823,rep
8307,1,4,1,1,-0.328532236,0.640027322,1.019791667,3,-0.046843177,rep
8308,1,7,0,1,0.338134431,0.306693989,-2.605208333,2,2.953156823,rep
8309,1,6,1,1,0.338134431,1.640027322,2.019791667,3,1.953156823,rep
8310,1,5,0,1,0.338134431,0.306693989,-0.105208333,2,0.953156823,rep
8312,1,4,1,0,0.338134431,0.973360656,1.144791667,3,-0.046843177,rep
8314,1,4,1,1,0.004801097,0.306693989,-2.480208333,1,-0.046843177,rep
8315,1,6,0,0,1.671467764,0.306693989,2.519791667,1,1.953156823,rep
8316,1,1,0,1,-2.995198903,-2.693306011,0.519791667,3,-3.046843177,rep
8317,1,1,1,1,-0.328532236,-0.359972678,-1.230208333,1,-3.046843177,rep
8318,1,5,0,1,1.671467764,-1.026639344,0.269791667,1,0.953156823,rep
8319,1,5,1,1,-1.661865569,0.640027322,0.019791667,3,0.953156823,rep
8320,1,4,1,0,1.338134431,0.973360656,2.019791667,3,-0.046843177,rep
8321,1,6,1,1,1.671467764,0.973360656,-0.105208333,3,1.953156823,rep
8322,1,1,0,1,0.004801097,1.640027322,0.519791667,2,-3.046843177,rep
8323,1,6,1,1,1.338134431,1.306693989,1.144791667,3,1.953156823,rep
8324,1,5,1,1,-0.661865569,-1.693306011,-0.355208333,1,0.953156823,rep
8325,1,6,0,0,1.671467764,-0.359972678,1.269791667,2,1.953156823,rep
8327,1,4,1,1,0.004801097,0.973360656,0.519791667,3,-0.046843177,rep
8328,1,3,0,1,-1.995198903,-0.359972678,0.144791667,3,-1.046843177,rep
8329,1,4,0,1,-0.661865569,0.640027322,0.394791667,3,-0.046843177,rep
8330,1,5,1,1,-0.328532236,0.306693989,-0.355208333,3,0.953156823,rep
8331,1,5,1,1,0.004801097,-0.693306011,1.269791667,1,0.953156823,rep
8332,1,2,0,0,-2.328532236,-1.693306011,-0.355208333,1,-2.046843177,rep
8333,1,4,0,1,-1.328532236,-0.693306011,-0.480208333,1,-0.046843177,rep
8334,1,4,1,1,-1.661865569,1.640027322,-1.855208333,3,-0.046843177,rep
8335,1,5,0,1,0.004801097,-0.359972678,0.894791667,1,0.953156823,rep
8337,1,4,0,1,-0.995198903,-0.693306011,-1.355208333,3,-0.046843177,rep
8338,1,2,0,1,0.004801097,-1.359972678,0.644791667,2,-2.046843177,rep
8339,1,3,0,1,1.004801097,-1.693306011,0.519791667,2,-1.046843177,rep
8340,1,6,0,0,1.338134431,2.306693989,1.519791667,1,1.953156823,rep
8342,1,6,1,1,-0.661865569,-1.693306011,0.019791667,2,1.953156823,rep
8343,1,6,1,1,0.671467764,0.973360656,1.394791667,2,1.953156823,rep
8344,1,4,1,1,1.671467764,0.973360656,-4.480208333,2,-0.046843177,rep
8345,1,4,1,1,0.338134431,-1.026639344,-0.605208333,1,-0.046843177,rep
8347,1,5,0,1,-5.328532236,-1.026639344,-0.730208333,1,0.953156823,rep
8348,1,1,1,0,-1.328532236,1.306693989,-0.355208333,3,-3.046843177,rep
8349,1,2,0,1,-2.995198903,1.640027322,-1.980208333,3,-2.046843177,rep
8350,1,4,0,1,0.004801097,-0.359972678,-1.230208333,1,-0.046843177,rep
8351,1,4,1,1,-2.661865569,-1.026639344,-2.605208333,1,-0.046843177,rep
8352,1,7,1,0,0.338134431,-0.359972678,1.019791667,1,2.953156823,rep
8353,1,5,0,1,0.004801097,0.306693989,-0.605208333,3,0.953156823,rep
8356,1,5,0,1,-0.661865569,-2.026639344,-0.230208333,3,0.953156823,rep
8357,1,3,0,1,-1.661865569,1.306693989,0.144791667,1,-1.046843177,rep
8358,1,5,0,0,0.338134431,-1.693306011,0.769791667,1,0.953156823,rep
8359,1,5,1,1,0.338134431,-0.359972678,0.769791667,1,0.953156823,rep
8360,1,5,1,1,0.004801097,-1.026639344,-0.355208333,3,0.953156823,rep
8361,1,1,0,1,0.671467764,0.640027322,-0.605208333,2,-3.046843177,rep
8362,1,5,1,1,0.004801097,-1.359972678,0.519791667,3,0.953156823,rep
8363,1,7,0,1,-0.328532236,0.306693989,-0.730208333,3,2.953156823,rep
8364,1,2,0,1,0.671467764,-1.026639344,-1.230208333,2,-2.046843177,rep
8366,1,5,0,0,0.671467764,-1.693306011,1.394791667,2,0.953156823,rep
8367,1,7,1,1,1.671467764,2.306693989,2.519791667,3,2.953156823,rep
8368,1,5,1,1,0.004801097,-0.693306011,-0.855208333,2,0.953156823,rep
8369,1,3,1,0,0.338134431,0.973360656,-1.605208333,1,-1.046843177,rep
8371,1,4,1,1,1.004801097,-0.693306011,-0.355208333,3,-0.046843177,rep
8372,1,5,0,1,1.338134431,1.973360656,-1.480208333,3,0.953156823,rep
8373,1,1,0,0,-0.661865569,-0.693306011,0.644791667,1,-3.046843177,rep
8374,1,4,0,1,-0.661865569,-1.693306011,-0.730208333,3,-0.046843177,rep
8375,1,1,1,0,-2.995198903,2.306693989,-3.480208333,2,-3.046843177,rep
8376,1,5,1,1,-0.328532236,-4.693306011,1.894791667,3,0.953156823,rep
8377,1,5,0,1,0.004801097,-2.359972678,0.644791667,1,0.953156823,rep
8378,1,6,1,1,-0.328532236,1.306693989,1.644791667,3,1.953156823,rep
8379,1,6,0,1,0.671467764,0.973360656,1.019791667,3,1.953156823,rep
8380,1,4,0,1,0.338134431,-1.693306011,0.019791667,1,-0.046843177,rep
8381,1,5,1,1,-0.995198903,0.306693989,0.519791667,3,0.953156823,rep
8382,1,6,1,0,0.671467764,-0.693306011,-0.605208333,3,1.953156823,rep
8383,1,6,1,1,0.004801097,-0.026639344,0.519791667,3,1.953156823,rep
8384,1,6,1,1,1.671467764,2.306693989,2.144791667,3,1.953156823,rep
8385,1,2,0,1,1.004801097,-0.359972678,1.394791667,2,-2.046843177,rep
8386,1,6,1,1,-0.995198903,-0.026639344,-1.230208333,1,1.953156823,rep
8387,1,4,1,1,-0.661865569,1.306693989,-1.605208333,3,-0.046843177,rep
8389,1,4,0,1,-1.661865569,1.973360656,-4.480208333,2,-0.046843177,rep
8390,1,7,1,1,1.004801097,-2.026639344,0.519791667,3,2.953156823,rep
8391,1,4,0,0,-0.995198903,-1.693306011,-0.605208333,3,-0.046843177,rep
8392,1,6,1,1,0.671467764,-3.026639344,0.644791667,2,1.953156823,rep
8393,1,4,1,1,-0.328532236,0.640027322,0.644791667,3,-0.046843177,rep
8394,1,4,0,0,1.004801097,1.640027322,1.894791667,1,-0.046843177,rep
8396,1,6,1,1,-0.328532236,0.306693989,0.019791667,3,1.953156823,rep
8397,1,7,1,1,1.671467764,0.306693989,-0.480208333,3,2.953156823,rep
8398,1,5,0,1,0.338134431,-1.693306011,-0.105208333,2,0.953156823,rep
8399,1,6,1,1,-0.995198903,-4.693306011,-0.355208333,3,1.953156823,rep
8401,1,1,0,0,-1.328532236,2.306693989,-2.355208333,3,-3.046843177,rep
8402,1,1,1,0,0.671467764,1.306693989,1.144791667,3,-3.046843177,rep
8403,1,4,1,1,-0.995198903,0.306693989,-0.605208333,1,-0.046843177,rep
8404,1,5,0,1,1.671467764,1.306693989,0.894791667,1,0.953156823,rep
8405,1,6,0,1,0.004801097,-0.359972678,1.394791667,3,1.953156823,rep
8406,1,2,0,1,1.338134431,0.973360656,-0.230208333,3,-2.046843177,rep
8407,1,4,1,0,-0.661865569,-1.026639344,-0.105208333,2,-0.046843177,rep
8408,1,2,1,0,0.671467764,-2.359972678,0.269791667,2,-2.046843177,rep
8409,1,4,0,1,-0.661865569,0.306693989,-0.480208333,2,-0.046843177,rep
8410,1,6,0,1,1.004801097,0.306693989,0.894791667,2,1.953156823,rep
8412,1,7,1,1,0.671467764,0.640027322,1.019791667,3,2.953156823,rep
8413,1,5,1,0,0.671467764,-0.359972678,1.644791667,2,0.953156823,rep
8414,1,6,1,1,1.004801097,2.306693989,0.769791667,2,1.953156823,rep
8415,1,4,1,0,1.004801097,0.973360656,-0.480208333,1,-0.046843177,rep
8419,1,5,1,1,-1.328532236,-0.359972678,-0.230208333,2,0.953156823,rep
8420,1,7,1,1,0.671467764,0.306693989,1.019791667,2,2.953156823,rep
8421,1,6,1,1,-2.661865569,0.640027322,0.144791667,3,1.953156823,rep
8423,1,4,1,1,-1.661865569,-1.359972678,-1.480208333,1,-0.046843177,rep
8425,1,6,1,1,1.671467764,-0.693306011,0.519791667,1,1.953156823,rep
8427,1,4,1,0,-1.328532236,-0.359972678,0.019791667,2,-0.046843177,rep
8428,1,4,0,0,0.338134431,0.306693989,-0.730208333,2,-0.046843177,rep
8429,1,5,0,0,0.671467764,0.973360656,-0.355208333,1,0.953156823,rep
8430,1,3,1,1,0.671467764,-0.693306011,-0.730208333,2,-1.046843177,rep
8431,1,3,0,1,-0.328532236,0.640027322,2.144791667,3,-1.046843177,rep
8433,1,3,0,1,0.671467764,1.306693989,-1.105208333,3,-1.046843177,rep
8434,1,5,1,1,-1.328532236,-3.693306011,-0.980208333,3,0.953156823,rep
8435,1,6,1,1,0.004801097,-2.026639344,0.269791667,3,1.953156823,rep
8437,1,4,0,1,1.671467764,0.306693989,0.269791667,3,-0.046843177,rep
8438,1,4,1,1,0.671467764,0.306693989,0.644791667,3,-0.046843177,rep
8439,1,2,0,1,1.671467764,-0.693306011,0.144791667,1,-2.046843177,rep
8440,1,5,1,1,1.004801097,0.640027322,0.894791667,1,0.953156823,rep
8441,1,1,1,1,-1.328532236,-0.693306011,-0.105208333,2,-3.046843177,rep
8442,1,4,0,1,1.671467764,1.973360656,0.269791667,1,-0.046843177,rep
8443,1,2,0,1,1.338134431,2.306693989,2.019791667,3,-2.046843177,rep
8444,1,2,0,1,0.004801097,-1.359972678,-0.480208333,2,-2.046843177,rep
8445,1,4,0,0,1.338134431,-1.693306011,-1.230208333,3,-0.046843177,rep
8446,1,5,0,1,-1.661865569,-1.693306011,-0.980208333,3,0.953156823,rep
8447,1,2,0,1,-0.661865569,0.306693989,0.769791667,3,-2.046843177,rep
8448,1,5,0,1,1.004801097,1.306693989,0.644791667,2,0.953156823,rep
8449,1,7,1,1,0.004801097,1.973360656,0.269791667,3,2.953156823,rep
8450,1,7,1,1,0.004801097,1.640027322,-0.605208333,2,2.953156823,rep
8451,1,5,1,1,0.004801097,-1.693306011,0.519791667,1,0.953156823,rep
8452,1,4,0,1,-0.328532236,-0.693306011,-0.980208333,2,-0.046843177,rep
8453,1,5,0,1,0.671467764,-0.026639344,0.144791667,1,0.953156823,rep
8454,1,6,1,1,-1.328532236,-0.693306011,0.269791667,2,1.953156823,rep
8455,1,4,1,1,0.338134431,1.973360656,-1.355208333,2,-0.046843177,rep
8456,1,6,0,1,1.338134431,-1.026639344,0.394791667,1,1.953156823,rep
8457,1,3,0,0,0.671467764,-1.026639344,1.394791667,2,-1.046843177,rep
8458,1,5,1,1,0.671467764,0.973360656,-0.480208333,2,0.953156823,rep
8459,1,7,1,0,1.671467764,2.306693989,0.894791667,2,2.953156823,rep
8460,1,3,0,1,0.671467764,-0.359972678,1.269791667,2,-1.046843177,rep
8461,1,6,0,0,1.671467764,2.306693989,2.144791667,1,1.953156823,rep
8462,1,5,1,1,-1.328532236,-0.026639344,0.269791667,3,0.953156823,rep
8463,1,3,0,1,0.338134431,-0.026639344,1.394791667,3,-1.046843177,rep
8464,1,6,1,1,-0.661865569,0.640027322,0.644791667,2,1.953156823,rep
8465,1,5,1,1,0.338134431,-1.359972678,0.519791667,1,0.953156823,rep
8466,1,2,1,1,1.004801097,-1.693306011,0.894791667,1,-2.046843177,rep
8467,1,7,1,1,0.671467764,0.973360656,0.519791667,1,2.953156823,rep
8468,1,3,0,1,1.338134431,0.640027322,0.644791667,2,-1.046843177,rep
8469,1,5,0,1,0.338134431,0.306693989,-4.480208333,2,0.953156823,rep
8470,1,6,0,1,0.671467764,1.306693989,0.144791667,2,1.953156823,rep
8471,1,3,0,1,-0.995198903,-1.026639344,-0.355208333,1,-1.046843177,rep
8472,1,2,1,1,0.004801097,-1.359972678,-0.230208333,3,-2.046843177,rep
8473,1,5,1,1,1.004801097,2.306693989,-1.230208333,1,0.953156823,rep
8474,1,3,1,1,0.338134431,0.640027322,-1.105208333,3,-1.046843177,rep
8475,1,4,0,1,0.671467764,-2.693306011,-0.355208333,3,-0.046843177,rep
8476,1,3,0,1,-0.328532236,0.973360656,-0.480208333,3,-1.046843177,rep
8477,1,5,0,1,-0.995198903,-1.026639344,-0.480208333,1,0.953156823,rep
8478,1,5,0,1,0.004801097,1.306693989,0.019791667,2,0.953156823,rep
8479,1,2,0,1,1.671467764,0.973360656,0.519791667,1,-2.046843177,rep
8480,1,5,0,1,1.004801097,0.973360656,-0.730208333,1,0.953156823,rep
8481,1,7,1,0,1.671467764,2.306693989,1.894791667,1,2.953156823,rep
8482,1,3,1,0,1.004801097,1.306693989,1.394791667,2,-1.046843177,rep
8483,1,6,1,1,-0.995198903,0.640027322,-0.105208333,1,1.953156823,rep
8484,1,2,0,1,0.671467764,-0.693306011,-0.230208333,3,-2.046843177,rep
8485,1,5,0,1,-0.328532236,1.306693989,-0.230208333,3,0.953156823,rep
8486,1,1,0,0,-0.328532236,-0.359972678,-0.355208333,2,-3.046843177,rep
8487,1,4,0,1,0.004801097,0.640027322,0.269791667,3,-0.046843177,rep
8488,1,4,0,0,1.004801097,2.306693989,-0.105208333,3,-0.046843177,rep
8489,1,6,0,1,0.004801097,1.973360656,0.394791667,3,1.953156823,rep
8490,1,2,0,1,0.004801097,0.973360656,0.269791667,3,-2.046843177,rep
8491,1,6,1,0,-1.328532236,-2.359972678,1.019791667,3,1.953156823,rep
8492,1,5,1,1,1.338134431,0.973360656,-0.605208333,1,0.953156823,rep
8493,1,2,0,1,0.004801097,-0.359972678,-1.355208333,2,-2.046843177,rep
8494,1,5,0,1,-0.661865569,-0.026639344,-0.355208333,2,0.953156823,rep
8495,1,2,0,1,1.338134431,1.640027322,-0.230208333,2,-2.046843177,rep
8496,1,3,0,1,1.671467764,1.306693989,1.144791667,1,-1.046843177,rep
8497,1,2,1,1,1.004801097,1.306693989,1.644791667,2,-2.046843177,rep
8498,1,1,1,1,-0.328532236,2.306693989,0.894791667,2,-3.046843177,rep
8499,1,6,1,1,0.004801097,-1.359972678,0.019791667,1,1.953156823,rep
6943,2,4,1,1,0.004801097,0.640027322,0.019791667,2,-0.525458248,pop
7945,2,2,0,1,0.671467764,-0.026639344,-0.105208333,3,-2.525458248,pop
7946,2,6,1,1,-0.661865569,0.306693989,0.144791667,3,1.474541752,pop
7947,2,7,1,1,1.671467764,-1.359972678,0.394791667,3,2.474541752,pop
7948,2,4,0,1,1.671467764,0.973360656,0.269791667,1,-0.525458248,pop
7949,2,5,0,1,1.338134431,-0.693306011,2.519791667,1,0.474541752,pop
7950,2,5,1,1,0.004801097,-0.026639344,-0.230208333,1,0.474541752,pop
7951,2,3,0,0,0.671467764,0.640027322,-0.605208333,2,-1.525458248,pop
7952,2,5,0,0,1.338134431,0.640027322,0.769791667,1,0.474541752,pop
7953,2,6,1,0,1.004801097,1.306693989,2.394791667,3,1.474541752,pop
7954,2,5,1,1,0.004801097,-1.693306011,0.769791667,2,0.474541752,pop
7955,2,2,0,1,-1.328532236,0.973360656,0.894791667,1,-2.525458248,pop
7956,2,4,0,0,0.004801097,-0.693306011,-0.355208333,2,-0.525458248,pop
7957,2,7,1,1,1.338134431,1.973360656,-0.855208333,2,2.474541752,pop
7958,2,6,0,1,-1.328532236,-0.359972678,0.644791667,3,1.474541752,pop
7959,2,2,1,0,-0.328532236,-0.359972678,0.519791667,3,-2.525458248,pop
7960,2,4,1,1,-0.661865569,-0.359972678,-0.605208333,2,-0.525458248,pop
7961,2,6,0,1,0.004801097,0.306693989,0.519791667,2,1.474541752,pop
7963,2,2,1,1,0.004801097,1.306693989,-0.480208333,2,-2.525458248,pop
7965,2,4,1,1,0.004801097,-0.359972678,-1.105208333,1,-0.525458248,pop
7966,2,3,1,0,0.004801097,0.973360656,-0.355208333,3,-1.525458248,pop
7967,2,5,1,0,1.004801097,-1.359972678,-0.855208333,3,0.474541752,pop
7969,2,4,1,0,-2.328532236,-1.026639344,-1.105208333,1,-0.525458248,pop
7970,2,5,1,0,1.671467764,0.306693989,-1.230208333,3,0.474541752,pop
7971,2,5,0,0,-5.328532236,-4.693306011,-0.355208333,3,0.474541752,pop
7972,2,5,0,0,-0.995198903,0.306693989,-0.730208333,1,0.474541752,pop
7974,2,4,1,1,0.338134431,1.306693989,1.894791667,2,-0.525458248,pop
7975,2,7,1,1,1.004801097,1.306693989,1.519791667,3,2.474541752,pop
7976,2,6,1,0,0.004801097,-0.026639344,1.519791667,1,1.474541752,pop
7977,2,4,1,1,-2.661865569,-1.026639344,0.144791667,1,-0.525458248,pop
7978,2,2,1,0,-0.328532236,-0.359972678,-0.605208333,3,-2.525458248,pop
7979,2,4,1,1,0.004801097,1.973360656,-0.480208333,1,-0.525458248,pop
7980,2,6,1,0,0.338134431,-0.026639344,-0.605208333,1,1.474541752,pop
7981,2,3,0,1,1.338134431,-1.359972678,2.519791667,1,-1.525458248,pop
7982,2,6,0,1,0.671467764,-0.693306011,-0.105208333,3,1.474541752,pop
7983,2,4,0,1,0.671467764,0.306693989,1.519791667,1,-0.525458248,pop
7984,2,5,0,0,-2.661865569,-0.026639344,0.894791667,2,0.474541752,pop
7985,2,7,0,1,0.338134431,-1.359972678,0.644791667,1,2.474541752,pop
7987,2,5,0,1,0.004801097,0.306693989,-0.230208333,1,0.474541752,pop
7988,2,6,0,1,0.671467764,0.973360656,0.519791667,2,1.474541752,pop
7989,2,6,1,0,1.338134431,-0.359972678,-1.980208333,3,1.474541752,pop
7990,2,6,0,1,-2.328532236,-0.693306011,-1.605208333,3,1.474541752,pop
7991,2,5,1,1,-0.995198903,-0.693306011,-0.105208333,2,0.474541752,pop
7992,2,4,1,1,-0.328532236,-0.359972678,0.144791667,2,-0.525458248,pop
7993,2,3,1,1,0.004801097,-0.026639344,0.269791667,1,-1.525458248,pop
7994,2,6,0,1,0.671467764,0.973360656,-0.230208333,1,1.474541752,pop
7995,2,6,0,0,0.004801097,1.640027322,-0.605208333,3,1.474541752,pop
7996,2,7,0,0,0.004801097,-3.693306011,-0.480208333,2,2.474541752,pop
7997,2,6,0,0,-1.995198903,-0.359972678,0.019791667,1,1.474541752,pop
7998,2,4,1,1,0.338134431,-0.359972678,-0.605208333,1,-0.525458248,pop
7999,2,3,1,0,0.671467764,0.973360656,-0.480208333,2,-1.525458248,pop
8001,2,3,1,1,-1.661865569,-1.693306011,-4.480208333,3,-1.525458248,pop
8002,2,4,0,1,0.671467764,-0.026639344,0.519791667,3,-0.525458248,pop
8003,2,4,0,0,-2.661865569,-0.693306011,-1.105208333,2,-0.525458248,pop
8004,2,4,1,0,-0.661865569,-0.359972678,0.019791667,3,-0.525458248,pop
8005,2,5,0,0,0.338134431,-0.693306011,0.769791667,2,0.474541752,pop
8006,2,4,0,0,-2.328532236,1.306693989,0.769791667,3,-0.525458248,pop
8007,2,7,1,0,-0.995198903,0.640027322,-0.105208333,1,2.474541752,pop
8008,2,6,0,0,1.338134431,2.306693989,-1.980208333,2,1.474541752,pop
8010,2,5,1,1,-0.661865569,-1.359972678,-0.480208333,2,0.474541752,pop
8011,2,7,1,0,-0.328532236,2.306693989,-1.230208333,1,2.474541752,pop
8012,2,7,1,0,-0.328532236,2.306693989,-1.230208333,1,2.474541752,pop
8013,2,7,0,1,-0.328532236,2.306693989,-1.230208333,2,2.474541752,pop
8014,2,4,1,1,0.004801097,-1.026639344,-0.355208333,1,-0.525458248,pop
8015,2,4,1,1,-1.661865569,0.640027322,-1.230208333,2,-0.525458248,pop
8016,2,4,0,1,-0.661865569,-0.359972678,-1.230208333,2,-0.525458248,pop
8017,2,3,1,1,0.004801097,0.640027322,0.394791667,3,-1.525458248,pop
8018,2,4,0,1,-0.328532236,-0.026639344,0.144791667,2,-0.525458248,pop
8019,2,6,0,0,0.338134431,-0.693306011,0.394791667,3,1.474541752,pop
8020,2,7,1,0,1.338134431,-1.359972678,1.019791667,2,2.474541752,pop
8021,2,6,0,1,0.671467764,0.973360656,0.144791667,1,1.474541752,pop
8023,2,6,0,1,0.004801097,-0.693306011,-0.105208333,1,1.474541752,pop
8024,2,2,0,0,0.338134431,-1.693306011,0.144791667,2,-2.525458248,pop
8026,2,1,0,1,1.338134431,-2.693306011,-1.355208333,3,-3.525458248,pop
8027,2,2,0,1,1.004801097,-1.359972678,-0.355208333,3,-2.525458248,pop
8028,2,7,1,1,0.671467764,-1.026639344,-0.605208333,3,2.474541752,pop
8029,2,4,0,0,-0.328532236,1.306693989,-0.480208333,1,-0.525458248,pop
8030,2,5,1,1,0.338134431,0.640027322,0.019791667,1,0.474541752,pop
8031,2,7,0,1,-0.661865569,-0.359972678,0.394791667,2,2.474541752,pop
8032,2,5,1,1,-0.661865569,1.306693989,-0.480208333,1,0.474541752,pop
8033,2,6,1,0,0.671467764,-0.693306011,-1.355208333,1,1.474541752,pop
8034,2,3,0,1,1.004801097,0.306693989,-1.855208333,1,-1.525458248,pop
8036,2,6,1,1,0.671467764,-0.359972678,0.144791667,2,1.474541752,pop
8037,2,4,0,1,-0.995198903,-0.693306011,0.144791667,3,-0.525458248,pop
8038,2,2,0,0,-1.661865569,2.306693989,0.019791667,2,-2.525458248,pop
8039,2,1,1,0,-0.995198903,2.306693989,-0.855208333,1,-3.525458248,pop
8040,2,4,0,0,-0.995198903,-1.693306011,0.269791667,3,-0.525458248,pop
8041,2,4,1,1,0.004801097,0.973360656,1.519791667,3,-0.525458248,pop
8042,2,4,1,1,-0.328532236,0.973360656,-1.605208333,2,-0.525458248,pop
8043,2,6,0,0,-0.661865569,-2.359972678,-0.355208333,1,1.474541752,pop
8044,2,6,1,1,0.004801097,-1.359972678,0.144791667,1,1.474541752,pop
8045,2,4,0,1,-0.328532236,0.973360656,-0.105208333,1,-0.525458248,pop
8046,2,5,1,1,-0.661865569,0.973360656,-1.855208333,1,0.474541752,pop
8047,2,1,0,1,-1.328532236,1.973360656,-0.605208333,1,-3.525458248,pop
8049,2,6,0,1,-0.995198903,0.640027322,-0.730208333,1,1.474541752,pop
8050,2,4,1,0,0.338134431,-0.359972678,-0.980208333,3,-0.525458248,pop
8052,2,3,0,0,0.338134431,-1.693306011,-1.480208333,1,-1.525458248,pop
8054,2,2,0,1,-0.995198903,-1.026639344,-0.105208333,1,-2.525458248,pop
8055,2,5,0,0,0.004801097,0.306693989,0.144791667,1,0.474541752,pop
8056,2,6,1,1,0.004801097,1.640027322,1.269791667,1,1.474541752,pop
8057,2,2,0,1,-0.661865569,1.640027322,-1.355208333,3,-2.525458248,pop
8058,2,2,1,1,0.671467764,2.306693989,-0.855208333,3,-2.525458248,pop
8059,2,4,0,1,0.004801097,-1.359972678,0.019791667,2,-0.525458248,pop
8060,2,1,0,0,-0.995198903,-1.359972678,-1.605208333,1,-3.525458248,pop
8061,2,2,1,1,0.338134431,-0.026639344,-0.230208333,2,-2.525458248,pop
8062,2,5,0,1,-0.661865569,-1.026639344,0.019791667,1,0.474541752,pop
8064,2,6,1,1,0.671467764,-1.026639344,0.644791667,1,1.474541752,pop
8065,2,6,1,1,1.338134431,-1.693306011,-1.105208333,1,1.474541752,pop
8066,2,4,1,1,0.338134431,0.640027322,0.894791667,1,-0.525458248,pop
8067,2,3,0,0,1.004801097,0.306693989,-0.605208333,3,-1.525458248,pop
8069,2,4,1,0,0.004801097,0.973360656,-0.480208333,2,-0.525458248,pop
8070,2,6,0,1,-1.661865569,-0.026639344,-0.230208333,1,1.474541752,pop
8071,2,4,1,0,-0.995198903,-1.026639344,-0.480208333,3,-0.525458248,pop
8072,2,5,0,1,-1.328532236,0.306693989,-0.105208333,2,0.474541752,pop
8073,2,5,0,0,1.004801097,-1.359972678,0.144791667,3,0.474541752,pop
8074,2,2,1,0,-2.995198903,-1.693306011,1.644791667,3,-2.525458248,pop
8075,2,4,1,1,0.671467764,0.306693989,0.644791667,3,-0.525458248,pop
8076,2,4,1,0,-0.328532236,-0.693306011,-0.980208333,1,-0.525458248,pop
8077,2,7,0,1,0.671467764,1.306693989,0.269791667,1,2.474541752,pop
8078,2,5,0,1,0.671467764,0.306693989,1.894791667,1,0.474541752,pop
8080,2,1,1,1,0.671467764,0.306693989,0.894791667,1,-3.525458248,pop
8081,2,3,1,0,-0.661865569,-0.693306011,0.269791667,2,-1.525458248,pop
8083,2,7,1,1,0.671467764,-3.693306011,0.019791667,2,2.474541752,pop
8084,2,1,0,1,1.004801097,1.640027322,-0.730208333,2,-3.525458248,pop
8085,2,7,0,1,0.671467764,0.640027322,-0.355208333,1,2.474541752,pop
8086,2,5,1,1,1.004801097,0.973360656,1.144791667,2,0.474541752,pop
8087,2,5,1,0,-0.661865569,-0.693306011,0.019791667,1,0.474541752,pop
8088,2,3,1,0,1.004801097,1.306693989,-0.355208333,3,-1.525458248,pop
8089,2,6,0,0,-1.328532236,-0.359972678,1.894791667,3,1.474541752,pop
8090,2,2,1,0,0.004801097,0.973360656,1.519791667,2,-2.525458248,pop
8091,2,5,1,1,-1.328532236,-1.359972678,0.644791667,3,0.474541752,pop
8092,2,4,0,1,-2.328532236,-1.026639344,0.394791667,2,-0.525458248,pop
8093,2,7,1,1,0.338134431,-0.693306011,0.644791667,1,2.474541752,pop
8094,2,5,1,1,-1.995198903,-0.026639344,1.519791667,1,0.474541752,pop
8095,2,2,1,1,-0.328532236,-0.026639344,-1.480208333,1,-2.525458248,pop
8096,2,3,1,1,0.004801097,0.640027322,-1.855208333,1,-1.525458248,pop
8097,2,5,0,1,-1.328532236,-0.359972678,0.269791667,2,0.474541752,pop
8098,2,6,1,0,-0.995198903,-2.693306011,0.019791667,3,1.474541752,pop
8099,2,6,0,0,-0.661865569,-1.359972678,0.894791667,3,1.474541752,pop
8100,2,6,0,1,0.671467764,-1.693306011,0.769791667,2,1.474541752,pop
8101,2,3,1,0,-0.995198903,-2.026639344,0.769791667,2,-1.525458248,pop
8102,2,4,1,1,-0.328532236,-0.026639344,-1.105208333,1,-0.525458248,pop
8103,2,4,1,0,0.004801097,-1.359972678,-0.230208333,3,-0.525458248,pop
8104,2,3,1,1,0.671467764,0.306693989,0.019791667,1,-1.525458248,pop
8106,2,6,0,1,-2.661865569,-2.693306011,0.394791667,2,1.474541752,pop
8107,2,5,1,0,-0.328532236,-0.026639344,-0.730208333,3,0.474541752,pop
8108,2,5,0,1,-0.661865569,0.973360656,0.519791667,2,0.474541752,pop
8109,2,3,1,1,-0.328532236,0.973360656,0.644791667,2,-1.525458248,pop
8110,2,4,0,0,-0.328532236,-0.026639344,0.519791667,2,-0.525458248,pop
8111,2,5,1,1,0.338134431,2.306693989,0.894791667,3,0.474541752,pop
8113,2,5,1,1,0.671467764,0.973360656,0.519791667,2,0.474541752,pop
8114,2,5,1,1,0.004801097,1.306693989,-0.605208333,2,0.474541752,pop
8115,2,5,1,1,-1.328532236,-2.359972678,-0.855208333,1,0.474541752,pop
8116,2,6,0,1,0.671467764,-0.026639344,-2.105208333,1,1.474541752,pop
8117,2,2,0,1,-0.661865569,-0.359972678,-3.105208333,1,-2.525458248,pop
8118,2,2,0,1,-0.328532236,-1.359972678,-0.355208333,2,-2.525458248,pop
8119,2,5,0,0,-0.995198903,0.306693989,2.269791667,2,0.474541752,pop
8120,2,6,0,0,0.671467764,-0.026639344,1.269791667,1,1.474541752,pop
8121,2,3,0,1,-1.328532236,1.306693989,1.394791667,3,-1.525458248,pop
8123,2,4,1,0,-0.328532236,-0.026639344,-1.480208333,2,-0.525458248,pop
8124,2,6,1,1,-0.661865569,-0.026639344,-0.355208333,2,1.474541752,pop
8125,2,7,1,0,0.004801097,-1.693306011,0.394791667,1,2.474541752,pop
8126,2,6,1,1,1.671467764,-0.359972678,-2.480208333,3,1.474541752,pop
8127,2,5,0,1,-1.328532236,0.306693989,0.144791667,3,0.474541752,pop
8128,2,3,1,1,1.338134431,-1.026639344,1.769791667,2,-1.525458248,pop
8129,2,2,0,1,1.338134431,0.973360656,-0.480208333,3,-2.525458248,pop
8130,2,5,1,1,0.338134431,1.306693989,0.644791667,1,0.474541752,pop
8131,2,3,1,1,0.671467764,0.306693989,-1.105208333,2,-1.525458248,pop
8132,2,5,0,0,0.338134431,-0.359972678,-1.230208333,3,0.474541752,pop
8133,2,3,1,0,-0.661865569,0.973360656,0.644791667,1,-1.525458248,pop
8134,2,6,1,0,0.004801097,-2.693306011,-0.730208333,3,1.474541752,pop
8136,2,2,0,0,0.004801097,-0.693306011,0.394791667,3,-2.525458248,pop
8137,2,4,0,1,0.004801097,1.306693989,-1.730208333,2,-0.525458248,pop
8138,2,4,0,1,-0.328532236,-0.026639344,0.769791667,2,-0.525458248,pop
8139,2,3,1,1,-1.661865569,-0.693306011,-0.105208333,3,-1.525458248,pop
8140,2,5,0,1,0.338134431,-1.026639344,-0.480208333,2,0.474541752,pop
8141,2,4,1,0,-0.995198903,0.640027322,0.519791667,1,-0.525458248,pop
8142,2,5,0,0,-2.995198903,-1.693306011,-1.730208333,1,0.474541752,pop
8143,2,4,0,0,-1.328532236,-1.026639344,-0.355208333,3,-0.525458248,pop
8145,2,5,1,1,1.004801097,-0.026639344,0.644791667,3,0.474541752,pop
8146,2,5,1,1,0.338134431,-0.026639344,0.894791667,1,0.474541752,pop
8147,2,1,0,1,1.671467764,0.640027322,-2.230208333,3,-3.525458248,pop
8148,2,3,0,0,-0.995198903,-0.359972678,-0.730208333,2,-1.525458248,pop
8149,2,4,0,0,-5.328532236,0.640027322,-2.730208333,2,-0.525458248,pop
8150,2,5,1,0,1.004801097,-0.359972678,1.394791667,1,0.474541752,pop
8151,2,4,1,1,-5.328532236,1.973360656,-3.480208333,1,-0.525458248,pop
8152,2,2,0,1,-0.328532236,-0.359972678,-0.355208333,2,-2.525458248,pop
8153,2,4,0,0,0.004801097,-3.693306011,1.519791667,2,-0.525458248,pop
8156,2,5,0,1,-1.328532236,-2.026639344,-2.855208333,1,0.474541752,pop
8158,2,4,1,1,-1.328532236,-1.026639344,0.019791667,3,-0.525458248,pop
8159,2,3,0,0,0.671467764,1.640027322,0.019791667,3,-1.525458248,pop
8160,2,6,0,0,0.004801097,-1.693306011,-0.355208333,1,1.474541752,pop
8161,2,3,0,1,-1.328532236,-0.026639344,0.269791667,2,-1.525458248,pop
8162,2,7,1,1,0.671467764,-0.359972678,1.394791667,1,2.474541752,pop
8165,2,3,0,0,-0.661865569,0.973360656,-1.230208333,1,-1.525458248,pop
8166,2,4,1,1,1.004801097,1.640027322,0.394791667,3,-0.525458248,pop
8167,2,2,0,1,0.671467764,-0.693306011,1.144791667,2,-2.525458248,pop
8168,2,3,1,0,0.004801097,-1.693306011,-0.730208333,2,-1.525458248,pop
8169,2,6,1,0,-1.328532236,-1.693306011,1.019791667,1,1.474541752,pop
8170,2,3,0,1,1.004801097,0.306693989,1.019791667,2,-1.525458248,pop
8172,2,3,1,0,1.671467764,0.973360656,1.269791667,3,-1.525458248,pop
8173,2,2,0,1,-1.995198903,1.306693989,-0.355208333,2,-2.525458248,pop
8174,2,1,1,0,-0.995198903,-0.026639344,0.144791667,3,-3.525458248,pop
8176,2,3,1,0,-0.328532236,-0.693306011,1.269791667,2,-1.525458248,pop
8177,2,6,0,1,1.671467764,-1.693306011,1.519791667,1,1.474541752,pop
8178,2,6,1,1,-0.661865569,-2.026639344,-1.855208333,1,1.474541752,pop
8179,2,3,0,0,0.338134431,-0.359972678,-1.855208333,3,-1.525458248,pop
8180,2,6,1,1,0.338134431,0.973360656,1.394791667,3,1.474541752,pop
8182,2,5,1,0,1.004801097,0.973360656,-0.105208333,1,0.474541752,pop
8183,2,6,1,0,0.004801097,-2.026639344,0.769791667,1,1.474541752,pop
8185,2,1,0,0,1.004801097,1.640027322,0.144791667,3,-3.525458248,pop
8186,2,2,1,1,0.338134431,-1.359972678,-0.355208333,2,-2.525458248,pop
8187,2,2,1,0,-1.661865569,0.306693989,-0.730208333,2,-2.525458248,pop
8188,2,7,0,0,0.671467764,-0.693306011,1.894791667,1,2.474541752,pop
8189,2,5,0,1,0.338134431,1.306693989,-0.105208333,1,0.474541752,pop
8190,2,4,0,1,0.671467764,-2.693306011,0.519791667,3,-0.525458248,pop
8191,2,4,0,0,1.338134431,1.640027322,2.019791667,3,-0.525458248,pop
8194,2,4,0,1,0.671467764,1.973360656,1.894791667,2,-0.525458248,pop
8195,2,5,0,1,-0.661865569,1.306693989,1.019791667,2,0.474541752,pop
8196,2,2,1,1,-0.661865569,-1.359972678,-0.230208333,2,-2.525458248,pop
8198,2,6,0,1,0.338134431,0.306693989,0.144791667,1,1.474541752,pop
8199,2,2,1,0,-0.328532236,2.306693989,-1.730208333,2,-2.525458248,pop
8200,2,5,1,0,0.338134431,2.306693989,-4.480208333,1,0.474541752,pop
8201,2,4,0,1,-1.328532236,0.973360656,0.519791667,2,-0.525458248,pop
8202,2,5,1,1,-1.328532236,-0.026639344,-0.355208333,3,0.474541752,pop
8203,2,5,1,0,-0.328532236,-1.026639344,-1.980208333,1,0.474541752,pop
8205,2,4,0,1,1.004801097,-0.026639344,0.019791667,3,-0.525458248,pop
8206,2,4,1,1,0.338134431,-0.693306011,-0.355208333,3,-0.525458248,pop
8207,2,6,0,1,0.338134431,-0.026639344,-0.230208333,1,1.474541752,pop
8208,2,4,0,0,1.338134431,-0.359972678,-0.230208333,1,-0.525458248,pop
8209,2,2,0,1,0.671467764,-0.026639344,0.894791667,1,-2.525458248,pop
8210,2,3,0,1,-0.328532236,0.306693989,-0.230208333,3,-1.525458248,pop
8211,2,2,1,1,-0.661865569,-1.693306011,-0.730208333,2,-2.525458248,pop
8212,2,3,0,1,-0.328532236,-1.693306011,0.019791667,3,-1.525458248,pop
8213,2,4,0,1,-0.661865569,-1.359972678,-0.855208333,1,-0.525458248,pop
8214,2,7,0,0,1.671467764,-2.693306011,1.644791667,1,2.474541752,pop
8215,2,5,1,1,0.671467764,-1.026639344,-0.105208333,2,0.474541752,pop
8216,2,3,0,1,1.004801097,-1.026639344,0.519791667,1,-1.525458248,pop
8217,2,7,1,1,1.671467764,0.306693989,1.019791667,1,2.474541752,pop
8219,2,4,1,0,-0.995198903,-1.026639344,-0.105208333,2,-0.525458248,pop
8220,2,5,0,0,1.338134431,0.306693989,2.144791667,3,0.474541752,pop
8221,2,5,0,0,-5.328532236,-0.026639344,-1.480208333,3,0.474541752,pop
8222,2,6,1,1,0.671467764,0.640027322,0.269791667,1,1.474541752,pop
8223,2,3,1,1,0.004801097,-1.026639344,-0.230208333,3,-1.525458248,pop
8224,2,1,0,0,-0.661865569,1.306693989,1.894791667,3,-3.525458248,pop
8225,2,7,0,0,-1.328532236,-2.693306011,0.519791667,1,2.474541752,pop
8226,2,5,1,1,0.671467764,0.640027322,0.144791667,1,0.474541752,pop
8227,2,4,0,1,0.671467764,-2.359972678,-1.605208333,2,-0.525458248,pop
8228,2,4,1,0,-1.328532236,1.973360656,0.769791667,3,-0.525458248,pop
8229,2,5,0,1,0.004801097,-1.359972678,-1.105208333,1,0.474541752,pop
8230,2,5,1,0,1.004801097,0.640027322,1.019791667,2,0.474541752,pop
8231,2,2,0,1,0.004801097,-0.026639344,0.019791667,3,-2.525458248,pop
8232,2,3,0,1,-1.661865569,-0.359972678,0.769791667,1,-1.525458248,pop
8233,2,5,0,0,1.671467764,0.306693989,0.269791667,1,0.474541752,pop
8234,2,4,1,0,1.671467764,2.306693989,-1.480208333,3,-0.525458248,pop
8236,2,4,0,1,1.004801097,-1.693306011,-0.730208333,2,-0.525458248,pop
8237,2,3,1,1,0.338134431,-1.026639344,0.269791667,1,-1.525458248,pop
8238,2,4,1,0,-0.661865569,0.306693989,-0.355208333,3,-0.525458248,pop
8239,2,4,0,0,1.004801097,0.973360656,1.269791667,1,-0.525458248,pop
8240,2,5,1,0,0.338134431,2.306693989,0.144791667,3,0.474541752,pop
8241,2,6,1,1,-0.661865569,-0.359972678,-4.480208333,1,1.474541752,pop
8243,2,7,1,0,-2.328532236,1.306693989,0.394791667,1,2.474541752,pop
8244,2,6,1,1,-1.328532236,-0.026639344,-0.980208333,3,1.474541752,pop
8245,2,3,1,1,-0.995198903,-1.359972678,0.144791667,2,-1.525458248,pop
8246,2,7,0,1,1.004801097,0.640027322,-4.480208333,3,2.474541752,pop
8247,2,7,0,0,1.338134431,1.306693989,0.894791667,3,2.474541752,pop
8248,2,5,1,1,1.671467764,1.640027322,2.394791667,1,0.474541752,pop
8249,2,4,0,1,-0.661865569,-0.359972678,1.144791667,1,-0.525458248,pop
8250,2,4,1,1,0.338134431,-2.359972678,-0.355208333,3,-0.525458248,pop
8251,2,3,1,1,1.004801097,-2.026639344,-0.855208333,1,-1.525458248,pop
8252,2,4,1,0,-1.328532236,1.306693989,-0.605208333,2,-0.525458248,pop
8253,2,6,1,1,-2.328532236,-0.026639344,0.019791667,1,1.474541752,pop
8254,2,3,1,1,1.338134431,-0.359972678,-3.105208333,2,-1.525458248,pop
8255,2,6,1,1,-0.328532236,-0.026639344,0.144791667,3,1.474541752,pop
8256,2,4,0,0,-1.661865569,-0.693306011,-0.480208333,1,-0.525458248,pop
8257,2,6,1,1,0.004801097,0.973360656,1.019791667,1,1.474541752,pop
8259,2,5,1,1,0.338134431,1.973360656,-1.355208333,2,0.474541752,pop
8260,2,5,0,0,0.338134431,-0.359972678,-2.730208333,1,0.474541752,pop
8261,2,4,0,1,-0.328532236,0.306693989,0.894791667,3,-0.525458248,pop
8262,2,5,1,1,-1.661865569,-0.693306011,-0.105208333,3,0.474541752,pop
8263,2,5,0,1,0.671467764,-1.359972678,-0.480208333,2,0.474541752,pop
8264,2,6,0,1,1.671467764,2.306693989,1.394791667,3,1.474541752,pop
8265,2,4,1,0,-1.995198903,1.306693989,-0.355208333,2,-0.525458248,pop
8266,2,5,1,1,-3.661865569,-0.693306011,0.144791667,2,0.474541752,pop
8267,2,3,0,0,0.338134431,1.640027322,-4.480208333,3,-1.525458248,pop
8268,2,5,0,0,1.338134431,0.306693989,-0.355208333,2,0.474541752,pop
8269,2,4,1,0,1.004801097,1.640027322,0.019791667,1,-0.525458248,pop
8270,2,5,1,0,1.004801097,0.306693989,-0.730208333,3,0.474541752,pop
8271,2,6,1,1,0.671467764,2.306693989,2.519791667,1,1.474541752,pop
8272,2,4,1,1,0.338134431,-3.693306011,-0.355208333,1,-0.525458248,pop
8273,2,5,1,0,0.338134431,0.306693989,0.019791667,1,0.474541752,pop
8274,2,4,1,1,-1.661865569,-0.026639344,0.894791667,3,-0.525458248,pop
8275,2,5,0,0,1.004801097,1.306693989,1.644791667,2,0.474541752,pop
8276,2,4,0,1,0.338134431,0.306693989,-1.105208333,2,-0.525458248,pop
8278,2,4,1,1,1.004801097,-0.359972678,-4.480208333,3,-0.525458248,pop
8279,2,6,0,1,0.338134431,-1.026639344,-0.230208333,2,1.474541752,pop
8281,2,6,0,1,-1.328532236,0.640027322,0.394791667,2,1.474541752,pop
8282,2,4,0,1,0.004801097,-1.026639344,-1.730208333,2,-0.525458248,pop
8283,2,4,1,1,-0.661865569,-1.026639344,-1.105208333,1,-0.525458248,pop
8284,2,4,0,0,-1.328532236,1.306693989,-0.480208333,2,-0.525458248,pop
8285,2,5,0,0,0.671467764,2.306693989,-0.480208333,1,0.474541752,pop
8287,2,2,0,0,1.004801097,-2.026639344,-2.230208333,3,-2.525458248,pop
8288,2,3,1,1,1.004801097,-1.693306011,1.019791667,3,-1.525458248,pop
8289,2,4,0,1,1.671467764,1.306693989,-4.480208333,2,-0.525458248,pop
8290,2,2,0,1,0.671467764,1.973360656,-0.355208333,3,-2.525458248,pop
8291,2,5,0,1,1.671467764,2.306693989,-0.480208333,2,0.474541752,pop
8292,2,5,1,0,1.004801097,1.640027322,1.269791667,3,0.474541752,pop
8293,2,3,0,1,-0.661865569,-0.693306011,-0.480208333,1,-1.525458248,pop
8294,2,3,0,1,0.004801097,-0.026639344,-0.730208333,2,-1.525458248,pop
8295,2,2,0,0,0.338134431,1.306693989,-2.105208333,2,-2.525458248,pop
8296,2,4,1,1,1.338134431,0.306693989,-0.355208333,3,-0.525458248,pop
8297,2,3,0,1,1.338134431,1.306693989,1.394791667,3,-1.525458248,pop
8298,2,2,1,1,-0.328532236,0.306693989,0.269791667,2,-2.525458248,pop
8300,2,5,1,0,-0.661865569,-1.026639344,1.769791667,1,0.474541752,pop
8301,2,2,1,1,-1.328532236,0.306693989,-0.480208333,1,-2.525458248,pop
8302,2,5,0,0,0.338134431,-0.693306011,-0.230208333,3,0.474541752,pop
8303,2,5,0,0,-1.328532236,-1.026639344,-4.480208333,2,0.474541752,pop
8304,2,7,1,0,-0.661865569,-3.026639344,-1.980208333,2,2.474541752,pop
8305,2,5,0,1,-0.661865569,-1.693306011,-1.730208333,1,0.474541752,pop
8306,2,4,0,1,0.338134431,-0.359972678,0.769791667,3,-0.525458248,pop
8307,2,4,1,1,-0.328532236,0.640027322,1.019791667,1,-0.525458248,pop
8308,2,7,1,0,0.338134431,0.306693989,-2.605208333,3,2.474541752,pop
8309,2,5,0,0,0.338134431,1.640027322,2.019791667,2,0.474541752,pop
8310,2,6,1,1,0.338134431,0.306693989,-0.105208333,1,1.474541752,pop
8312,2,5,0,0,0.338134431,0.973360656,1.144791667,1,0.474541752,pop
8314,2,4,1,0,0.004801097,0.306693989,-2.480208333,2,-0.525458248,pop
8315,2,5,0,1,1.671467764,0.306693989,2.519791667,2,0.474541752,pop
8316,2,5,1,1,-2.995198903,-2.693306011,0.519791667,2,0.474541752,pop
8317,2,6,0,1,-0.328532236,-0.359972678,-1.230208333,3,1.474541752,pop
8318,2,6,1,1,1.671467764,-1.026639344,0.269791667,3,1.474541752,pop
8319,2,4,0,0,-1.661865569,0.640027322,0.019791667,2,-0.525458248,pop
8320,2,6,1,0,1.338134431,0.973360656,2.019791667,2,1.474541752,pop
8321,2,6,1,0,1.671467764,0.973360656,-0.105208333,1,1.474541752,pop
8322,2,3,1,1,0.004801097,1.640027322,0.519791667,1,-1.525458248,pop
8323,2,7,0,1,1.338134431,1.306693989,1.144791667,2,2.474541752,pop
8324,2,3,1,0,-0.661865569,-1.693306011,-0.355208333,2,-1.525458248,pop
8325,2,3,1,1,1.671467764,-0.359972678,1.269791667,3,-1.525458248,pop
8327,2,4,1,1,0.004801097,0.973360656,0.519791667,2,-0.525458248,pop
8328,2,7,1,1,-1.995198903,-0.359972678,0.144791667,2,2.474541752,pop
8329,2,4,0,0,-0.661865569,0.640027322,0.394791667,1,-0.525458248,pop
8330,2,5,0,1,-0.328532236,0.306693989,-0.355208333,2,0.474541752,pop
8331,2,5,1,1,0.004801097,-0.693306011,1.269791667,2,0.474541752,pop
8332,2,1,1,0,-2.328532236,-1.693306011,-0.355208333,2,-3.525458248,pop
8333,2,4,1,0,-1.328532236,-0.693306011,-0.480208333,2,-0.525458248,pop
8334,2,4,1,1,-1.661865569,1.640027322,-1.855208333,1,-0.525458248,pop
8335,2,6,0,1,0.004801097,-0.359972678,0.894791667,3,1.474541752,pop
8337,2,4,1,1,-0.995198903,-0.693306011,-1.355208333,2,-0.525458248,pop
8338,2,6,1,1,0.004801097,-1.359972678,0.644791667,1,1.474541752,pop
8339,2,3,0,1,1.004801097,-1.693306011,0.519791667,3,-1.525458248,pop
8340,2,4,0,0,1.338134431,2.306693989,1.519791667,3,-0.525458248,pop
8342,2,5,0,1,-0.661865569,-1.693306011,0.019791667,1,0.474541752,pop
8343,2,6,1,1,0.671467764,0.973360656,1.394791667,3,1.474541752,pop
8344,2,5,1,1,1.671467764,0.973360656,-4.480208333,3,0.474541752,pop
8345,2,4,1,0,0.338134431,-1.026639344,-0.605208333,3,-0.525458248,pop
8347,2,5,0,0,-5.328532236,-1.026639344,-0.730208333,2,0.474541752,pop
8348,2,1,1,0,-1.328532236,1.306693989,-0.355208333,2,-3.525458248,pop
8349,2,2,0,0,-2.995198903,1.640027322,-1.980208333,1,-2.525458248,pop
8350,2,5,0,1,0.004801097,-0.359972678,-1.230208333,2,0.474541752,pop
8351,2,2,1,0,-2.661865569,-1.026639344,-2.605208333,3,-2.525458248,pop
8352,2,7,0,0,0.338134431,-0.359972678,1.019791667,3,2.474541752,pop
8353,2,6,0,1,0.004801097,0.306693989,-0.605208333,2,1.474541752,pop
8356,2,5,0,1,-0.661865569,-2.026639344,-0.230208333,2,0.474541752,pop
8357,2,2,1,1,-1.661865569,1.306693989,0.144791667,2,-2.525458248,pop
8358,2,7,0,0,0.338134431,-1.693306011,0.769791667,3,2.474541752,pop
8359,2,5,0,1,0.338134431,-0.359972678,0.769791667,2,0.474541752,pop
8360,2,6,0,0,0.004801097,-1.026639344,-0.355208333,1,1.474541752,pop
8361,2,1,0,1,0.671467764,0.640027322,-0.605208333,1,-3.525458248,pop
8362,2,5,0,0,0.004801097,-1.359972678,0.519791667,1,0.474541752,pop
8363,2,7,1,0,-0.328532236,0.306693989,-0.730208333,1,2.474541752,pop
8364,2,3,0,0,0.671467764,-1.026639344,-1.230208333,1,-1.525458248,pop
8366,2,5,0,0,0.671467764,-1.693306011,1.394791667,1,0.474541752,pop
8367,2,7,1,1,1.671467764,2.306693989,2.519791667,1,2.474541752,pop
8368,2,6,0,1,0.004801097,-0.693306011,-0.855208333,1,1.474541752,pop
8369,2,4,1,0,0.338134431,0.973360656,-1.605208333,3,-0.525458248,pop
8371,2,6,0,1,1.004801097,-0.693306011,-0.355208333,2,1.474541752,pop
8372,2,6,0,1,1.338134431,1.973360656,-1.480208333,1,1.474541752,pop
8373,2,1,1,0,-0.661865569,-0.693306011,0.644791667,2,-3.525458248,pop
8374,2,7,0,0,-0.661865569,-1.693306011,-0.730208333,2,2.474541752,pop
8375,2,1,1,0,-2.995198903,2.306693989,-3.480208333,1,-3.525458248,pop
8376,2,4,0,1,-0.328532236,-4.693306011,1.894791667,1,-0.525458248,pop
8377,2,5,0,1,0.004801097,-2.359972678,0.644791667,3,0.474541752,pop
8378,2,6,1,1,-0.328532236,1.306693989,1.644791667,2,1.474541752,pop
8379,2,7,1,1,0.671467764,0.973360656,1.019791667,2,2.474541752,pop
8380,2,7,0,0,0.338134431,-1.693306011,0.019791667,3,2.474541752,pop
8381,2,4,0,0,-0.995198903,0.306693989,0.519791667,1,-0.525458248,pop
8382,2,4,0,0,0.671467764,-0.693306011,-0.605208333,1,-0.525458248,pop
8383,2,6,0,1,0.004801097,-0.026639344,0.519791667,1,1.474541752,pop
8384,2,7,0,1,1.671467764,2.306693989,2.144791667,1,2.474541752,pop
8385,2,6,1,1,1.004801097,-0.359972678,1.394791667,3,1.474541752,pop
8386,2,3,0,1,-0.995198903,-0.026639344,-1.230208333,3,-1.525458248,pop
8387,2,4,0,0,-0.661865569,1.306693989,-1.605208333,1,-0.525458248,pop
8389,2,4,0,0,-1.661865569,1.973360656,-4.480208333,1,-0.525458248,pop
8390,2,6,0,1,1.004801097,-2.026639344,0.519791667,1,1.474541752,pop
8391,2,4,0,0,-0.995198903,-1.693306011,-0.605208333,2,-0.525458248,pop
8392,2,5,1,1,0.671467764,-3.026639344,0.644791667,1,0.474541752,pop
8393,2,5,1,1,-0.328532236,0.640027322,0.644791667,1,0.474541752,pop
8394,2,2,1,0,1.004801097,1.640027322,1.894791667,2,-2.525458248,pop
8396,2,3,0,1,-0.328532236,0.306693989,0.019791667,1,-1.525458248,pop
8397,2,7,0,1,1.671467764,0.306693989,-0.480208333,1,2.474541752,pop
8398,2,6,0,0,0.338134431,-1.693306011,-0.105208333,1,1.474541752,pop
8399,2,6,0,1,-0.995198903,-4.693306011,-0.355208333,1,1.474541752,pop
8401,2,1,0,0,-1.328532236,2.306693989,-2.355208333,1,-3.525458248,pop
8402,2,5,1,0,0.671467764,1.306693989,1.144791667,1,0.474541752,pop
8403,2,4,0,1,-0.995198903,0.306693989,-0.605208333,2,-0.525458248,pop
8404,2,6,0,1,1.671467764,1.306693989,0.894791667,3,1.474541752,pop
8405,2,7,1,1,0.004801097,-0.359972678,1.394791667,1,2.474541752,pop
8406,2,4,0,1,1.338134431,0.973360656,-0.230208333,1,-0.525458248,pop
8407,2,5,1,0,-0.661865569,-1.026639344,-0.105208333,1,0.474541752,pop
8408,2,5,0,0,0.671467764,-2.359972678,0.269791667,1,0.474541752,pop
8409,2,4,1,1,-0.661865569,0.306693989,-0.480208333,1,-0.525458248,pop
8410,2,5,0,1,1.004801097,0.306693989,0.894791667,1,0.474541752,pop
8412,2,7,0,1,0.671467764,0.640027322,1.019791667,1,2.474541752,pop
8413,2,5,0,1,0.671467764,-0.359972678,1.644791667,3,0.474541752,pop
8414,2,6,1,1,1.004801097,2.306693989,0.769791667,1,1.474541752,pop
8415,2,2,1,0,1.004801097,0.973360656,-0.480208333,2,-2.525458248,pop
8419,2,5,0,1,-1.328532236,-0.359972678,-0.230208333,1,0.474541752,pop
8420,2,7,0,0,0.671467764,0.306693989,1.019791667,3,2.474541752,pop
8421,2,6,0,1,-2.661865569,0.640027322,0.144791667,2,1.474541752,pop
8423,2,4,0,0,-1.661865569,-1.359972678,-1.480208333,2,-0.525458248,pop
8425,2,6,1,1,1.671467764,-0.693306011,0.519791667,2,1.474541752,pop
8427,2,4,1,1,-1.328532236,-0.359972678,0.019791667,3,-0.525458248,pop
8428,2,4,0,1,0.338134431,0.306693989,-0.730208333,3,-0.525458248,pop
8429,2,6,0,1,0.671467764,0.973360656,-0.355208333,3,1.474541752,pop
8430,2,7,1,1,0.671467764,-0.693306011,-0.730208333,1,2.474541752,pop
8431,2,5,1,0,-0.328532236,0.640027322,2.144791667,1,0.474541752,pop
8433,2,6,0,0,0.671467764,1.306693989,-1.105208333,2,1.474541752,pop
8434,2,3,1,0,-1.328532236,-3.693306011,-0.980208333,2,-1.525458248,pop
8435,2,7,1,1,0.004801097,-2.026639344,0.269791667,2,2.474541752,pop
8437,2,6,0,1,1.671467764,0.306693989,0.269791667,2,1.474541752,pop
8438,2,4,1,1,0.671467764,0.306693989,0.644791667,2,-0.525458248,pop
8439,2,6,0,1,1.671467764,-0.693306011,0.144791667,3,1.474541752,pop
8440,2,4,0,1,1.004801097,0.640027322,0.894791667,2,-0.525458248,pop
8441,2,3,1,0,-1.328532236,-0.693306011,-0.105208333,3,-1.525458248,pop
8442,2,5,1,0,1.671467764,1.973360656,0.269791667,3,0.474541752,pop
8443,2,6,1,1,1.338134431,2.306693989,2.019791667,1,1.474541752,pop
8444,2,4,1,0,0.004801097,-1.359972678,-0.480208333,1,-0.525458248,pop
8445,2,4,0,1,1.338134431,-1.693306011,-1.230208333,2,-0.525458248,pop
8446,2,6,1,1,-1.661865569,-1.693306011,-0.980208333,2,1.474541752,pop
8447,2,1,0,1,-0.661865569,0.306693989,0.769791667,1,-3.525458248,pop
8448,2,4,0,0,1.004801097,1.306693989,0.644791667,3,-0.525458248,pop
8449,2,6,0,1,0.004801097,1.973360656,0.269791667,1,1.474541752,pop
8450,2,3,0,1,0.004801097,1.640027322,-0.605208333,3,-1.525458248,pop
8451,2,6,0,1,0.004801097,-1.693306011,0.519791667,3,1.474541752,pop
8452,2,7,1,1,-0.328532236,-0.693306011,-0.980208333,1,2.474541752,pop
8453,2,5,1,1,0.671467764,-0.026639344,0.144791667,3,0.474541752,pop
8454,2,7,1,1,-1.328532236,-0.693306011,0.269791667,3,2.474541752,pop
8455,2,5,0,0,0.338134431,1.973360656,-1.355208333,3,0.474541752,pop
8456,2,7,1,1,1.338134431,-1.026639344,0.394791667,3,2.474541752,pop
8457,2,6,1,1,0.671467764,-1.026639344,1.394791667,1,1.474541752,pop
8458,2,7,1,1,0.671467764,0.973360656,-0.480208333,1,2.474541752,pop
8459,2,5,1,0,1.671467764,2.306693989,0.894791667,1,0.474541752,pop
8460,2,6,1,1,0.671467764,-0.359972678,1.269791667,1,1.474541752,pop
8461,2,7,1,1,1.671467764,2.306693989,2.144791667,2,2.474541752,pop
8462,2,5,0,1,-1.328532236,-0.026639344,0.269791667,2,0.474541752,pop
8463,2,3,1,0,0.338134431,-0.026639344,1.394791667,2,-1.525458248,pop
8464,2,6,0,1,-0.661865569,0.640027322,0.644791667,1,1.474541752,pop
8465,2,4,0,1,0.338134431,-1.359972678,0.519791667,3,-0.525458248,pop
8466,2,5,1,0,1.004801097,-1.693306011,0.894791667,2,0.474541752,pop
8467,2,1,0,1,0.671467764,0.973360656,0.519791667,3,-3.525458248,pop
8468,2,7,1,1,1.338134431,0.640027322,0.644791667,1,2.474541752,pop
8469,2,2,0,1,0.338134431,0.306693989,-4.480208333,1,-2.525458248,pop
8470,2,5,0,0,0.671467764,1.306693989,0.144791667,1,0.474541752,pop
8471,2,3,0,0,-0.995198903,-1.026639344,-0.355208333,2,-1.525458248,pop
8472,2,4,1,0,0.004801097,-1.359972678,-0.230208333,1,-0.525458248,pop
8473,2,7,0,1,1.004801097,2.306693989,-1.230208333,2,2.474541752,pop
8474,2,5,1,0,0.338134431,0.640027322,-1.105208333,2,0.474541752,pop
8475,2,4,1,0,0.671467764,-2.693306011,-0.355208333,2,-0.525458248,pop
8476,2,5,0,1,-0.328532236,0.973360656,-0.480208333,2,0.474541752,pop
8477,2,5,1,1,-0.995198903,-1.026639344,-0.480208333,3,0.474541752,pop
8478,2,6,1,0,0.004801097,1.306693989,0.019791667,3,1.474541752,pop
8479,2,5,1,1,1.671467764,0.973360656,0.519791667,2,0.474541752,pop
8480,2,4,0,0,1.004801097,0.973360656,-0.730208333,2,-0.525458248,pop
8481,2,7,1,0,1.671467764,2.306693989,1.894791667,2,2.474541752,pop
8482,2,5,1,0,1.004801097,1.306693989,1.394791667,3,0.474541752,pop
8483,2,3,1,1,-0.995198903,0.640027322,-0.105208333,3,-1.525458248,pop
8484,2,6,1,0,0.671467764,-0.693306011,-0.230208333,2,1.474541752,pop
8485,2,4,0,1,-0.328532236,1.306693989,-0.230208333,1,-0.525458248,pop
8486,2,5,1,0,-0.328532236,-0.359972678,-0.355208333,3,0.474541752,pop
8487,2,4,0,1,0.004801097,0.640027322,0.269791667,1,-0.525458248,pop
8488,2,4,0,0,1.004801097,2.306693989,-0.105208333,1,-0.525458248,pop
8489,2,6,1,1,0.004801097,1.973360656,0.394791667,1,1.474541752,pop
8490,2,5,1,1,0.004801097,0.973360656,0.269791667,2,0.474541752,pop
8491,2,5,1,0,-1.328532236,-2.359972678,1.019791667,1,0.474541752,pop
8492,2,4,1,1,1.338134431,0.973360656,-0.605208333,2,-0.525458248,pop
8493,2,5,1,1,0.004801097,-0.359972678,-1.355208333,1,0.474541752,pop
8494,2,5,0,1,-0.661865569,-0.026639344,-0.355208333,3,0.474541752,pop
8495,2,2,0,1,1.338134431,1.640027322,-0.230208333,3,-2.525458248,pop
8496,2,4,1,1,1.671467764,1.306693989,1.144791667,2,-0.525458248,pop
8497,2,6,0,1,1.004801097,1.306693989,1.644791667,1,1.474541752,pop
8498,2,1,1,0,-0.328532236,2.306693989,0.894791667,1,-3.525458248,pop
8499,2,7,1,1,0.004801097,-1.359972678,0.019791667,3,2.474541752,pop
6943,3,5,1,1,0.004801097,0.640027322,0.019791667,1,0.032586558,brand
7945,3,4,1,1,0.671467764,-0.026639344,-0.105208333,2,-0.967413442,brand
7946,3,6,0,1,-0.661865569,0.306693989,0.144791667,1,1.032586558,brand
7947,3,6,1,0,1.671467764,-1.359972678,0.394791667,1,1.032586558,brand
7948,3,4,1,1,1.671467764,0.973360656,0.269791667,3,-0.967413442,brand
7949,3,6,1,1,1.338134431,-0.693306011,2.519791667,2,1.032586558,brand
7950,3,2,0,0,0.004801097,-0.026639344,-0.230208333,3,-2.967413442,brand
7951,3,6,1,1,0.671467764,0.640027322,-0.605208333,1,1.032586558,brand
7952,3,7,0,1,1.338134431,0.640027322,0.769791667,2,2.032586558,brand
7953,3,7,1,1,1.004801097,1.306693989,2.394791667,1,2.032586558,brand
7954,3,4,0,1,0.004801097,-1.693306011,0.769791667,1,-0.967413442,brand
7955,3,1,0,1,-1.328532236,0.973360656,0.894791667,2,-3.967413442,brand
7956,3,4,1,1,0.004801097,-0.693306011,-0.355208333,1,-0.967413442,brand
7957,3,7,1,0,1.338134431,1.973360656,-0.855208333,1,2.032586558,brand
7958,3,6,0,1,-1.328532236,-0.359972678,0.644791667,2,1.032586558,brand
7959,3,3,0,1,-0.328532236,-0.359972678,0.519791667,2,-1.967413442,brand
7960,3,4,1,1,-0.661865569,-0.359972678,-0.605208333,1,-0.967413442,brand
7961,3,7,0,1,0.004801097,0.306693989,0.519791667,3,2.032586558,brand
7963,3,6,1,1,0.004801097,1.306693989,-0.480208333,1,1.032586558,brand
7965,3,4,1,1,0.004801097,-0.359972678,-1.105208333,2,-0.967413442,brand
7966,3,5,1,0,0.004801097,0.973360656,-0.355208333,2,0.032586558,brand
7967,3,7,1,1,1.004801097,-1.359972678,-0.855208333,1,2.032586558,brand
7969,3,6,0,1,-2.328532236,-1.026639344,-1.105208333,2,1.032586558,brand
7970,3,7,1,1,1.671467764,0.306693989,-1.230208333,1,2.032586558,brand
7971,3,4,1,1,-5.328532236,-4.693306011,-0.355208333,2,-0.967413442,brand
7972,3,4,0,1,-0.995198903,0.306693989,-0.730208333,3,-0.967413442,brand
7974,3,7,1,1,0.338134431,1.306693989,1.894791667,1,2.032586558,brand
7975,3,6,0,0,1.004801097,1.306693989,1.519791667,1,1.032586558,brand
7976,3,7,1,1,0.004801097,-0.026639344,1.519791667,2,2.032586558,brand
7977,3,4,1,0,-2.661865569,-1.026639344,0.144791667,2,-0.967413442,brand
7978,3,5,1,0,-0.328532236,-0.359972678,-0.605208333,2,0.032586558,brand
7979,3,4,0,1,0.004801097,1.973360656,-0.480208333,2,-0.967413442,brand
7980,3,6,0,1,0.338134431,-0.026639344,-0.605208333,2,1.032586558,brand
7981,3,1,1,0,1.338134431,-1.359972678,2.519791667,2,-3.967413442,brand
7982,3,6,1,1,0.671467764,-0.693306011,-0.105208333,2,1.032586558,brand
7983,3,6,1,1,0.671467764,0.306693989,1.519791667,2,1.032586558,brand
7984,3,6,1,1,-2.661865569,-0.026639344,0.894791667,1,1.032586558,brand
7985,3,6,0,1,0.338134431,-1.359972678,0.644791667,2,1.032586558,brand
7987,3,6,0,1,0.004801097,0.306693989,-0.230208333,2,1.032586558,brand
7988,3,5,0,1,0.671467764,0.973360656,0.519791667,1,0.032586558,brand
7989,3,6,1,1,1.338134431,-0.359972678,-1.980208333,1,1.032586558,brand
7990,3,5,0,0,-2.328532236,-0.693306011,-1.605208333,2,0.032586558,brand
7991,3,4,1,0,-0.995198903,-0.693306011,-0.105208333,3,-0.967413442,brand
7992,3,5,1,1,-0.328532236,-0.359972678,0.144791667,1,0.032586558,brand
7993,3,4,0,1,0.004801097,-0.026639344,0.269791667,3,-0.967413442,brand
7994,3,6,1,1,0.671467764,0.973360656,-0.230208333,3,1.032586558,brand
7995,3,7,1,1,0.004801097,1.640027322,-0.605208333,2,2.032586558,brand
7996,3,7,1,1,0.004801097,-3.693306011,-0.480208333,1,2.032586558,brand
7997,3,6,1,0,-1.995198903,-0.359972678,0.019791667,3,1.032586558,brand
7998,3,4,1,0,0.338134431,-0.359972678,-0.605208333,2,-0.967413442,brand
7999,3,7,1,1,0.671467764,0.973360656,-0.480208333,3,2.032586558,brand
8001,3,4,1,1,-1.661865569,-1.693306011,-4.480208333,1,-0.967413442,brand
8002,3,4,0,1,0.671467764,-0.026639344,0.519791667,2,-0.967413442,brand
8003,3,4,1,0,-2.661865569,-0.693306011,-1.105208333,1,-0.967413442,brand
8004,3,6,1,1,-0.661865569,-0.359972678,0.019791667,2,1.032586558,brand
8005,3,4,0,1,0.338134431,-0.693306011,0.769791667,1,-0.967413442,brand
8006,3,4,1,0,-2.328532236,1.306693989,0.769791667,1,-0.967413442,brand
8007,3,5,0,1,-0.995198903,0.640027322,-0.105208333,2,0.032586558,brand
8008,3,2,0,0,1.338134431,2.306693989,-1.980208333,3,-2.967413442,brand
8010,3,3,0,0,-0.661865569,-1.359972678,-0.480208333,3,-1.967413442,brand
8011,3,7,0,0,-0.328532236,2.306693989,-1.230208333,3,2.032586558,brand
8012,3,7,0,1,-0.328532236,2.306693989,-1.230208333,3,2.032586558,brand
8013,3,7,0,1,-0.328532236,2.306693989,-1.230208333,1,2.032586558,brand
8014,3,4,1,1,0.004801097,-1.026639344,-0.355208333,2,-0.967413442,brand
8015,3,4,0,0,-1.661865569,0.640027322,-1.230208333,1,-0.967413442,brand
8016,3,4,0,1,-0.661865569,-0.359972678,-1.230208333,3,-0.967413442,brand
8017,3,5,1,0,0.004801097,0.640027322,0.394791667,2,0.032586558,brand
8018,3,6,1,0,-0.328532236,-0.026639344,0.144791667,1,1.032586558,brand
8019,3,5,0,0,0.338134431,-0.693306011,0.394791667,2,0.032586558,brand
8020,3,7,1,1,1.338134431,-1.359972678,1.019791667,1,2.032586558,brand
8021,3,5,0,0,0.671467764,0.973360656,0.144791667,2,0.032586558,brand
8023,3,6,1,0,0.004801097,-0.693306011,-0.105208333,3,1.032586558,brand
8024,3,4,0,0,0.338134431,-1.693306011,0.144791667,1,-0.967413442,brand
8026,3,7,1,1,1.338134431,-2.693306011,-1.355208333,1,2.032586558,brand
8027,3,2,0,1,1.004801097,-1.359972678,-0.355208333,2,-2.967413442,brand
8028,3,6,1,1,0.671467764,-1.026639344,-0.605208333,1,1.032586558,brand
8029,3,4,1,0,-0.328532236,1.306693989,-0.480208333,3,-0.967413442,brand
8030,3,6,1,0,0.338134431,0.640027322,0.019791667,3,1.032586558,brand
8031,3,5,0,0,-0.661865569,-0.359972678,0.394791667,1,0.032586558,brand
8032,3,7,1,1,-0.661865569,1.306693989,-0.480208333,2,2.032586558,brand
8033,3,6,0,0,0.671467764,-0.693306011,-1.355208333,2,1.032586558,brand
8034,3,6,1,1,1.004801097,0.306693989,-1.855208333,2,1.032586558,brand
8036,3,6,1,1,0.671467764,-0.359972678,0.144791667,1,1.032586558,brand
8037,3,6,1,1,-0.995198903,-0.693306011,0.144791667,2,1.032586558,brand
8038,3,6,1,1,-1.661865569,2.306693989,0.019791667,1,1.032586558,brand
8039,3,2,1,1,-0.995198903,2.306693989,-0.855208333,3,-2.967413442,brand
8040,3,6,1,1,-0.995198903,-1.693306011,0.269791667,1,1.032586558,brand
8041,3,5,0,1,0.004801097,0.973360656,1.519791667,1,0.032586558,brand
8042,3,3,1,1,-0.328532236,0.973360656,-1.605208333,1,-1.967413442,brand
8043,3,7,1,1,-0.661865569,-2.359972678,-0.355208333,2,2.032586558,brand
8044,3,6,1,0,0.004801097,-1.359972678,0.144791667,2,1.032586558,brand
8045,3,4,0,0,-0.328532236,0.973360656,-0.105208333,3,-0.967413442,brand
8046,3,6,0,0,-0.661865569,0.973360656,-1.855208333,3,1.032586558,brand
8047,3,5,1,1,-1.328532236,1.973360656,-0.605208333,2,0.032586558,brand
8049,3,7,1,1,-0.995198903,0.640027322,-0.730208333,2,2.032586558,brand
8050,3,4,1,0,0.338134431,-0.359972678,-0.980208333,2,-0.967413442,brand
8052,3,6,1,1,0.338134431,-1.693306011,-1.480208333,3,1.032586558,brand
8054,3,5,1,1,-0.995198903,-1.026639344,-0.105208333,3,0.032586558,brand
8055,3,6,0,1,0.004801097,0.306693989,0.144791667,2,1.032586558,brand
8056,3,6,0,0,0.004801097,1.640027322,1.269791667,2,1.032586558,brand
8057,3,2,0,0,-0.661865569,1.640027322,-1.355208333,1,-2.967413442,brand
8058,3,5,1,1,0.671467764,2.306693989,-0.855208333,2,0.032586558,brand
8059,3,3,0,1,0.004801097,-1.359972678,0.019791667,3,-1.967413442,brand
8060,3,6,1,1,-0.995198903,-1.359972678,-1.605208333,3,1.032586558,brand
8061,3,2,0,1,0.338134431,-0.026639344,-0.230208333,3,-2.967413442,brand
8062,3,7,1,1,-0.661865569,-1.026639344,0.019791667,3,2.032586558,brand
8064,3,7,1,1,0.671467764,-1.026639344,0.644791667,3,2.032586558,brand
8065,3,3,0,1,1.338134431,-1.693306011,-1.105208333,2,-1.967413442,brand
8066,3,7,0,1,0.338134431,0.640027322,0.894791667,3,2.032586558,brand
8067,3,3,0,0,1.004801097,0.306693989,-0.605208333,2,-1.967413442,brand
8069,3,6,1,1,0.004801097,0.973360656,-0.480208333,3,1.032586558,brand
8070,3,4,0,0,-1.661865569,-0.026639344,-0.230208333,2,-0.967413442,brand
8071,3,7,1,1,-0.995198903,-1.026639344,-0.480208333,1,2.032586558,brand
8072,3,5,1,1,-1.328532236,0.306693989,-0.105208333,1,0.032586558,brand
8073,3,3,0,0,1.004801097,-1.359972678,0.144791667,1,-1.967413442,brand
8074,3,3,0,0,-2.995198903,-1.693306011,1.644791667,2,-1.967413442,brand
8075,3,2,0,1,0.671467764,0.306693989,0.644791667,1,-2.967413442,brand
8076,3,3,0,1,-0.328532236,-0.693306011,-0.980208333,3,-1.967413442,brand
8077,3,7,1,1,0.671467764,1.306693989,0.269791667,3,2.032586558,brand
8078,3,6,0,0,0.671467764,0.306693989,1.894791667,2,1.032586558,brand
8080,3,5,0,1,0.671467764,0.306693989,0.894791667,3,0.032586558,brand
8081,3,5,1,1,-0.661865569,-0.693306011,0.269791667,1,0.032586558,brand
8083,3,7,1,0,0.671467764,-3.693306011,0.019791667,1,2.032586558,brand
8084,3,1,0,1,1.004801097,1.640027322,-0.730208333,1,-3.967413442,brand
8085,3,6,0,0,0.671467764,0.640027322,-0.355208333,2,1.032586558,brand
8086,3,2,0,0,1.004801097,0.973360656,1.144791667,3,-2.967413442,brand
8087,3,6,1,1,-0.661865569,-0.693306011,0.019791667,2,1.032586558,brand
8088,3,4,0,1,1.004801097,1.306693989,-0.355208333,2,-0.967413442,brand
8089,3,7,1,1,-1.328532236,-0.359972678,1.894791667,2,2.032586558,brand
8090,3,5,1,1,0.004801097,0.973360656,1.519791667,3,0.032586558,brand
8091,3,3,0,1,-1.328532236,-1.359972678,0.644791667,2,-1.967413442,brand
8092,3,3,0,1,-2.328532236,-1.026639344,0.394791667,1,-1.967413442,brand
8093,3,7,1,1,0.338134431,-0.693306011,0.644791667,2,2.032586558,brand
8094,3,5,0,0,-1.995198903,-0.026639344,1.519791667,3,0.032586558,brand
8095,3,6,0,0,-0.328532236,-0.026639344,-1.480208333,2,1.032586558,brand
8096,3,5,1,1,0.004801097,0.640027322,-1.855208333,3,0.032586558,brand
8097,3,6,0,0,-1.328532236,-0.359972678,0.269791667,1,1.032586558,brand
8098,3,6,0,0,-0.995198903,-2.693306011,0.019791667,2,1.032586558,brand
8099,3,6,0,1,-0.661865569,-1.359972678,0.894791667,2,1.032586558,brand
8100,3,7,1,1,0.671467764,-1.693306011,0.769791667,1,2.032586558,brand
8101,3,4,0,1,-0.995198903,-2.026639344,0.769791667,3,-0.967413442,brand
8102,3,5,1,0,-0.328532236,-0.026639344,-1.105208333,2,0.032586558,brand
8103,3,7,1,1,0.004801097,-1.359972678,-0.230208333,1,2.032586558,brand
8104,3,5,1,1,0.671467764,0.306693989,0.019791667,2,0.032586558,brand
8106,3,2,0,1,-2.661865569,-2.693306011,0.394791667,1,-2.967413442,brand
8107,3,6,1,1,-0.328532236,-0.026639344,-0.730208333,1,1.032586558,brand
8108,3,6,1,1,-0.661865569,0.973360656,0.519791667,3,1.032586558,brand
8109,3,4,1,1,-0.328532236,0.973360656,0.644791667,1,-0.967413442,brand
8110,3,3,1,1,-0.328532236,-0.026639344,0.519791667,3,-1.967413442,brand
8111,3,2,0,1,0.338134431,2.306693989,0.894791667,1,-2.967413442,brand
8113,3,7,1,1,0.671467764,0.973360656,0.519791667,1,2.032586558,brand
8114,3,4,1,1,0.004801097,1.306693989,-0.605208333,3,-0.967413442,brand
8115,3,6,1,0,-1.328532236,-2.359972678,-0.855208333,2,1.032586558,brand
8116,3,5,0,0,0.671467764,-0.026639344,-2.105208333,2,0.032586558,brand
8117,3,6,1,1,-0.661865569,-0.359972678,-3.105208333,2,1.032586558,brand
8118,3,5,1,1,-0.328532236,-1.359972678,-0.355208333,3,0.032586558,brand
8119,3,5,0,0,-0.995198903,0.306693989,2.269791667,3,0.032586558,brand
8120,3,5,1,0,0.671467764,-0.026639344,1.269791667,2,0.032586558,brand
8121,3,5,0,0,-1.328532236,1.306693989,1.394791667,2,0.032586558,brand
8123,3,4,0,1,-0.328532236,-0.026639344,-1.480208333,1,-0.967413442,brand
8124,3,4,0,0,-0.661865569,-0.026639344,-0.355208333,3,-0.967413442,brand
8125,3,7,0,1,0.004801097,-1.693306011,0.394791667,2,2.032586558,brand
8126,3,6,1,1,1.671467764,-0.359972678,-2.480208333,1,1.032586558,brand
8127,3,5,0,1,-1.328532236,0.306693989,0.144791667,2,0.032586558,brand
8128,3,3,0,0,1.338134431,-1.026639344,1.769791667,1,-1.967413442,brand
8129,3,7,1,1,1.338134431,0.973360656,-0.480208333,2,2.032586558,brand
8130,3,3,0,1,0.338134431,1.306693989,0.644791667,2,-1.967413442,brand
8131,3,3,0,1,0.671467764,0.306693989,-1.105208333,3,-1.967413442,brand
8132,3,5,0,1,0.338134431,-0.359972678,-1.230208333,2,0.032586558,brand
8133,3,6,0,1,-0.661865569,0.973360656,0.644791667,3,1.032586558,brand
8134,3,5,0,1,0.004801097,-2.693306011,-0.730208333,1,0.032586558,brand
8136,3,4,1,1,0.004801097,-0.693306011,0.394791667,2,-0.967413442,brand
8137,3,5,1,1,0.004801097,1.306693989,-1.730208333,3,0.032586558,brand
8138,3,6,1,1,-0.328532236,-0.026639344,0.769791667,1,1.032586558,brand
8139,3,3,0,0,-1.661865569,-0.693306011,-0.105208333,1,-1.967413442,brand
8140,3,6,0,0,0.338134431,-1.026639344,-0.480208333,3,1.032586558,brand
8141,3,6,1,1,-0.995198903,0.640027322,0.519791667,2,1.032586558,brand
8142,3,5,0,0,-2.995198903,-1.693306011,-1.730208333,2,0.032586558,brand
8143,3,5,1,1,-1.328532236,-1.026639344,-0.355208333,1,0.032586558,brand
8145,3,6,1,1,1.004801097,-0.026639344,0.644791667,2,1.032586558,brand
8146,3,5,0,1,0.338134431,-0.026639344,0.894791667,3,0.032586558,brand
8147,3,5,0,0,1.671467764,0.640027322,-2.230208333,1,0.032586558,brand
8148,3,5,0,1,-0.995198903,-0.359972678,-0.730208333,1,0.032586558,brand
8149,3,4,1,0,-5.328532236,0.640027322,-2.730208333,3,-0.967413442,brand
8150,3,3,0,0,1.004801097,-0.359972678,1.394791667,3,-1.967413442,brand
8151,3,4,0,1,-5.328532236,1.973360656,-3.480208333,2,-0.967413442,brand
8152,3,1,1,1,-0.328532236,-0.359972678,-0.355208333,3,-3.967413442,brand
8153,3,4,1,0,0.004801097,-3.693306011,1.519791667,1,-0.967413442,brand
8156,3,5,0,0,-1.328532236,-2.026639344,-2.855208333,2,0.032586558,brand
8158,3,7,0,0,-1.328532236,-1.026639344,0.019791667,2,2.032586558,brand
8159,3,5,0,0,0.671467764,1.640027322,0.019791667,1,0.032586558,brand
8160,3,4,0,1,0.004801097,-1.693306011,-0.355208333,3,-0.967413442,brand
8161,3,5,1,0,-1.328532236,-0.026639344,0.269791667,1,0.032586558,brand
8162,3,7,0,1,0.671467764,-0.359972678,1.394791667,2,2.032586558,brand
8165,3,3,0,0,-0.661865569,0.973360656,-1.230208333,3,-1.967413442,brand
8166,3,2,0,1,1.004801097,1.640027322,0.394791667,1,-2.967413442,brand
8167,3,5,1,0,0.671467764,-0.693306011,1.144791667,3,0.032586558,brand
8168,3,3,1,0,0.004801097,-1.693306011,-0.730208333,3,-1.967413442,brand
8169,3,6,1,1,-1.328532236,-1.693306011,1.019791667,3,1.032586558,brand
8170,3,6,1,0,1.004801097,0.306693989,1.019791667,1,1.032586558,brand
8172,3,2,0,1,1.671467764,0.973360656,1.269791667,2,-2.967413442,brand
8173,3,4,0,1,-1.995198903,1.306693989,-0.355208333,3,-0.967413442,brand
8174,3,1,0,1,-0.995198903,-0.026639344,0.144791667,2,-3.967413442,brand
8176,3,5,0,1,-0.328532236,-0.693306011,1.269791667,1,0.032586558,brand
8177,3,7,0,1,1.671467764,-1.693306011,1.519791667,3,2.032586558,brand
8178,3,7,1,1,-0.661865569,-2.026639344,-1.855208333,2,2.032586558,brand
8179,3,6,1,1,0.338134431,-0.359972678,-1.855208333,1,1.032586558,brand
8180,3,5,1,1,0.338134431,0.973360656,1.394791667,2,0.032586558,brand
8182,3,6,1,1,1.004801097,0.973360656,-0.105208333,2,1.032586558,brand
8183,3,7,1,1,0.004801097,-2.026639344,0.769791667,2,2.032586558,brand
8185,3,5,1,1,1.004801097,1.640027322,0.144791667,2,0.032586558,brand
8186,3,5,0,1,0.338134431,-1.359972678,-0.355208333,3,0.032586558,brand
8187,3,4,1,1,-1.661865569,0.306693989,-0.730208333,1,-0.967413442,brand
8188,3,7,1,1,0.671467764,-0.693306011,1.894791667,2,2.032586558,brand
8189,3,6,1,1,0.338134431,1.306693989,-0.105208333,2,1.032586558,brand
8190,3,7,0,0,0.671467764,-2.693306011,0.519791667,1,2.032586558,brand
8191,3,5,0,1,1.338134431,1.640027322,2.019791667,1,0.032586558,brand
8194,3,5,0,0,0.671467764,1.973360656,1.894791667,3,0.032586558,brand
8195,3,7,1,1,-0.661865569,1.306693989,1.019791667,3,2.032586558,brand
8196,3,5,1,1,-0.661865569,-1.359972678,-0.230208333,3,0.032586558,brand
8198,3,6,0,1,0.338134431,0.306693989,0.144791667,2,1.032586558,brand
8199,3,4,0,1,-0.328532236,2.306693989,-1.730208333,1,-0.967413442,brand
8200,3,4,1,0,0.338134431,2.306693989,-4.480208333,3,-0.967413442,brand
8201,3,7,1,1,-1.328532236,0.973360656,0.519791667,1,2.032586558,brand
8202,3,5,0,0,-1.328532236,-0.026639344,-0.355208333,1,0.032586558,brand
8203,3,6,0,1,-0.328532236,-1.026639344,-1.980208333,3,1.032586558,brand
8205,3,7,1,1,1.004801097,-0.026639344,0.019791667,2,2.032586558,brand
8206,3,4,1,1,0.338134431,-0.693306011,-0.355208333,2,-0.967413442,brand
8207,3,7,0,1,0.338134431,-0.026639344,-0.230208333,2,2.032586558,brand
8208,3,4,1,1,1.338134431,-0.359972678,-0.230208333,2,-0.967413442,brand
8209,3,6,1,1,0.671467764,-0.026639344,0.894791667,3,1.032586558,brand
8210,3,5,0,1,-0.328532236,0.306693989,-0.230208333,2,0.032586558,brand
8211,3,2,0,1,-0.661865569,-1.693306011,-0.730208333,3,-2.967413442,brand
8212,3,6,1,0,-0.328532236,-1.693306011,0.019791667,2,1.032586558,brand
8213,3,6,0,1,-0.661865569,-1.359972678,-0.855208333,3,1.032586558,brand
8214,3,7,1,1,1.671467764,-2.693306011,1.644791667,2,2.032586558,brand
8215,3,4,0,0,0.671467764,-1.026639344,-0.105208333,1,-0.967413442,brand
8216,3,5,1,1,1.004801097,-1.026639344,0.519791667,2,0.032586558,brand
8217,3,7,0,1,1.671467764,0.306693989,1.019791667,2,2.032586558,brand
8219,3,4,1,0,-0.995198903,-1.026639344,-0.105208333,3,-0.967413442,brand
8220,3,5,0,1,1.338134431,0.306693989,2.144791667,1,0.032586558,brand
8221,3,3,1,0,-5.328532236,-0.026639344,-1.480208333,2,-1.967413442,brand
8222,3,4,0,1,0.671467764,0.640027322,0.269791667,2,-0.967413442,brand
8223,3,3,1,1,0.004801097,-1.026639344,-0.230208333,1,-1.967413442,brand
8224,3,1,0,1,-0.661865569,1.306693989,1.894791667,1,-3.967413442,brand
8225,3,5,0,1,-1.328532236,-2.693306011,0.519791667,2,0.032586558,brand
8226,3,6,1,1,0.671467764,0.640027322,0.144791667,2,1.032586558,brand
8227,3,6,1,1,0.671467764,-2.359972678,-1.605208333,3,1.032586558,brand
8228,3,3,0,1,-1.328532236,1.973360656,0.769791667,2,-1.967413442,brand
8229,3,7,1,1,0.004801097,-1.359972678,-1.105208333,2,2.032586558,brand
8230,3,3,0,1,1.004801097,0.640027322,1.019791667,3,-1.967413442,brand
8231,3,2,0,1,0.004801097,-0.026639344,0.019791667,1,-2.967413442,brand
8232,3,5,0,0,-1.661865569,-0.359972678,0.769791667,2,0.032586558,brand
8233,3,7,1,1,1.671467764,0.306693989,0.269791667,3,2.032586558,brand
8234,3,3,1,1,1.671467764,2.306693989,-1.480208333,1,-1.967413442,brand
8236,3,6,1,1,1.004801097,-1.693306011,-0.730208333,3,1.032586558,brand
8237,3,1,0,1,0.338134431,-1.026639344,0.269791667,2,-3.967413442,brand
8238,3,5,0,1,-0.661865569,0.306693989,-0.355208333,2,0.032586558,brand
8239,3,5,0,1,1.004801097,0.973360656,1.269791667,3,0.032586558,brand
8240,3,5,1,1,0.338134431,2.306693989,0.144791667,2,0.032586558,brand
8241,3,4,0,1,-0.661865569,-0.359972678,-4.480208333,2,-0.967413442,brand
8243,3,4,0,1,-2.328532236,1.306693989,0.394791667,3,-0.967413442,brand
8244,3,6,1,0,-1.328532236,-0.026639344,-0.980208333,1,1.032586558,brand
8245,3,6,1,0,-0.995198903,-1.359972678,0.144791667,3,1.032586558,brand
8246,3,7,1,1,1.004801097,0.640027322,-4.480208333,2,2.032586558,brand
8247,3,6,0,1,1.338134431,1.306693989,0.894791667,1,1.032586558,brand
8248,3,6,1,0,1.671467764,1.640027322,2.394791667,3,1.032586558,brand
8249,3,7,1,1,-0.661865569,-0.359972678,1.144791667,2,2.032586558,brand
8250,3,7,1,1,0.338134431,-2.359972678,-0.355208333,2,2.032586558,brand
8251,3,3,0,1,1.004801097,-2.026639344,-0.855208333,2,-1.967413442,brand
8252,3,4,1,1,-1.328532236,1.306693989,-0.605208333,3,-0.967413442,brand
8253,3,5,1,0,-2.328532236,-0.026639344,0.019791667,3,0.032586558,brand
8254,3,2,0,1,1.338134431,-0.359972678,-3.105208333,1,-2.967413442,brand
8255,3,5,1,0,-0.328532236,-0.026639344,0.144791667,1,0.032586558,brand
8256,3,4,1,1,-1.661865569,-0.693306011,-0.480208333,2,-0.967413442,brand
8257,3,6,1,1,0.004801097,0.973360656,1.019791667,3,1.032586558,brand
8259,3,4,0,1,0.338134431,1.973360656,-1.355208333,3,-0.967413442,brand
8260,3,5,0,1,0.338134431,-0.359972678,-2.730208333,2,0.032586558,brand
8261,3,5,0,1,-0.328532236,0.306693989,0.894791667,1,0.032586558,brand
8262,3,5,0,0,-1.661865569,-0.693306011,-0.105208333,1,0.032586558,brand
8263,3,7,1,1,0.671467764,-1.359972678,-0.480208333,1,2.032586558,brand
8264,3,6,1,1,1.671467764,2.306693989,1.394791667,2,1.032586558,brand
8265,3,4,0,1,-1.995198903,1.306693989,-0.355208333,1,-0.967413442,brand
8266,3,5,0,0,-3.661865569,-0.693306011,0.144791667,3,0.032586558,brand
8267,3,3,0,0,0.338134431,1.640027322,-4.480208333,1,-1.967413442,brand
8268,3,5,0,1,1.338134431,0.306693989,-0.355208333,1,0.032586558,brand
8269,3,3,0,1,1.004801097,1.640027322,0.019791667,3,-1.967413442,brand
8270,3,6,1,1,1.004801097,0.306693989,-0.730208333,1,1.032586558,brand
8271,3,2,1,1,0.671467764,2.306693989,2.519791667,2,-2.967413442,brand
8272,3,4,0,1,0.338134431,-3.693306011,-0.355208333,3,-0.967413442,brand
8273,3,6,1,1,0.338134431,0.306693989,0.019791667,3,1.032586558,brand
8274,3,6,1,0,-1.661865569,-0.026639344,0.894791667,2,1.032586558,brand
8275,3,7,0,1,1.004801097,1.306693989,1.644791667,3,2.032586558,brand
8276,3,5,1,1,0.338134431,0.306693989,-1.105208333,1,0.032586558,brand
8278,3,4,0,0,1.004801097,-0.359972678,-4.480208333,1,-0.967413442,brand
8279,3,5,0,1,0.338134431,-1.026639344,-0.230208333,1,0.032586558,brand
8281,3,7,1,1,-1.328532236,0.640027322,0.394791667,3,2.032586558,brand
8282,3,5,1,1,0.004801097,-1.026639344,-1.730208333,1,0.032586558,brand
8283,3,4,0,0,-0.661865569,-1.026639344,-1.105208333,2,-0.967413442,brand
8284,3,5,1,1,-1.328532236,1.306693989,-0.480208333,3,0.032586558,brand
8285,3,2,0,1,0.671467764,2.306693989,-0.480208333,3,-2.967413442,brand
8287,3,2,0,1,1.004801097,-2.026639344,-2.230208333,2,-2.967413442,brand
8288,3,4,0,1,1.004801097,-1.693306011,1.019791667,1,-0.967413442,brand
8289,3,6,1,0,1.671467764,1.306693989,-4.480208333,3,1.032586558,brand
8290,3,6,1,1,0.671467764,1.973360656,-0.355208333,1,1.032586558,brand
8291,3,4,0,0,1.671467764,2.306693989,-0.480208333,1,-0.967413442,brand
8292,3,6,0,0,1.004801097,1.640027322,1.269791667,2,1.032586558,brand
8293,3,2,0,1,-0.661865569,-0.693306011,-0.480208333,3,-2.967413442,brand
8294,3,4,1,1,0.004801097,-0.026639344,-0.730208333,3,-0.967413442,brand
8295,3,1,0,1,0.338134431,1.306693989,-2.105208333,1,-3.967413442,brand
8296,3,6,1,1,1.338134431,0.306693989,-0.355208333,1,1.032586558,brand
8297,3,6,0,1,1.338134431,1.306693989,1.394791667,2,1.032586558,brand
8298,3,5,1,1,-0.328532236,0.306693989,0.269791667,3,0.032586558,brand
8300,3,7,1,1,-0.661865569,-1.026639344,1.769791667,2,2.032586558,brand
8301,3,3,0,0,-1.328532236,0.306693989,-0.480208333,2,-1.967413442,brand
8302,3,3,0,1,0.338134431,-0.693306011,-0.230208333,2,-1.967413442,brand
8303,3,5,0,1,-1.328532236,-1.026639344,-4.480208333,3,0.032586558,brand
8304,3,7,0,0,-0.661865569,-3.026639344,-1.980208333,3,2.032586558,brand
8305,3,4,0,0,-0.661865569,-1.693306011,-1.730208333,2,-0.967413442,brand
8306,3,5,0,0,0.338134431,-0.359972678,0.769791667,2,0.032586558,brand
8307,3,6,1,1,-0.328532236,0.640027322,1.019791667,2,1.032586558,brand
8308,3,7,0,0,0.338134431,0.306693989,-2.605208333,1,2.032586558,brand
8309,3,6,1,0,0.338134431,1.640027322,2.019791667,1,1.032586558,brand
8310,3,6,1,1,0.338134431,0.306693989,-0.105208333,3,1.032586558,brand
8312,3,5,1,1,0.338134431,0.973360656,1.144791667,2,0.032586558,brand
8314,3,4,0,1,0.004801097,0.306693989,-2.480208333,3,-0.967413442,brand
8315,3,6,1,0,1.671467764,0.306693989,2.519791667,3,1.032586558,brand
8316,3,1,0,0,-2.995198903,-2.693306011,0.519791667,1,-3.967413442,brand
8317,3,5,0,1,-0.328532236,-0.359972678,-1.230208333,2,0.032586558,brand
8318,3,5,1,0,1.671467764,-1.026639344,0.269791667,2,0.032586558,brand
8319,3,4,1,0,-1.661865569,0.640027322,0.019791667,1,-0.967413442,brand
8320,3,5,0,1,1.338134431,0.973360656,2.019791667,1,0.032586558,brand
8321,3,6,0,0,1.671467764,0.973360656,-0.105208333,2,1.032586558,brand
8322,3,3,1,0,0.004801097,1.640027322,0.519791667,3,-1.967413442,brand
8323,3,6,1,0,1.338134431,1.306693989,1.144791667,1,1.032586558,brand
8324,3,6,0,0,-0.661865569,-1.693306011,-0.355208333,3,1.032586558,brand
8325,3,5,0,1,1.671467764,-0.359972678,1.269791667,1,0.032586558,brand
8327,3,4,0,1,0.004801097,0.973360656,0.519791667,1,-0.967413442,brand
8328,3,6,1,0,-1.995198903,-0.359972678,0.144791667,1,1.032586558,brand
8329,3,6,1,0,-0.661865569,0.640027322,0.394791667,2,1.032586558,brand
8330,3,5,1,1,-0.328532236,0.306693989,-0.355208333,1,0.032586558,brand
8331,3,6,0,0,0.004801097,-0.693306011,1.269791667,3,1.032586558,brand
8332,3,7,1,0,-2.328532236,-1.693306011,-0.355208333,3,2.032586558,brand
8333,3,4,1,1,-1.328532236,-0.693306011,-0.480208333,3,-0.967413442,brand
8334,3,4,1,0,-1.661865569,1.640027322,-1.855208333,2,-0.967413442,brand
8335,3,7,1,0,0.004801097,-0.359972678,0.894791667,2,2.032586558,brand
8337,3,4,1,1,-0.995198903,-0.693306011,-1.355208333,1,-0.967413442,brand
8338,3,6,1,0,0.004801097,-1.359972678,0.644791667,3,1.032586558,brand
8339,3,7,1,1,1.004801097,-1.693306011,0.519791667,1,2.032586558,brand
8340,3,6,0,1,1.338134431,2.306693989,1.519791667,2,1.032586558,brand
8342,3,6,1,1,-0.661865569,-1.693306011,0.019791667,3,1.032586558,brand
8343,3,5,0,1,0.671467764,0.973360656,1.394791667,1,0.032586558,brand
8344,3,7,0,0,1.671467764,0.973360656,-4.480208333,1,2.032586558,brand
8345,3,4,0,1,0.338134431,-1.026639344,-0.605208333,2,-0.967413442,brand
8347,3,5,1,1,-5.328532236,-1.026639344,-0.730208333,3,0.032586558,brand
8348,3,1,0,0,-1.328532236,1.306693989,-0.355208333,1,-3.967413442,brand
8349,3,3,1,1,-2.995198903,1.640027322,-1.980208333,2,-1.967413442,brand
8350,3,6,1,0,0.004801097,-0.359972678,-1.230208333,3,1.032586558,brand
8351,3,7,1,1,-2.661865569,-1.026639344,-2.605208333,2,2.032586558,brand
8352,3,7,1,1,0.338134431,-0.359972678,1.019791667,2,2.032586558,brand
8353,3,7,0,0,0.004801097,0.306693989,-0.605208333,1,2.032586558,brand
8356,3,5,1,0,-0.661865569,-2.026639344,-0.230208333,1,0.032586558,brand
8357,3,5,0,0,-1.661865569,1.306693989,0.144791667,3,0.032586558,brand
8358,3,2,0,1,0.338134431,-1.693306011,0.769791667,2,-2.967413442,brand
8359,3,6,1,1,0.338134431,-0.359972678,0.769791667,3,1.032586558,brand
8360,3,5,0,0,0.004801097,-1.026639344,-0.355208333,2,0.032586558,brand
8361,3,1,0,1,0.671467764,0.640027322,-0.605208333,3,-3.967413442,brand
8362,3,5,0,1,0.004801097,-1.359972678,0.519791667,2,0.032586558,brand
8363,3,7,1,1,-0.328532236,0.306693989,-0.730208333,2,2.032586558,brand
8364,3,3,1,0,0.671467764,-1.026639344,-1.230208333,3,-1.967413442,brand
8366,3,5,1,1,0.671467764,-1.693306011,1.394791667,3,0.032586558,brand
8367,3,7,1,1,1.671467764,2.306693989,2.519791667,2,2.032586558,brand
8368,3,7,1,1,0.004801097,-0.693306011,-0.855208333,3,2.032586558,brand
8369,3,3,1,1,0.338134431,0.973360656,-1.605208333,2,-1.967413442,brand
8371,3,6,1,1,1.004801097,-0.693306011,-0.355208333,1,1.032586558,brand
8372,3,6,0,1,1.338134431,1.973360656,-1.480208333,2,1.032586558,brand
8373,3,1,1,1,-0.661865569,-0.693306011,0.644791667,3,-3.967413442,brand
8374,3,4,1,1,-0.661865569,-1.693306011,-0.730208333,1,-0.967413442,brand
8375,3,2,1,1,-2.995198903,2.306693989,-3.480208333,3,-2.967413442,brand
8376,3,5,0,0,-0.328532236,-4.693306011,1.894791667,2,0.032586558,brand
8377,3,5,1,1,0.004801097,-2.359972678,0.644791667,2,0.032586558,brand
8378,3,6,1,0,-0.328532236,1.306693989,1.644791667,1,1.032586558,brand
8379,3,6,1,1,0.671467764,0.973360656,1.019791667,1,1.032586558,brand
8380,3,6,0,1,0.338134431,-1.693306011,0.019791667,2,1.032586558,brand
8381,3,5,0,1,-0.995198903,0.306693989,0.519791667,2,0.032586558,brand
8382,3,5,1,1,0.671467764,-0.693306011,-0.605208333,2,0.032586558,brand
8383,3,7,0,1,0.004801097,-0.026639344,0.519791667,2,2.032586558,brand
8384,3,7,0,1,1.671467764,2.306693989,2.144791667,2,2.032586558,brand
8385,3,4,0,1,1.004801097,-0.359972678,1.394791667,1,-0.967413442,brand
8386,3,5,0,0,-0.995198903,-0.026639344,-1.230208333,2,0.032586558,brand
8387,3,6,1,1,-0.661865569,1.306693989,-1.605208333,2,1.032586558,brand
8389,3,4,1,1,-1.661865569,1.973360656,-4.480208333,3,-0.967413442,brand
8390,3,7,1,1,1.004801097,-2.026639344,0.519791667,2,2.032586558,brand
8391,3,4,1,1,-0.995198903,-1.693306011,-0.605208333,1,-0.967413442,brand
8392,3,6,1,0,0.671467764,-3.026639344,0.644791667,3,1.032586558,brand
8393,3,4,1,1,-0.328532236,0.640027322,0.644791667,2,-0.967413442,brand
8394,3,4,0,0,1.004801097,1.640027322,1.894791667,3,-0.967413442,brand
8396,3,5,1,1,-0.328532236,0.306693989,0.019791667,2,0.032586558,brand
8397,3,7,0,0,1.671467764,0.306693989,-0.480208333,2,2.032586558,brand
8398,3,7,1,1,0.338134431,-1.693306011,-0.105208333,3,2.032586558,brand
8399,3,6,0,1,-0.995198903,-4.693306011,-0.355208333,2,1.032586558,brand
8401,3,1,1,1,-1.328532236,2.306693989,-2.355208333,2,-3.967413442,brand
8402,3,2,0,1,0.671467764,1.306693989,1.144791667,2,-2.967413442,brand
8403,3,4,0,0,-0.995198903,0.306693989,-0.605208333,3,-0.967413442,brand
8404,3,4,0,0,1.671467764,1.306693989,0.894791667,2,-0.967413442,brand
8405,3,6,1,1,0.004801097,-0.359972678,1.394791667,2,1.032586558,brand
8406,3,5,1,1,1.338134431,0.973360656,-0.230208333,2,0.032586558,brand
8407,3,6,0,0,-0.661865569,-1.026639344,-0.105208333,3,1.032586558,brand
8408,3,3,0,1,0.671467764,-2.359972678,0.269791667,3,-1.967413442,brand
8409,3,4,0,1,-0.661865569,0.306693989,-0.480208333,3,-0.967413442,brand
8410,3,4,0,0,1.004801097,0.306693989,0.894791667,3,-0.967413442,brand
8412,3,7,1,0,0.671467764,0.640027322,1.019791667,2,2.032586558,brand
8413,3,7,1,1,0.671467764,-0.359972678,1.644791667,1,2.032586558,brand
8414,3,7,1,0,1.004801097,2.306693989,0.769791667,3,2.032586558,brand
8415,3,2,1,0,1.004801097,0.973360656,-0.480208333,3,-2.967413442,brand
8419,3,4,0,0,-1.328532236,-0.359972678,-0.230208333,3,-0.967413442,brand
8420,3,7,1,1,0.671467764,0.306693989,1.019791667,1,2.032586558,brand
8421,3,5,0,0,-2.661865569,0.640027322,0.144791667,1,0.032586558,brand
8423,3,4,0,0,-1.661865569,-1.359972678,-1.480208333,3,-0.967413442,brand
8425,3,6,1,0,1.671467764,-0.693306011,0.519791667,3,1.032586558,brand
8427,3,5,1,1,-1.328532236,-0.359972678,0.019791667,1,0.032586558,brand
8428,3,4,1,0,0.338134431,0.306693989,-0.730208333,1,-0.967413442,brand
8429,3,6,1,1,0.671467764,0.973360656,-0.355208333,2,1.032586558,brand
8430,3,4,0,1,0.671467764,-0.693306011,-0.730208333,3,-0.967413442,brand
8431,3,5,0,0,-0.328532236,0.640027322,2.144791667,2,0.032586558,brand
8433,3,6,1,1,0.671467764,1.306693989,-1.105208333,1,1.032586558,brand
8434,3,6,1,1,-1.328532236,-3.693306011,-0.980208333,1,1.032586558,brand
8435,3,7,1,1,0.004801097,-2.026639344,0.269791667,1,2.032586558,brand
8437,3,6,0,1,1.671467764,0.306693989,0.269791667,1,1.032586558,brand
8438,3,6,1,0,0.671467764,0.306693989,0.644791667,1,1.032586558,brand
8439,3,6,0,1,1.671467764,-0.693306011,0.144791667,2,1.032586558,brand
8440,3,5,0,1,1.004801097,0.640027322,0.894791667,3,0.032586558,brand
8441,3,1,1,0,-1.328532236,-0.693306011,-0.105208333,1,-3.967413442,brand
8442,3,5,1,1,1.671467764,1.973360656,0.269791667,2,0.032586558,brand
8443,3,1,0,1,1.338134431,2.306693989,2.019791667,2,-3.967413442,brand
8444,3,3,0,1,0.004801097,-1.359972678,-0.480208333,3,-1.967413442,brand
8445,3,6,1,1,1.338134431,-1.693306011,-1.230208333,1,1.032586558,brand
8446,3,6,0,1,-1.661865569,-1.693306011,-0.980208333,1,1.032586558,brand
8447,3,5,1,1,-0.661865569,0.306693989,0.769791667,2,0.032586558,brand
8448,3,4,0,1,1.004801097,1.306693989,0.644791667,1,-0.967413442,brand
8449,3,6,0,0,0.004801097,1.973360656,0.269791667,2,1.032586558,brand
8450,3,7,0,1,0.004801097,1.640027322,-0.605208333,1,2.032586558,brand
8451,3,5,0,1,0.004801097,-1.693306011,0.519791667,2,0.032586558,brand
8452,3,6,0,0,-0.328532236,-0.693306011,-0.980208333,3,1.032586558,brand
8453,3,5,0,0,0.671467764,-0.026639344,0.144791667,2,0.032586558,brand
8454,3,7,1,1,-1.328532236,-0.693306011,0.269791667,1,2.032586558,brand
8455,3,4,0,0,0.338134431,1.973360656,-1.355208333,1,-0.967413442,brand
8456,3,7,1,0,1.338134431,-1.026639344,0.394791667,2,2.032586558,brand
8457,3,6,1,1,0.671467764,-1.026639344,1.394791667,3,1.032586558,brand
8458,3,5,0,1,0.671467764,0.973360656,-0.480208333,3,0.032586558,brand
8459,3,6,0,0,1.671467764,2.306693989,0.894791667,3,1.032586558,brand
8460,3,6,0,1,0.671467764,-0.359972678,1.269791667,3,1.032586558,brand
8461,3,7,0,0,1.671467764,2.306693989,2.144791667,3,2.032586558,brand
8462,3,6,1,1,-1.328532236,-0.026639344,0.269791667,1,1.032586558,brand
8463,3,3,0,0,0.338134431,-0.026639344,1.394791667,1,-1.967413442,brand
8464,3,3,1,0,-0.661865569,0.640027322,0.644791667,3,-1.967413442,brand
8465,3,6,1,1,0.338134431,-1.359972678,0.519791667,2,1.032586558,brand
8466,3,5,0,1,1.004801097,-1.693306011,0.894791667,3,0.032586558,brand
8467,3,3,1,0,0.671467764,0.973360656,0.519791667,2,-1.967413442,brand
8468,3,4,0,0,1.338134431,0.640027322,0.644791667,3,-0.967413442,brand
8469,3,6,0,0,0.338134431,0.306693989,-4.480208333,3,1.032586558,brand
8470,3,2,0,1,0.671467764,1.306693989,0.144791667,3,-2.967413442,brand
8471,3,2,1,1,-0.995198903,-1.026639344,-0.355208333,3,-2.967413442,brand
8472,3,3,0,1,0.004801097,-1.359972678,-0.230208333,2,-1.967413442,brand
8473,3,7,1,1,1.004801097,2.306693989,-1.230208333,3,2.032586558,brand
8474,3,2,0,1,0.338134431,0.640027322,-1.105208333,1,-2.967413442,brand
8475,3,4,0,1,0.671467764,-2.693306011,-0.355208333,1,-0.967413442,brand
8476,3,4,1,0,-0.328532236,0.973360656,-0.480208333,1,-0.967413442,brand
8477,3,3,1,1,-0.995198903,-1.026639344,-0.480208333,2,-1.967413442,brand
8478,3,2,0,0,0.004801097,1.306693989,0.019791667,1,-2.967413442,brand
8479,3,4,0,0,1.671467764,0.973360656,0.519791667,3,-0.967413442,brand
8480,3,7,1,1,1.004801097,0.973360656,-0.730208333,3,2.032586558,brand
8481,3,7,1,1,1.671467764,2.306693989,1.894791667,3,2.032586558,brand
8482,3,1,0,1,1.004801097,1.306693989,1.394791667,1,-3.967413442,brand
8483,3,6,1,1,-0.995198903,0.640027322,-0.105208333,2,1.032586558,brand
8484,3,6,1,1,0.671467764,-0.693306011,-0.230208333,1,1.032586558,brand
8485,3,5,1,0,-0.328532236,1.306693989,-0.230208333,2,0.032586558,brand
8486,3,7,1,1,-0.328532236,-0.359972678,-0.355208333,1,2.032586558,brand
8487,3,4,0,1,0.004801097,0.640027322,0.269791667,2,-0.967413442,brand
8488,3,4,1,0,1.004801097,2.306693989,-0.105208333,2,-0.967413442,brand
8489,3,6,0,1,0.004801097,1.973360656,0.394791667,2,1.032586558,brand
8490,3,6,0,1,0.004801097,0.973360656,0.269791667,1,1.032586558,brand
8491,3,2,0,0,-1.328532236,-2.359972678,1.019791667,2,-2.967413442,brand
8492,3,3,0,1,1.338134431,0.973360656,-0.605208333,3,-1.967413442,brand
8493,3,6,0,1,0.004801097,-0.359972678,-1.355208333,3,1.032586558,brand
8494,3,7,1,1,-0.661865569,-0.026639344,-0.355208333,1,2.032586558,brand
8495,3,6,1,1,1.338134431,1.640027322,-0.230208333,1,1.032586558,brand
8496,3,6,1,1,1.671467764,1.306693989,1.144791667,3,1.032586558,brand
8497,3,5,1,1,1.004801097,1.306693989,1.644791667,3,0.032586558,brand
8498,3,7,1,1,-0.328532236,2.306693989,0.894791667,3,2.032586558,brand
8499,3,7,1,1,0.004801097,-1.359972678,0.019791667,2,2.032586558,brand
